id,.bss,.comment,.data,.dynamic,.dynstr,.dynsym,.eh_frame,.eh_frame_hdr,.fini,.fini_array,.gnu.hash,.gnu.version,.gnu.version_r,.got,.init,.init_array,.input_size,.interp,.nice_value,.note.ABI-tag,.note.gnu.build-id,.plt,.plt.got,.rela.dyn,.rela.plt,.rodata,.shstrtab,.strtab,.symtab,.text,start_time,end_time,total_time
bub,74736,37,624,496,155,240,360,84,9,8,28,20,32,96,23,8,9331,28,1,32,36,80,8,192,96,21,254,603,1752,2358,1525360975081008,1525360975460266,379258
bub,77168,37,624,496,155,240,360,84,9,8,28,20,32,96,23,8,9638,28,1,32,36,80,8,192,96,21,254,603,1752,2358,1525360975475852,1525360975887363,411511
bub,64,37,632,496,162,264,360,84,9,8,28,22,32,104,23,8,4355,28,0,32,36,96,8,192,120,21,254,623,1776,2431,1525360975901349,1525360975997847,96498
bub,51840,37,624,496,155,240,360,84,9,8,28,20,32,96,23,8,6471,28,0,32,36,80,8,192,96,21,254,603,1752,2358,1525360976011739,1525360976196825,185086
bub,72800,37,624,496,155,240,360,84,9,8,28,20,32,96,23,8,9091,28,0,32,36,80,8,192,96,21,254,603,1752,2358,1525360976212378,1525360976577995,365617
bub,56976,37,624,496,155,240,360,84,9,8,28,20,32,96,23,8,7111,28,1,32,36,80,8,192,96,21,254,603,1752,2358,1525360976592291,1525360976817810,225519
bub,64,37,632,496,162,264,360,84,9,8,28,22,32,104,23,8,7519,28,1,32,36,96,8,192,120,21,254,623,1776,2431,1525360976832910,1525360977113490,280580
bub,67952,37,624,496,155,240,360,84,9,8,28,20,32,96,23,8,8484,28,1,32,36,80,8,192,96,21,254,603,1752,2358,1525360977127915,1525360977445921,318006
bub,64,37,632,496,162,264,360,84,9,8,28,22,32,104,23,8,7712,28,1,32,36,96,8,192,120,21,254,623,1776,2431,1525360977460361,1525360977756607,296246
bub,77168,37,624,496,155,240,360,84,9,8,28,20,32,96,23,8,9638,28,0,32,36,80,8,192,96,21,254,603,1752,2358,1525360977769501,1525360978181043,411542
bub,39888,37,624,496,155,240,360,84,9,8,28,20,32,96,23,8,4978,28,0,32,36,80,8,192,96,21,254,603,1752,2358,1525360978195861,1525360978310926,115065
bub,64,37,632,496,162,264,360,84,9,8,28,22,32,104,23,8,2177,28,0,32,36,96,8,192,120,21,254,623,1776,2431,1525360978321251,1525360978347533,26282
bub,45616,37,624,496,155,240,360,84,9,8,28,20,32,96,23,8,5692,28,1,32,36,80,8,192,96,21,254,603,1752,2358,1525360978357699,1525360978508421,150722
bub,64,37,632,496,162,264,360,84,9,8,28,22,32,104,23,8,4452,28,0,32,36,96,8,192,120,21,254,623,1776,2431,1525360978523449,1525360978623819,100370
bub,40848,37,624,496,155,240,360,84,9,8,28,20,32,96,23,8,5095,28,1,32,36,80,8,192,96,21,254,603,1752,2358,1525360978637601,1525360978752287,114686
bub,25216,37,624,496,155,240,360,84,9,8,28,20,32,96,23,8,3143,28,1,32,36,80,8,192,96,21,254,603,1752,2358,1525360978766745,1525360978812127,45382
bub,42400,37,624,496,155,240,360,84,9,8,28,20,32,96,23,8,5292,28,1,32,36,80,8,192,96,21,254,603,1752,2358,1525360978826874,1525360978950477,123603
bub,29440,37,624,496,155,240,360,84,9,8,28,20,32,96,23,8,3672,28,0,32,36,80,8,192,96,21,254,603,1752,2358,1525360978965764,1525360979029248,63484
bub,75840,37,624,496,155,240,360,84,9,8,28,20,32,96,23,8,9472,28,1,32,36,80,8,192,96,21,254,603,1752,2358,1525360979043669,1525360979437920,394251
bub,46880,37,624,496,155,240,360,84,9,8,28,20,32,96,23,8,5850,28,0,32,36,80,8,192,96,21,254,603,1752,2358,1525360979452581,1525360979603749,151168
bub,42864,37,624,496,155,240,360,84,9,8,28,20,32,96,23,8,5349,28,1,32,36,80,8,192,96,21,254,603,1752,2358,1525360979618994,1525360979746303,127309
bub,62912,37,624,496,155,240,360,84,9,8,28,20,32,96,23,8,7856,28,1,32,36,80,8,192,96,21,254,603,1752,2358,1525360979763116,1525360980035312,272196
bub,64224,37,624,496,155,240,360,84,9,8,28,20,32,96,23,8,8018,28,0,32,36,80,8,192,96,21,254,603,1752,2358,1525360980051189,1525360980333778,282589
bub,72784,37,624,496,155,240,360,84,9,8,28,20,32,96,23,8,9089,28,0,32,36,80,8,192,96,21,254,603,1752,2358,1525360980349682,1525360980711805,362123
bub,64,37,632,496,162,264,360,84,9,8,28,22,32,104,23,8,2243,28,0,32,36,96,8,192,120,21,254,623,1776,2431,1525360980726957,1525360980757027,30070
bub,64,37,632,496,162,264,360,84,9,8,28,22,32,104,23,8,5460,28,0,32,36,96,8,192,120,21,254,623,1776,2431,1525360980772196,1525360980917096,144900
bub,62144,37,624,496,155,240,360,84,9,8,28,20,32,96,23,8,7759,28,0,32,36,80,8,192,96,21,254,603,1752,2358,1525360980932205,1525360981197882,265677
bub,64,37,632,496,162,264,360,84,9,8,28,22,32,104,23,8,1636,28,1,32,36,96,8,192,120,21,254,623,1776,2431,1525360981213142,1525360981230945,17803
bub,64,37,632,496,162,264,360,84,9,8,28,22,32,104,23,8,4341,28,1,32,36,96,8,192,120,21,254,623,1776,2431,1525360981246004,1525360981339856,93852
bub,64,37,632,496,162,264,360,84,9,8,28,22,32,104,23,8,2784,28,0,32,36,96,8,192,120,21,254,623,1776,2431,1525360981357054,1525360981396010,38956
bub,17488,37,624,496,155,240,360,84,9,8,28,20,32,96,23,8,2177,28,1,32,36,80,8,192,96,21,254,603,1752,2358,1525360981410374,1525360981435091,24717
bub,64,37,632,496,162,264,360,84,9,8,28,22,32,104,23,8,2554,28,1,32,36,96,8,192,120,21,254,623,1776,2431,1525360981447748,1525360981485262,37514
bub,32048,37,624,496,155,240,360,84,9,8,28,20,32,96,23,8,3997,28,1,32,36,80,8,192,96,21,254,603,1752,2358,1525360981499225,1525360981571962,72737
bub,68688,37,624,496,155,240,360,84,9,8,28,20,32,96,23,8,8578,28,1,32,36,80,8,192,96,21,254,603,1752,2358,1525360981588589,1525360981910267,321678
bub,64,37,632,496,162,264,360,84,9,8,28,22,32,104,23,8,9528,28,0,32,36,96,8,192,120,21,254,623,1776,2431,1525360981925530,1525360982370768,445238
bub,74992,37,624,496,155,240,360,84,9,8,28,20,32,96,23,8,9366,28,0,32,36,80,8,192,96,21,254,603,1752,2358,1525360982384180,1525360982768344,384164
bub,52944,37,624,496,155,240,360,84,9,8,28,20,32,96,23,8,6607,28,0,32,36,80,8,192,96,21,254,603,1752,2358,1525360982784151,1525360982976266,192115
bub,42096,37,624,496,155,240,360,84,9,8,28,20,32,96,23,8,5252,28,1,32,36,80,8,192,96,21,254,603,1752,2358,1525360982991383,1525360983113192,121809
bub,55200,37,624,496,155,240,360,84,9,8,28,20,32,96,23,8,6891,28,0,32,36,80,8,192,96,21,254,603,1752,2358,1525360983129344,1525360983346586,217242
bub,64,37,632,496,162,264,360,84,9,8,28,22,32,104,23,8,7428,28,0,32,36,96,8,192,120,21,254,623,1776,2431,1525360983362363,1525360983633760,271397
bub,14064,37,624,496,155,240,360,84,9,8,28,20,32,96,23,8,1749,28,1,32,36,80,8,192,96,21,254,603,1752,2358,1525360983648714,1525360983667646,18932
bub,64,37,632,496,162,264,360,84,9,8,28,22,32,104,23,8,7733,28,0,32,36,96,8,192,120,21,254,623,1776,2431,1525360983679961,1525360983973228,293267
bub,64,37,632,496,162,264,360,84,9,8,28,22,32,104,23,8,2844,28,0,32,36,96,8,192,120,21,254,623,1776,2431,1525360983989229,1525360984032610,43381
bub,64,37,632,496,162,264,360,84,9,8,28,22,32,104,23,8,7733,28,1,32,36,96,8,192,120,21,254,623,1776,2431,1525360984046106,1525360984339607,293501
bub,67904,37,624,496,155,240,360,84,9,8,28,20,32,96,23,8,8478,28,0,32,36,80,8,192,96,21,254,603,1752,2358,1525360984354411,1525360984670447,316036
bub,75760,37,624,496,155,240,360,84,9,8,28,20,32,96,23,8,9459,28,0,32,36,80,8,192,96,21,254,603,1752,2358,1525360984684904,1525360985077256,392352
bub,64,37,632,496,162,264,360,84,9,8,28,22,32,104,23,8,4355,28,1,32,36,96,8,192,120,21,254,623,1776,2431,1525360985092643,1525360985188635,95992
bub,76304,37,624,496,155,240,360,84,9,8,28,20,32,96,23,8,9528,28,1,32,36,80,8,192,96,21,254,603,1752,2358,1525360985203477,1525360985602644,399167
bub,64160,37,624,496,155,240,360,84,9,8,28,20,32,96,23,8,8009,28,0,32,36,80,8,192,96,21,254,603,1752,2358,1525360985616710,1525360985899291,282581
bub,56640,37,624,496,155,240,360,84,9,8,28,20,32,96,23,8,7069,28,0,32,36,80,8,192,96,21,254,603,1752,2358,1525360985913916,1525360986133730,219814
bub,18528,37,624,496,155,240,360,84,9,8,28,20,32,96,23,8,2307,28,0,32,36,80,8,192,96,21,254,603,1752,2358,1525360986148699,1525360986175947,27248
bub,64,37,632,496,162,264,360,84,9,8,28,22,32,104,23,8,2848,28,0,32,36,96,8,192,120,21,254,623,1776,2431,1525360986188005,1525360986232737,44732
bub,22944,37,624,496,155,240,360,84,9,8,28,20,32,96,23,8,2859,28,0,32,36,80,8,192,96,21,254,603,1752,2358,1525360986248203,1525360986286930,38727
bub,59056,37,624,496,155,240,360,84,9,8,28,20,32,96,23,8,7373,28,1,32,36,80,8,192,96,21,254,603,1752,2358,1525360986301374,1525360986538654,237280
bub,39888,37,624,496,155,240,360,84,9,8,28,20,32,96,23,8,4978,28,1,32,36,80,8,192,96,21,254,603,1752,2358,1525360986552152,1525360986660839,108687
bub,64,37,632,496,162,264,360,84,9,8,28,22,32,104,23,8,5361,28,0,32,36,96,8,192,120,21,254,623,1776,2431,1525360986675624,1525360986817702,142078
bub,64,37,632,496,162,264,360,84,9,8,28,22,32,104,23,8,3220,28,0,32,36,96,8,192,120,21,254,623,1776,2431,1525360986832837,1525360986888079,55242
bub,35872,37,624,496,155,240,360,84,9,8,28,20,32,96,23,8,4475,28,1,32,36,80,8,192,96,21,254,603,1752,2358,1525360986903463,1525360986993881,90418
bub,64,37,632,496,162,264,360,84,9,8,28,22,32,104,23,8,9091,28,1,32,36,96,8,192,120,21,254,623,1776,2431,1525360987011015,1525360987417376,406361
bub,64,37,632,496,162,264,360,84,9,8,28,22,32,104,23,8,5695,28,1,32,36,96,8,192,120,21,254,623,1776,2431,1525360987439295,1525360987598149,158854
bub,27216,37,624,496,155,240,360,84,9,8,28,20,32,96,23,8,3393,28,1,32,36,80,8,192,96,21,254,603,1752,2358,1525360987611764,1525360987663719,51955
bub,52928,37,624,496,155,240,360,84,9,8,28,20,32,96,23,8,6607,28,1,32,36,80,8,192,96,21,254,603,1752,2358,1525360987679580,1525360987871423,191843
bub,27280,37,624,496,155,240,360,84,9,8,28,20,32,96,23,8,3401,28,0,32,36,80,8,192,96,21,254,603,1752,2358,1525360987885195,1525360987938488,53293
bub,35872,37,624,496,155,240,360,84,9,8,28,20,32,96,23,8,4475,28,0,32,36,80,8,192,96,21,254,603,1752,2358,1525360987952462,1525360988041302,88840
bub,64,37,632,496,162,264,360,84,9,8,28,22,32,104,23,8,4100,28,1,32,36,96,8,192,120,21,254,623,1776,2431,1525360988055561,1525360988140906,85345
bub,64,37,632,496,162,264,360,84,9,8,28,22,32,104,23,8,7541,28,0,32,36,96,8,192,120,21,254,623,1776,2431,1525360988155793,1525360988436274,280481
bub,62160,37,624,496,155,240,360,84,9,8,28,20,32,96,23,8,7759,28,1,32,36,80,8,192,96,21,254,603,1752,2358,1525360988450321,1525360988716858,266537
bub,19168,37,624,496,155,240,360,84,9,8,28,20,32,96,23,8,2385,28,1,32,36,80,8,192,96,21,254,603,1752,2358,1525360988731617,1525360988761579,29962
bub,46864,37,624,496,155,240,360,84,9,8,28,20,32,96,23,8,5850,28,1,32,36,80,8,192,96,21,254,603,1752,2358,1525360988775489,1525360988926083,150594
bub,24512,37,624,496,155,240,360,84,9,8,28,20,32,96,23,8,3056,28,1,32,36,80,8,192,96,21,254,603,1752,2358,1525360988940456,1525360988985436,44980
bub,74224,37,624,496,155,240,360,84,9,8,28,20,32,96,23,8,9268,28,0,32,36,80,8,192,96,21,254,603,1752,2358,1525360989001327,1525360989378252,376925
bub,65632,37,624,496,155,240,360,84,9,8,28,20,32,96,23,8,8196,28,1,32,36,80,8,192,96,21,254,603,1752,2358,1525360989392581,1525360989687437,294856
bub,64,37,632,496,162,264,360,84,9,8,28,22,32,104,23,8,3143,28,0,32,36,96,8,192,120,21,254,623,1776,2431,1525360989701302,1525360989752200,50898
bub,64,37,632,496,162,264,360,84,9,8,28,22,32,104,23,8,8478,28,1,32,36,96,8,192,120,21,254,623,1776,2431,1525360989767910,1525360990121617,353707
bub,64,37,632,496,162,264,360,84,9,8,28,22,32,104,23,8,5191,28,0,32,36,96,8,192,120,21,254,623,1776,2431,1525360990136842,1525360990271275,134433
bub,64,37,632,496,162,264,360,84,9,8,28,22,32,104,23,8,3358,28,0,32,36,96,8,192,120,21,254,623,1776,2431,1525360990289210,1525360990344720,55510
bub,31664,37,624,496,155,240,360,84,9,8,28,20,32,96,23,8,3947,28,1,32,36,80,8,192,96,21,254,603,1752,2358,1525360990359226,1525360990428448,69222
bub,34816,37,624,496,155,240,360,84,9,8,28,20,32,96,23,8,4341,28,0,32,36,80,8,192,96,21,254,603,1752,2358,1525360990444123,1525360990528457,84334
bub,64,37,632,496,162,264,360,84,9,8,28,22,32,104,23,8,2307,28,1,32,36,96,8,192,120,21,254,623,1776,2431,1525360990544449,1525360990575456,31007
bub,62176,37,624,496,155,240,360,84,9,8,28,20,32,96,23,8,7761,28,1,32,36,80,8,192,96,21,254,603,1752,2358,1525360990590471,1525360990855073,264602
bub,64,37,632,496,162,264,360,84,9,8,28,22,32,104,23,8,5292,28,0,32,36,96,8,192,120,21,254,623,1776,2431,1525360990869685,1525360991006949,137264
bub,64,37,632,496,162,264,360,84,9,8,28,22,32,104,23,8,4552,28,0,32,36,96,8,192,120,21,254,623,1776,2431,1525360991022746,1525360991127386,104640
bub,65648,37,624,496,155,240,360,84,9,8,28,20,32,96,23,8,8196,28,0,32,36,80,8,192,96,21,254,603,1752,2358,1525360991141795,1525360991436626,294831
bub,64,37,632,496,162,264,360,84,9,8,28,22,32,104,23,8,1433,28,1,32,36,96,8,192,120,21,254,623,1776,2431,1525360991451648,1525360991466484,14836
bub,64,37,632,496,162,264,360,84,9,8,28,22,32,104,23,8,7551,28,0,32,36,96,8,192,120,21,254,623,1776,2431,1525360991478099,1525360991758919,280820
bub,75760,37,624,496,155,240,360,84,9,8,28,20,32,96,23,8,9459,28,1,32,36,80,8,192,96,21,254,603,1752,2358,1525360991775974,1525360992165792,389818
bub,31664,37,624,496,155,240,360,84,9,8,28,20,32,96,23,8,3947,28,0,32,36,80,8,192,96,21,254,603,1752,2358,1525360992180132,1525360992251072,70940
bub,20512,37,624,496,155,240,360,84,9,8,28,20,32,96,23,8,2554,28,0,32,36,80,8,192,96,21,254,603,1752,2358,1525360992264983,1525360992298054,33071
bub,55200,37,624,496,155,240,360,84,9,8,28,20,32,96,23,8,6891,28,1,32,36,80,8,192,96,21,254,603,1752,2358,1525360992310981,1525360992519545,208564
bub,64,37,632,496,162,264,360,84,9,8,28,22,32,104,23,8,8484,28,0,32,36,96,8,192,120,21,254,623,1776,2431,1525360992534867,1525360992892633,357766
bub,13168,37,624,496,155,240,360,84,9,8,28,20,32,96,23,8,1636,28,0,32,36,80,8,192,96,21,254,603,1752,2358,1525360992907996,1525360992924317,16321
bub,64,37,632,496,162,264,360,84,9,8,28,22,32,104,23,8,8018,28,1,32,36,96,8,192,120,21,254,623,1776,2431,1525360992938197,1525360993252719,314522
bub,64,37,632,496,162,264,360,84,9,8,28,22,32,104,23,8,8030,28,1,32,36,96,8,192,120,21,254,623,1776,2431,1525360993268852,1525360993591361,322509
bub,44736,37,624,496,155,240,360,84,9,8,28,20,32,96,23,8,5584,28,0,32,36,80,8,192,96,21,254,603,1752,2358,1525360993606555,1525360993744305,137750
bub,42960,37,624,496,155,240,360,84,9,8,28,20,32,96,23,8,5361,28,1,32,36,80,8,192,96,21,254,603,1752,2358,1525360993760041,1525360993887942,127901
bub,29456,37,624,496,155,240,360,84,9,8,28,20,32,96,23,8,3672,28,1,32,36,80,8,192,96,21,254,603,1752,2358,1525360993902643,1525360993964451,61808
bub,42880,37,624,496,155,240,360,84,9,8,28,20,32,96,23,8,5349,28,0,32,36,80,8,192,96,21,254,603,1752,2358,1525360993979110,1525360994106472,127362
bub,64,37,632,496,162,264,360,84,9,8,28,22,32,104,23,8,7761,28,0,32,36,96,8,192,120,21,254,623,1776,2431,1525360994121547,1525360994417777,296230
bub,64,37,632,496,162,264,360,84,9,8,28,22,32,104,23,8,3393,28,0,32,36,96,8,192,120,21,254,623,1776,2431,1525360994431079,1525360994491931,60852
bub,58304,37,624,496,155,240,360,84,9,8,28,20,32,96,23,8,7277,28,1,32,36,80,8,192,96,21,254,603,1752,2358,1525360994506462,1525360994739050,232588
bub,64,37,632,496,162,264,360,84,9,8,28,22,32,104,23,8,7277,28,0,32,36,96,8,192,120,21,254,623,1776,2431,1525360994754582,1525360995015112,260530
bub,64,37,632,496,162,264,360,84,9,8,28,22,32,104,23,8,5584,28,1,32,36,96,8,192,120,21,254,623,1776,2431,1525360995029013,1525360995180157,151144
bub,24512,37,624,496,155,240,360,84,9,8,28,20,32,96,23,8,3056,28,0,32,36,80,8,192,96,21,254,603,1752,2358,1525360995193653,1525360995236775,43122
bub,60224,37,624,496,155,240,360,84,9,8,28,20,32,96,23,8,7519,28,0,32,36,80,8,192,96,21,254,603,1752,2358,1525360995252217,1525360995501379,249162
bub,32864,37,624,496,155,240,360,84,9,8,28,20,32,96,23,8,4100,28,0,32,36,80,8,192,96,21,254,603,1752,2358,1525360995517298,1525360995593131,75833
bub,25824,37,624,496,155,240,360,84,9,8,28,20,32,96,23,8,3220,28,1,32,36,80,8,192,96,21,254,603,1752,2358,1525360995608465,1525360995657563,49098
bub,64,37,632,496,162,264,360,84,9,8,28,22,32,104,23,8,3253,28,0,32,36,96,8,192,120,21,254,623,1776,2431,1525360995672267,1525360995727578,55311
bub,10288,37,624,496,155,240,360,84,9,8,28,20,32,96,23,8,1277,28,1,32,36,80,8,192,96,21,254,603,1752,2358,1525360995741329,1525360995751157,9828
bub,64,37,632,496,162,264,360,84,9,8,28,22,32,104,23,8,7551,28,1,32,36,96,8,192,120,21,254,623,1776,2431,1525360995764802,1525360996045082,280280
bub,19168,37,624,496,155,240,360,84,9,8,28,20,32,96,23,8,2385,28,0,32,36,80,8,192,96,21,254,603,1752,2358,1525360996060017,1525360996089901,29884
bub,74992,37,624,496,155,240,360,84,9,8,28,20,32,96,23,8,9366,28,1,32,36,80,8,192,96,21,254,603,1752,2358,1525360996103363,1525360996489297,385934
bub,11536,37,624,496,155,240,360,84,9,8,28,20,32,96,23,8,1433,28,0,32,36,80,8,192,96,21,254,603,1752,2358,1525360996504738,1525360996517869,13131
bub,64,37,632,496,162,264,360,84,9,8,28,22,32,104,23,8,1813,28,1,32,36,96,8,192,120,21,254,623,1776,2431,1525360996531121,1525360996552056,20935
bub,64144,37,624,496,155,240,360,84,9,8,28,20,32,96,23,8,8009,28,1,32,36,80,8,192,96,21,254,603,1752,2358,1525360996566063,1525360996846728,280665
bub,27280,37,624,496,155,240,360,84,9,8,28,20,32,96,23,8,3401,28,1,32,36,80,8,192,96,21,254,603,1752,2358,1525360996861823,1525360996915979,54156
bub,26928,37,624,496,155,240,360,84,9,8,28,20,32,96,23,8,3358,28,1,32,36,80,8,192,96,21,254,603,1752,2358,1525360996931112,1525360996984818,53706
bub,64,37,632,496,162,264,360,84,9,8,28,22,32,104,23,8,5695,28,0,32,36,96,8,192,120,21,254,623,1776,2431,1525360996999620,1525360997158850,159230
bub,40832,37,624,496,155,240,360,84,9,8,28,20,32,96,23,8,5095,28,0,32,36,80,8,192,96,21,254,603,1752,2358,1525360997176649,1525360997288991,112342
bub,58672,37,624,496,155,240,360,84,9,8,28,20,32,96,23,8,7323,28,1,32,36,80,8,192,96,21,254,603,1752,2358,1525360997305127,1525360997541298,236171
bub,75840,37,624,496,155,240,360,84,9,8,28,20,32,96,23,8,9472,28,0,32,36,80,8,192,96,21,254,603,1752,2358,1525360997556909,1525360997949937,393028
bub,56976,37,624,496,155,240,360,84,9,8,28,20,32,96,23,8,7111,28,0,32,36,80,8,192,96,21,254,603,1752,2358,1525360997964746,1525360998187427,222681
bub,51360,37,624,496,155,240,360,84,9,8,28,20,32,96,23,8,6411,28,1,32,36,80,8,192,96,21,254,603,1752,2358,1525360998202780,1525360998384556,181776
bub,64,37,632,496,162,264,360,84,9,8,28,22,32,104,23,8,1645,28,0,32,36,96,8,192,120,21,254,623,1776,2431,1525360998398848,1525360998414770,15922
bub,64,37,632,496,162,264,360,84,9,8,28,22,32,104,23,8,3997,28,0,32,36,96,8,192,120,21,254,623,1776,2431,1525360998428842,1525360998508725,79883
bub,11984,37,624,496,155,240,360,84,9,8,28,20,32,96,23,8,1490,28,1,32,36,80,8,192,96,21,254,603,1752,2358,1525360998524445,1525360998537808,13363
bub,64,37,632,496,162,264,360,84,9,8,28,22,32,104,23,8,8030,28,0,32,36,96,8,192,120,21,254,623,1776,2431,1525360998552965,1525360998869525,316560
bub,22848,37,624,496,155,240,360,84,9,8,28,20,32,96,23,8,2848,28,1,32,36,80,8,192,96,21,254,603,1752,2358,1525360998885141,1525360998924021,38880
bub,14592,37,624,496,155,240,360,84,9,8,28,20,32,96,23,8,1813,28,0,32,36,80,8,192,96,21,254,603,1752,2358,1525360998937342,1525360998956054,18712
bub,51360,37,624,496,155,240,360,84,9,8,28,20,32,96,23,8,6411,28,0,32,36,80,8,192,96,21,254,603,1752,2358,1525360998969334,1525360999149027,179693
bub,64,37,632,496,162,264,360,84,9,8,28,22,32,104,23,8,7069,28,1,32,36,96,8,192,120,21,254,623,1776,2431,1525360999163250,1525360999410317,247067
bub,64,37,632,496,162,264,360,84,9,8,28,22,32,104,23,8,2859,28,1,32,36,96,8,192,120,21,254,623,1776,2431,1525360999424122,1525360999467776,43654
bub,26096,37,624,496,155,240,360,84,9,8,28,20,32,96,23,8,3253,28,1,32,36,80,8,192,96,21,254,603,1752,2358,1525360999482025,1525360999531686,49661
bub,64,37,632,496,162,264,360,84,9,8,28,22,32,104,23,8,5460,28,1,32,36,96,8,192,120,21,254,623,1776,2431,1525360999545028,1525360999691301,146273
bub,18528,37,624,496,155,240,360,84,9,8,28,20,32,96,23,8,2306,28,0,32,36,80,8,192,96,21,254,603,1752,2358,1525360999707406,1525360999735981,28575
bub,62928,37,624,496,155,240,360,84,9,8,28,20,32,96,23,8,7856,28,0,32,36,80,8,192,96,21,254,603,1752,2358,1525360999749648,1525361000021382,271734
bub,59056,37,624,496,155,240,360,84,9,8,28,20,32,96,23,8,7373,28,0,32,36,80,8,192,96,21,254,603,1752,2358,1525361000035978,1525361000273785,237807
bub,13248,37,624,496,155,240,360,84,9,8,28,20,32,96,23,8,1645,28,1,32,36,80,8,192,96,21,254,603,1752,2358,1525361000288188,1525361000302140,13952
bub,74720,37,624,496,155,240,360,84,9,8,28,20,32,96,23,8,9331,28,0,32,36,80,8,192,96,21,254,603,1752,2358,1525361000317710,1525361000699341,381631
bub,64,37,632,496,162,264,360,84,9,8,28,22,32,104,23,8,7541,28,1,32,36,96,8,192,120,21,254,623,1776,2431,1525361000714424,1525361000995375,280951
bub,64,37,632,496,162,264,360,84,9,8,28,22,32,104,23,8,7323,28,0,32,36,96,8,192,120,21,254,623,1776,2431,1525361001008792,1525361001271636,262844
bub,64,37,632,496,162,264,360,84,9,8,28,22,32,104,23,8,7428,28,1,32,36,96,8,192,120,21,254,623,1776,2431,1525361001286639,1525361001557060,270421
bub,35216,37,624,496,155,240,360,84,9,8,28,20,32,96,23,8,4394,28,0,32,36,80,8,192,96,21,254,603,1752,2358,1525361001572008,1525361001658905,86897
bub,61760,37,624,496,155,240,360,84,9,8,28,20,32,96,23,8,7712,28,0,32,36,80,8,192,96,21,254,603,1752,2358,1525361001673477,1525361001935671,262194
bub,10304,37,624,496,155,240,360,84,9,8,28,20,32,96,23,8,1277,28,0,32,36,80,8,192,96,21,254,603,1752,2358,1525361001950271,1525361001961850,11579
bub,18032,37,624,496,155,240,360,84,9,8,28,20,32,96,23,8,2243,28,1,32,36,80,8,192,96,21,254,603,1752,2358,1525361001974415,1525361002001165,26750
bub,22336,37,624,496,155,240,360,84,9,8,28,20,32,96,23,8,2784,28,1,32,36,80,8,192,96,21,254,603,1752,2358,1525361002014845,1525361002051820,36975
bub,64,37,632,496,162,264,360,84,9,8,28,22,32,104,23,8,2844,28,1,32,36,96,8,192,120,21,254,623,1776,2431,1525361002066982,1525361002109705,42723
bub,74208,37,624,496,155,240,360,84,9,8,28,20,32,96,23,8,9268,28,1,32,36,80,8,192,96,21,254,603,1752,2358,1525361002123708,1525361002500242,376534
bub,35232,37,624,496,155,240,360,84,9,8,28,20,32,96,23,8,4394,28,1,32,36,80,8,192,96,21,254,603,1752,2358,1525361002513360,1525361002599161,85801
bub,68688,37,624,496,155,240,360,84,9,8,28,20,32,96,23,8,8578,28,0,32,36,80,8,192,96,21,254,603,1752,2358,1525361002612698,1525361002936358,323660
bub,45600,37,624,496,155,240,360,84,9,8,28,20,32,96,23,8,5692,28,0,32,36,80,8,192,96,21,254,603,1752,2358,1525361002948495,1525361003092033,143538
bub,64,37,632,496,162,264,360,84,9,8,28,22,32,104,23,8,5191,28,1,32,36,96,8,192,120,21,254,623,1776,2431,1525361003107654,1525361003241090,133436
bub,12000,37,624,496,155,240,360,84,9,8,28,20,32,96,23,8,1490,28,0,32,36,80,8,192,96,21,254,603,1752,2358,1525361003256232,1525361003270267,14035
bub,64,37,632,496,162,264,360,84,9,8,28,22,32,104,23,8,6471,28,1,32,36,96,8,192,120,21,254,623,1776,2431,1525361003283557,1525361003488193,204636
bub,72800,37,624,496,155,240,360,84,9,8,28,20,32,96,23,8,9089,28,1,32,36,80,8,192,96,21,254,603,1752,2358,1525361003503988,1525361003873712,369724
bub,42080,37,624,496,155,240,360,84,9,8,28,20,32,96,23,8,5252,28,0,32,36,80,8,192,96,21,254,603,1752,2358,1525361003888216,1525361004010465,122249
bub,36496,37,624,496,155,240,360,84,9,8,28,20,32,96,23,8,4552,28,1,32,36,80,8,192,96,21,254,603,1752,2358,1525361004025946,1525361004116542,90596
bub,64,37,632,496,162,264,360,84,9,8,28,22,32,104,23,8,4452,28,1,32,36,96,8,192,120,21,254,623,1776,2431,1525361004131826,1525361004228710,96884
bub,64,37,632,496,162,264,360,84,9,8,28,22,32,104,23,8,2306,28,1,32,36,96,8,192,120,21,254,623,1776,2431,1525361004243466,1525361004274461,30995
bub,64,37,632,496,162,264,360,84,9,8,28,22,32,104,23,8,1749,28,0,32,36,96,8,192,120,21,254,623,1776,2431,1525361004287827,1525361004307297,19470
fac,160080,37,616,496,150,216,392,92,9,8,28,18,32,88,23,8,3161,28,0,32,36,64,8,192,72,21,254,598,1752,2423,1525361004320549,1525361004538042,217493
fac,160080,37,616,496,150,216,392,92,9,8,28,18,32,88,23,8,1790,28,1,32,36,64,8,192,72,21,254,598,1752,2423,1525361004552365,1525361004620234,67869
fac,160064,37,616,496,150,216,392,92,9,8,28,18,32,88,23,8,3386,28,1,32,36,64,8,192,72,21,254,598,1752,2423,1525361004634039,1525361004885633,251594
fac,160064,37,616,496,150,216,392,92,9,8,28,18,32,88,23,8,1518,28,1,32,36,64,8,192,72,21,254,598,1752,2423,1525361004899621,1525361004950251,50630
fac,160080,37,616,496,150,216,392,92,9,8,28,18,32,88,23,8,3278,28,1,32,36,64,8,192,72,21,254,598,1752,2423,1525361004965120,1525361005200098,234978
fac,160080,37,616,496,150,216,392,92,9,8,28,18,32,88,23,8,2781,28,0,32,36,64,8,192,72,21,254,598,1752,2423,1525361005214263,1525361005382249,167986
fac,64,37,624,496,157,240,392,92,9,8,28,20,32,96,23,8,1472,28,0,32,36,80,8,192,96,21,254,618,1776,2528,1525361005398207,1525361005443990,45783
fac,160080,37,616,496,150,216,392,92,9,8,28,18,32,88,23,8,1606,28,1,32,36,64,8,192,72,21,254,598,1752,2423,1525361005458404,1525361005513383,54979
fac,160064,37,616,496,150,216,392,92,9,8,28,18,32,88,23,8,2755,28,0,32,36,64,8,192,72,21,254,598,1752,2423,1525361005526999,1525361005689931,162932
fac,160064,37,616,496,150,216,392,92,9,8,28,18,32,88,23,8,1628,28,0,32,36,64,8,192,72,21,254,598,1752,2423,1525361005703798,1525361005761141,57343
fac,160080,37,616,496,150,216,392,92,9,8,28,18,32,88,23,8,3470,28,1,32,36,64,8,192,72,21,254,598,1752,2423,1525361005776001,1525361006043083,267082
fac,160064,37,616,496,150,216,392,92,9,8,28,18,32,88,23,8,3800,28,1,32,36,64,8,192,72,21,254,598,1752,2423,1525361006057834,1525361006380644,322810
fac,64,37,624,496,157,240,392,92,9,8,28,20,32,96,23,8,1930,28,1,32,36,80,8,192,96,21,254,618,1776,2528,1525361006395073,1525361006471977,76904
fac,160064,37,616,496,150,216,392,92,9,8,28,18,32,88,23,8,601,28,1,32,36,64,8,192,72,21,254,598,1752,2423,1525361006488862,1525361006497457,8595
fac,160080,37,616,496,150,216,392,92,9,8,28,18,32,88,23,8,598,28,0,32,36,64,8,192,72,21,254,598,1752,2423,1525361006511243,1525361006521609,10366
fac,160064,37,616,496,150,216,392,92,9,8,28,18,32,88,23,8,1587,28,0,32,36,64,8,192,72,21,254,598,1752,2423,1525361006535434,1525361006589182,53748
fac,160064,37,616,496,150,216,392,92,9,8,28,18,32,88,23,8,3925,28,1,32,36,64,8,192,72,21,254,598,1752,2423,1525361006602687,1525361006946780,344093
fac,160080,37,616,496,150,216,392,92,9,8,28,18,32,88,23,8,3672,28,1,32,36,64,8,192,72,21,254,598,1752,2423,1525361006961680,1525361007262907,301227
fac,64,37,624,496,157,240,392,92,9,8,28,20,32,96,23,8,3800,28,0,32,36,80,8,192,96,21,254,618,1776,2528,1525361007277547,1525361007599011,321464
fac,160080,37,616,496,150,216,392,92,9,8,28,18,32,88,23,8,3642,28,1,32,36,64,8,192,72,21,254,598,1752,2423,1525361007613189,1525361007907933,294744
fac,160080,37,616,496,150,216,392,92,9,8,28,18,32,88,23,8,2889,28,1,32,36,64,8,192,72,21,254,598,1752,2423,1525361007923271,1525361008105202,181931
fac,160080,37,616,496,150,216,392,92,9,8,28,18,32,88,23,8,1381,28,1,32,36,64,8,192,72,21,254,598,1752,2423,1525361008120978,1525361008161791,40813
fac,64,37,624,496,157,240,392,92,9,8,28,20,32,96,23,8,3262,28,1,32,36,80,8,192,96,21,254,618,1776,2528,1525361008177354,1525361008408930,231576
fac,64,37,624,496,157,240,392,92,9,8,28,20,32,96,23,8,2582,28,1,32,36,80,8,192,96,21,254,618,1776,2528,1525361008422940,1525361008566757,143817
fac,160080,37,616,496,150,216,392,92,9,8,28,18,32,88,23,8,4801,28,1,32,36,64,8,192,72,21,254,598,1752,2423,1525361008581182,1525361009110004,528822
fac,64,37,624,496,157,240,392,92,9,8,28,20,32,96,23,8,1461,28,0,32,36,80,8,192,96,21,254,618,1776,2528,1525361009125965,1525361009172798,46833
fac,64,37,624,496,157,240,392,92,9,8,28,20,32,96,23,8,2925,28,1,32,36,80,8,192,96,21,254,618,1776,2528,1525361009187761,1525361009373719,185958
fac,160064,37,616,496,150,216,392,92,9,8,28,18,32,88,23,8,4685,28,0,32,36,64,8,192,72,21,254,598,1752,2423,1525361009388039,1525361009890873,502834
fac,160080,37,616,496,150,216,392,92,9,8,28,18,32,88,23,8,2023,28,0,32,36,64,8,192,72,21,254,598,1752,2423,1525361009906909,1525361009993999,87090
fac,160064,37,616,496,150,216,392,92,9,8,28,18,32,88,23,8,1957,28,0,32,36,64,8,192,72,21,254,598,1752,2423,1525361010009773,1525361010092858,83085
fac,64,37,624,496,157,240,392,92,9,8,28,20,32,96,23,8,3278,28,0,32,36,80,8,192,96,21,254,618,1776,2528,1525361010108335,1525361010344343,236008
fac,160064,37,616,496,150,216,392,92,9,8,28,18,32,88,23,8,4141,28,0,32,36,64,8,192,72,21,254,598,1752,2423,1525361010359307,1525361010746649,387342
fac,160080,37,616,496,150,216,392,92,9,8,28,18,32,88,23,8,939,28,0,32,36,64,8,192,72,21,254,598,1752,2423,1525361010760480,1525361010782022,21542
fac,64,37,624,496,157,240,392,92,9,8,28,20,32,96,23,8,4576,28,0,32,36,80,8,192,96,21,254,618,1776,2528,1525361010795825,1525361011274552,478727
fac,160064,37,616,496,150,216,392,92,9,8,28,18,32,88,23,8,2652,28,1,32,36,64,8,192,72,21,254,598,1752,2423,1525361011289043,1525361011439419,150376
fac,64,37,624,496,157,240,392,92,9,8,28,20,32,96,23,8,1018,28,0,32,36,80,8,192,96,21,254,618,1776,2528,1525361011453856,1525361011477727,23871
fac,160064,37,616,496,150,216,392,92,9,8,28,18,32,88,23,8,606,28,0,32,36,64,8,192,72,21,254,598,1752,2423,1525361011491018,1525361011499559,8541
fac,64,37,624,496,157,240,392,92,9,8,28,20,32,96,23,8,3201,28,1,32,36,80,8,192,96,21,254,618,1776,2528,1525361011513889,1525361011737867,223978
fac,160080,37,616,496,150,216,392,92,9,8,28,18,32,88,23,8,3240,28,0,32,36,64,8,192,72,21,254,598,1752,2423,1525361011753850,1525361011984481,230631
fac,160064,37,616,496,150,216,392,92,9,8,28,18,32,88,23,8,1133,28,1,32,36,64,8,192,72,21,254,598,1752,2423,1525361011999153,1525361012028470,29317
fac,160064,37,616,496,150,216,392,92,9,8,28,18,32,88,23,8,2639,28,1,32,36,64,8,192,72,21,254,598,1752,2423,1525361012042604,1525361012192293,149689
fac,160064,37,616,496,150,216,392,92,9,8,28,18,32,88,23,8,3702,28,0,32,36,64,8,192,72,21,254,598,1752,2423,1525361012208084,1525361012512688,304604
fac,64,37,624,496,157,240,392,92,9,8,28,20,32,96,23,8,1763,28,0,32,36,80,8,192,96,21,254,618,1776,2528,1525361012527737,1525361012594659,66922
fac,64,37,624,496,157,240,392,92,9,8,28,20,32,96,23,8,3628,28,0,32,36,80,8,192,96,21,254,618,1776,2528,1525361012610108,1525361012901418,291310
fac,160080,37,616,496,150,216,392,92,9,8,28,18,32,88,23,8,2755,28,1,32,36,64,8,192,72,21,254,598,1752,2423,1525361012916028,1525361013079480,163452
fac,64,37,624,496,157,240,392,92,9,8,28,20,32,96,23,8,3835,28,0,32,36,80,8,192,96,21,254,618,1776,2528,1525361013095412,1525361013424730,329318
fac,160080,37,616,496,150,216,392,92,9,8,28,18,32,88,23,8,4930,28,1,32,36,64,8,192,72,21,254,598,1752,2423,1525361013439641,1525361014000277,560636
fac,160080,37,616,496,150,216,392,92,9,8,28,18,32,88,23,8,1999,28,0,32,36,64,8,192,72,21,254,598,1752,2423,1525361014014062,1525361014098982,84920
fac,64,37,624,496,157,240,392,92,9,8,28,20,32,96,23,8,2361,28,1,32,36,80,8,192,96,21,254,618,1776,2528,1525361014113288,1525361014232141,118853
fac,160064,37,616,496,150,216,392,92,9,8,28,18,32,88,23,8,3169,28,0,32,36,64,8,192,72,21,254,598,1752,2423,1525361014247328,1525361014467825,220497
fac,64,37,624,496,157,240,392,92,9,8,28,20,32,96,23,8,945,28,1,32,36,80,8,192,96,21,254,618,1776,2528,1525361014481711,1525361014501656,19945
fac,64,37,624,496,157,240,392,92,9,8,28,20,32,96,23,8,3130,28,1,32,36,80,8,192,96,21,254,618,1776,2528,1525361014514663,1525361014732494,217831
fac,160080,37,616,496,150,216,392,92,9,8,28,18,32,88,23,8,3579,28,0,32,36,64,8,192,72,21,254,598,1752,2423,1525361014747062,1525361015030044,282982
fac,64,37,624,496,157,240,392,92,9,8,28,20,32,96,23,8,2673,28,1,32,36,80,8,192,96,21,254,618,1776,2528,1525361015043058,1525361015196081,153023
fac,160080,37,616,496,150,216,392,92,9,8,28,18,32,88,23,8,3474,28,0,32,36,64,8,192,72,21,254,598,1752,2423,1525361015211858,1525361015478773,266915
fac,64,37,624,496,157,240,392,92,9,8,28,20,32,96,23,8,3221,28,1,32,36,80,8,192,96,21,254,618,1776,2528,1525361015494747,1525361015722393,227646
fac,160080,37,616,496,150,216,392,92,9,8,28,18,32,88,23,8,3594,28,1,32,36,64,8,192,72,21,254,598,1752,2423,1525361015736799,1525361016023379,286580
fac,160064,37,616,496,150,216,392,92,9,8,28,18,32,88,23,8,4703,28,1,32,36,64,8,192,72,21,254,598,1752,2423,1525361016037745,1525361016543976,506231
fac,160080,37,616,496,150,216,392,92,9,8,28,18,32,88,23,8,3681,28,0,32,36,64,8,192,72,21,254,598,1752,2423,1525361016558918,1525361016860782,301864
fac,64,37,624,496,157,240,392,92,9,8,28,20,32,96,23,8,2442,28,0,32,36,80,8,192,96,21,254,618,1776,2528,1525361016874633,1525361017003207,128574
fac,64,37,624,496,157,240,392,92,9,8,28,20,32,96,23,8,4512,28,1,32,36,80,8,192,96,21,254,618,1776,2528,1525361017017634,1525361017481011,463377
fac,160064,37,616,496,150,216,392,92,9,8,28,18,32,88,23,8,1965,28,0,32,36,64,8,192,72,21,254,598,1752,2423,1525361017496365,1525361017579002,82637
fac,160080,37,616,496,150,216,392,92,9,8,28,18,32,88,23,8,3628,28,1,32,36,64,8,192,72,21,254,598,1752,2423,1525361017596212,1525361017884992,288780
fac,160064,37,616,496,150,216,392,92,9,8,28,18,32,88,23,8,3264,28,1,32,36,64,8,192,72,21,254,598,1752,2423,1525361017900264,1525361018134153,233889
fac,160080,37,616,496,150,216,392,92,9,8,28,18,32,88,23,8,1199,28,1,32,36,64,8,192,72,21,254,598,1752,2423,1525361018149155,1525361018183098,33943
fac,160080,37,616,496,150,216,392,92,9,8,28,18,32,88,23,8,1999,28,1,32,36,64,8,192,72,21,254,598,1752,2423,1525361018197011,1525361018282922,85911
fac,64,37,624,496,157,240,392,92,9,8,28,20,32,96,23,8,3142,28,1,32,36,80,8,192,96,21,254,618,1776,2528,1525361018295707,1525361018511127,215420
fac,160080,37,616,496,150,216,392,92,9,8,28,18,32,88,23,8,2644,28,0,32,36,64,8,192,72,21,254,598,1752,2423,1525361018526487,1525361018675479,148992
fac,160080,37,616,496,150,216,392,92,9,8,28,18,32,88,23,8,4100,28,1,32,36,64,8,192,72,21,254,598,1752,2423,1525361018690507,1525361019068787,378280
fac,160080,37,616,496,150,216,392,92,9,8,28,18,32,88,23,8,598,28,1,32,36,64,8,192,72,21,254,598,1752,2423,1525361019083624,1525361019092566,8942
fac,64,37,624,496,157,240,392,92,9,8,28,20,32,96,23,8,2651,28,0,32,36,80,8,192,96,21,254,618,1776,2528,1525361019106334,1525361019256562,150228
fac,160080,37,616,496,150,216,392,92,9,8,28,18,32,88,23,8,3188,28,19,32,36,64,8,192,72,21,254,598,1752,2423,1525361019270614,1525361019493186,222572
fac,160080,37,616,496,150,216,392,92,9,8,28,18,32,88,23,8,1199,28,0,32,36,64,8,192,72,21,254,598,1752,2423,1525361019507360,1525361019538339,30979
fac,64,37,624,496,157,240,392,92,9,8,28,20,32,96,23,8,1242,28,0,32,36,80,8,192,96,21,254,618,1776,2528,1525361019552169,1525361019587204,35035
fac,64,37,624,496,157,240,392,92,9,8,28,20,32,96,23,8,4528,28,1,32,36,80,8,192,96,21,254,618,1776,2528,1525361019601883,1525361020068949,467066
fac,64,37,624,496,157,240,392,92,9,8,28,20,32,96,23,8,3201,28,0,32,36,80,8,192,96,21,254,618,1776,2528,1525361020084683,1525361020309250,224567
fac,160080,37,616,496,150,216,392,92,9,8,28,18,32,88,23,8,3299,28,1,32,36,64,8,192,72,21,254,598,1752,2423,1525361020325363,1525361020565289,239926
fac,160080,37,616,496,150,216,392,92,9,8,28,18,32,88,23,8,1630,28,1,32,36,64,8,192,72,21,254,598,1752,2423,1525361020579292,1525361020636531,57239
fac,160064,37,616,496,150,216,392,92,9,8,28,18,32,88,23,8,3240,28,1,32,36,64,8,192,72,21,254,598,1752,2423,1525361020651592,1525361020881816,230224
fac,160080,37,616,496,150,216,392,92,9,8,28,18,32,88,23,8,2106,28,0,32,36,64,8,192,72,21,254,598,1752,2423,1525361020897429,1525361020992644,95215
fac,64,37,624,496,157,240,392,92,9,8,28,20,32,96,23,8,4386,28,1,32,36,80,8,192,96,21,254,618,1776,2528,1525361021007664,1525361021444926,437262
fac,160064,37,616,496,150,216,392,92,9,8,28,18,32,88,23,8,4465,28,1,32,36,64,8,192,72,21,254,598,1752,2423,1525361021459096,1525361021913129,454033
fac,64,37,624,496,157,240,392,92,9,8,28,20,32,96,23,8,2512,28,0,32,36,80,8,192,96,21,254,618,1776,2528,1525361021928597,1525361022064668,136071
fac,64,37,624,496,157,240,392,92,9,8,28,20,32,96,23,8,1439,28,1,32,36,80,8,192,96,21,254,618,1776,2528,1525361022078240,1525361022120556,42316
fac,64,37,624,496,157,240,392,92,9,8,28,20,32,96,23,8,3264,28,0,32,36,80,8,192,96,21,254,618,1776,2528,1525361022135775,1525361022369748,233973
fac,160080,37,616,496,150,216,392,92,9,8,28,18,32,88,23,8,4512,28,0,32,36,64,8,192,72,21,254,598,1752,2423,1525361022383626,1525361022846873,463247
fac,64,37,624,496,157,240,392,92,9,8,28,20,32,96,23,8,3925,28,0,32,36,80,8,192,96,21,254,618,1776,2528,1525361022861788,1525361023208381,346593
fac,160064,37,616,496,150,216,392,92,9,8,28,18,32,88,23,8,2651,28,1,32,36,64,8,192,72,21,254,598,1752,2423,1525361023224257,1525361023375862,151605
fac,160064,37,616,496,150,216,392,92,9,8,28,18,32,88,23,8,3579,28,1,32,36,64,8,192,72,21,254,598,1752,2423,1525361023391934,1525361023676569,284635
fac,64,37,624,496,157,240,392,92,9,8,28,20,32,96,23,8,4801,28,0,32,36,80,8,192,96,21,254,618,1776,2528,1525361023690844,1525361024226467,535623
fac,160080,37,616,496,150,216,392,92,9,8,28,18,32,88,23,8,4592,28,0,32,36,64,8,192,72,21,254,598,1752,2423,1525361024244817,1525361024723100,478283
fac,160080,37,616,496,150,216,392,92,9,8,28,18,32,88,23,8,2442,28,1,32,36,64,8,192,72,21,254,598,1752,2423,1525361024736452,1525361024864892,128440
fac,64,37,624,496,157,240,392,92,9,8,28,20,32,96,23,8,3192,28,0,32,36,80,8,192,96,21,254,618,1776,2528,1525361024879558,1525361025102338,222780
fac,160064,37,616,496,150,216,392,92,9,8,28,18,32,88,23,8,765,28,1,32,36,64,8,192,72,21,254,598,1752,2423,1525361025115677,1525361025129761,14084
fac,160080,37,616,496,150,216,392,92,9,8,28,18,32,88,23,8,2700,28,0,32,36,64,8,192,72,21,254,598,1752,2423,1525361025142670,1525361025300109,157439
fac,64,37,624,496,157,240,392,92,9,8,28,20,32,96,23,8,4100,28,0,32,36,80,8,192,96,21,254,618,1776,2528,1525361025314769,1525361025692539,377770
fac,64,37,624,496,157,240,392,92,9,8,28,20,32,96,23,8,4703,28,0,32,36,80,8,192,96,21,254,618,1776,2528,1525361025707510,1525361026213868,506358
fac,160064,37,616,496,150,216,392,92,9,8,28,18,32,88,23,8,1887,28,0,32,36,64,8,192,72,21,254,598,1752,2423,1525361026228671,1525361026304046,75375
fac,160064,37,616,496,150,216,392,92,9,8,28,18,32,88,23,8,2943,28,0,32,36,64,8,192,72,21,254,598,1752,2423,1525361026319374,1525361026506729,187355
fac,64,37,624,496,157,240,392,92,9,8,28,20,32,96,23,8,1701,28,1,32,36,80,8,192,96,21,254,618,1776,2528,1525361026520193,1525361026581950,61757
fac,160064,37,616,496,150,216,392,92,9,8,28,18,32,88,23,8,3161,28,1,32,36,64,8,192,72,21,254,598,1752,2423,1525361026596430,1525361026815846,219416
fac,160080,37,616,496,150,216,392,92,9,8,28,18,32,88,23,8,1297,28,1,32,36,64,8,192,72,21,254,598,1752,2423,1525361026830184,1525361026868494,38310
fac,64,37,624,496,157,240,392,92,9,8,28,20,32,96,23,8,1461,28,19,32,36,80,8,192,96,21,254,618,1776,2528,1525361026883137,1525361026930264,47127
fac,64,37,624,496,157,240,392,92,9,8,28,20,32,96,23,8,1403,28,1,32,36,80,8,192,96,21,254,618,1776,2528,1525361026945414,1525361026988236,42822
fac,160080,37,616,496,150,216,392,92,9,8,28,18,32,88,23,8,880,28,0,32,36,64,8,192,72,21,254,598,1752,2423,1525361027002871,1525361027021498,18627
fac,160064,37,616,496,150,216,392,92,9,8,28,18,32,88,23,8,2419,28,1,32,36,64,8,192,72,21,254,598,1752,2423,1525361027034912,1525361027161041,126129
fac,160080,37,616,496,150,216,392,92,9,8,28,18,32,88,23,8,3188,28,0,32,36,64,8,192,72,21,254,598,1752,2423,1525361027176612,1525361027398952,222340
fac,160080,37,616,496,150,216,392,92,9,8,28,18,32,88,23,8,2625,28,0,32,36,64,8,192,72,21,254,598,1752,2423,1525361027414173,1525361027562817,148644
fac,64,37,624,496,157,240,392,92,9,8,28,20,32,96,23,8,1903,28,1,32,36,80,8,192,96,21,254,618,1776,2528,1525361027580928,1525361027654888,73960
fac,160080,37,616,496,150,216,392,92,9,8,28,18,32,88,23,8,1851,28,1,32,36,64,8,192,72,21,254,598,1752,2423,1525361027670927,1525361027744437,73510
fac,160080,37,616,496,150,216,392,92,9,8,28,18,32,88,23,8,3681,28,1,32,36,64,8,192,72,21,254,598,1752,2423,1525361027759957,1525361028060656,300699
fac,64,37,624,496,157,240,392,92,9,8,28,20,32,96,23,8,1763,28,1,32,36,80,8,192,96,21,254,618,1776,2528,1525361028074345,1525361028140176,65831
fac,160080,37,616,496,150,216,392,92,9,8,28,18,32,88,23,8,1951,28,0,32,36,64,8,192,72,21,254,598,1752,2423,1525361028155873,1525361028237479,81606
fac,160080,37,616,496,150,216,392,92,9,8,28,18,32,88,23,8,2625,28,1,32,36,64,8,192,72,21,254,598,1752,2423,1525361028252740,1525361028400426,147686
fac,160064,37,616,496,150,216,392,92,9,8,28,18,32,88,23,8,1587,28,1,32,36,64,8,192,72,21,254,598,1752,2423,1525361028415098,1525361028470132,55034
fac,160064,37,616,496,150,216,392,92,9,8,28,18,32,88,23,8,1851,28,0,32,36,64,8,192,72,21,254,598,1752,2423,1525361028485040,1525361028555582,70542
fac,160080,37,616,496,150,216,392,92,9,8,28,18,32,88,23,8,3386,28,0,32,36,64,8,192,72,21,254,598,1752,2423,1525361028569694,1525361028821827,252133
fac,160080,37,616,496,150,216,392,92,9,8,28,18,32,88,23,8,601,28,0,32,36,64,8,192,72,21,254,598,1752,2423,1525361028835989,1525361028846266,10277
fac,64,37,624,496,157,240,392,92,9,8,28,20,32,96,23,8,3262,28,0,32,36,80,8,192,96,21,254,618,1776,2528,1525361028859707,1525361029092080,232373
fac,160064,37,616,496,150,216,392,92,9,8,28,18,32,88,23,8,3922,28,1,32,36,64,8,192,72,21,254,598,1752,2423,1525361029107413,1525361029452296,344883
fac,64,37,624,496,157,240,392,92,9,8,28,20,32,96,23,8,3795,28,0,32,36,80,8,192,96,21,254,618,1776,2528,1525361029467643,1525361029788320,320677
fac,160064,37,616,496,150,216,392,92,9,8,28,18,32,88,23,8,2567,28,0,32,36,64,8,192,72,21,254,598,1752,2423,1525361029803311,1525361029945768,142457
fac,64,37,624,496,157,240,392,92,9,8,28,20,32,96,23,8,1472,28,1,32,36,80,8,192,96,21,254,618,1776,2528,1525361029961463,1525361030006440,44977
fac,64,37,624,496,157,240,392,92,9,8,28,20,32,96,23,8,1242,28,1,32,36,80,8,192,96,21,254,618,1776,2528,1525361030019637,1525361030052643,33006
fac,160064,37,616,496,150,216,392,92,9,8,28,18,32,88,23,8,3157,28,0,32,36,64,8,192,72,21,254,598,1752,2423,1525361030067485,1525361030285908,218423
fac,160080,37,616,496,150,216,392,92,9,8,28,18,32,88,23,8,613,28,0,32,36,64,8,192,72,21,254,598,1752,2423,1525361030301331,1525361030310778,9447
fac,160064,37,616,496,150,216,392,92,9,8,28,18,32,88,23,8,1630,28,0,32,36,64,8,192,72,21,254,598,1752,2423,1525361030323269,1525361030378895,55626
fac,64,37,624,496,157,240,392,92,9,8,28,20,32,96,23,8,4576,28,1,32,36,80,8,192,96,21,254,618,1776,2528,1525361030394203,1525361030870898,476695
fac,160064,37,616,496,150,216,392,92,9,8,28,18,32,88,23,8,2700,28,1,32,36,64,8,192,72,21,254,598,1752,2423,1525361030885781,1525361031042736,156955
fac,160080,37,616,496,150,216,392,92,9,8,28,18,32,88,23,8,4889,28,1,32,36,64,8,192,72,21,254,598,1752,2423,1525361031057616,1525361031609240,551624
fac,160064,37,616,496,150,216,392,92,9,8,28,18,32,88,23,8,534,28,1,32,36,64,8,192,72,21,254,598,1752,2423,1525361031625467,1525361031633414,7947
fac,160064,37,616,496,150,216,392,92,9,8,28,18,32,88,23,8,1018,28,1,32,36,64,8,192,72,21,254,598,1752,2423,1525361031646951,1525361031670413,23462
fac,160064,37,616,496,150,216,392,92,9,8,28,18,32,88,23,8,3474,28,1,32,36,64,8,192,72,21,254,598,1752,2423,1525361031684049,1525361031950722,266673
fac,160064,37,616,496,150,216,392,92,9,8,28,18,32,88,23,8,3835,28,1,32,36,64,8,192,72,21,254,598,1752,2423,1525361031968610,1525361032294598,325988
fac,160080,37,616,496,150,216,392,92,9,8,28,18,32,88,23,8,1133,28,0,32,36,64,8,192,72,21,254,598,1752,2423,1525361032308965,1525361032337173,28208
fac,160064,37,616,496,150,216,392,92,9,8,28,18,32,88,23,8,3142,28,0,32,36,64,8,192,72,21,254,598,1752,2423,1525361032351781,1525361032568049,216268
fac,160080,37,616,496,150,216,392,92,9,8,28,18,32,88,23,8,4391,28,0,32,36,64,8,192,72,21,254,598,1752,2423,1525361032583822,1525361033022196,438374
fac,64,37,624,496,157,240,392,92,9,8,28,20,32,96,23,8,4592,28,1,32,36,80,8,192,96,21,254,618,1776,2528,1525361033037955,1525361033520885,482930
fac,160080,37,616,496,150,216,392,92,9,8,28,18,32,88,23,8,880,28,1,32,36,64,8,192,72,21,254,598,1752,2423,1525361033536302,1525361033555535,19233
fac,160064,37,616,496,150,216,392,92,9,8,28,18,32,88,23,8,4528,28,0,32,36,64,8,192,72,21,254,598,1752,2423,1525361033569385,1525361034037183,467798
fac,160064,37,616,496,150,216,392,92,9,8,28,18,32,88,23,8,1666,28,1,32,36,64,8,192,72,21,254,598,1752,2423,1525361034051652,1525361034110460,58808
fac,160064,37,616,496,150,216,392,92,9,8,28,18,32,88,23,8,2781,28,1,32,36,64,8,192,72,21,254,598,1752,2423,1525361034124660,1525361034290357,165697
fac,160064,37,616,496,150,216,392,92,9,8,28,18,32,88,23,8,1381,28,0,32,36,64,8,192,72,21,254,598,1752,2423,1525361034305479,1525361034346361,40882
fac,160064,37,616,496,150,216,392,92,9,8,28,18,32,88,23,8,540,28,1,32,36,64,8,192,72,21,254,598,1752,2423,1525361034360118,1525361034368707,8589
fac,160080,37,616,496,150,216,392,92,9,8,28,18,32,88,23,8,4930,28,0,32,36,64,8,192,72,21,254,598,1752,2423,1525361034380221,1525361034939377,559156
fac,160064,37,616,496,150,216,392,92,9,8,28,18,32,88,23,8,3922,28,0,32,36,64,8,192,72,21,254,598,1752,2423,1525361034954141,1525361035299761,345620
fac,160064,37,616,496,150,216,392,92,9,8,28,18,32,88,23,8,4386,28,0,32,36,64,8,192,72,21,254,598,1752,2423,1525361035315311,1525361035753828,438517
fac,160064,37,616,496,150,216,392,92,9,8,28,18,32,88,23,8,3192,28,1,32,36,64,8,192,72,21,254,598,1752,2423,1525361035768597,1525361035991878,223281
fac,160080,37,616,496,150,216,392,92,9,8,28,18,32,88,23,8,4546,28,0,32,36,64,8,192,72,21,254,598,1752,2423,1525361036006875,1525361036479365,472490
fac,160064,37,616,496,150,216,392,92,9,8,28,18,32,88,23,8,3672,28,0,32,36,64,8,192,72,21,254,598,1752,2423,1525361036493346,1525361036792302,298956
fac,64,37,624,496,157,240,392,92,9,8,28,20,32,96,23,8,613,28,1,32,36,80,8,192,96,21,254,618,1776,2528,1525361036807788,1525361036819038,11250
fac,160064,37,616,496,150,216,392,92,9,8,28,18,32,88,23,8,3483,28,1,32,36,64,8,192,72,21,254,598,1752,2423,1525361036831350,1525361037100367,269017
fac,160080,37,616,496,150,216,392,92,9,8,28,18,32,88,23,8,2361,28,0,32,36,64,8,192,72,21,254,598,1752,2423,1525361037115230,1525361037235376,120146
fac,160064,37,616,496,150,216,392,92,9,8,28,18,32,88,23,8,3169,28,1,32,36,64,8,192,72,21,254,598,1752,2423,1525361037250660,1525361037469942,219282
fac,160080,37,616,496,150,216,392,92,9,8,28,18,32,88,23,8,4537,28,0,32,36,64,8,192,72,21,254,598,1752,2423,1525361037483688,1525361037951927,468239
fac,160080,37,616,496,150,216,392,92,9,8,28,18,32,88,23,8,1297,28,0,32,36,64,8,192,72,21,254,598,1752,2423,1525361037966529,1525361038004553,38024
fac,160064,37,616,496,150,216,392,92,9,8,28,18,32,88,23,8,2639,28,0,32,36,64,8,192,72,21,254,598,1752,2423,1525361038019072,1525361038168406,149334
fac,160064,37,616,496,150,216,392,92,9,8,28,18,32,88,23,8,1790,28,0,32,36,64,8,192,72,21,254,598,1752,2423,1525361038182512,1525361038250971,68459
fac,160064,37,616,496,150,216,392,92,9,8,28,18,32,88,23,8,606,28,1,32,36,64,8,192,72,21,254,598,1752,2423,1525361038266128,1525361038275534,9406
fac,160080,37,616,496,150,216,392,92,9,8,28,18,32,88,23,8,4889,28,0,32,36,64,8,192,72,21,254,598,1752,2423,1525361038290111,1525361038839467,549356
fac,160064,37,616,496,150,216,392,92,9,8,28,18,32,88,23,8,4546,28,1,32,36,64,8,192,72,21,254,598,1752,2423,1525361038853975,1525361039324636,470661
fac,160080,37,616,496,150,216,392,92,9,8,28,18,32,88,23,8,2023,28,1,32,36,64,8,192,72,21,254,598,1752,2423,1525361039341063,1525361039428262,87199
fac,160080,37,616,496,150,216,392,92,9,8,28,18,32,88,23,8,3130,28,0,32,36,64,8,192,72,21,254,598,1752,2423,1525361039442697,1525361039657186,214489
fac,160064,37,616,496,150,216,392,92,9,8,28,18,32,88,23,8,4537,28,1,32,36,64,8,192,72,21,254,598,1752,2423,1525361039672091,1525361040141079,468988
fac,160064,37,616,496,150,216,392,92,9,8,28,18,32,88,23,8,2889,28,0,32,36,64,8,192,72,21,254,598,1752,2423,1525361040156138,1525361040337315,181177
fac,160080,37,616,496,150,216,392,92,9,8,28,18,32,88,23,8,4685,28,1,32,36,64,8,192,72,21,254,598,1752,2423,1525361040352450,1525361040853479,501029
fac,64,37,624,496,157,240,392,92,9,8,28,20,32,96,23,8,2943,28,1,32,36,80,8,192,96,21,254,618,1776,2528,1525361040866938,1525361041054267,187329
fac,64,37,624,496,157,240,392,92,9,8,28,20,32,96,23,8,2925,28,0,32,36,80,8,192,96,21,254,618,1776,2528,1525361041068486,1525361041254405,185919
fac,160080,37,616,496,150,216,392,92,9,8,28,18,32,88,23,8,1628,28,1,32,36,64,8,192,72,21,254,598,1752,2423,1525361041269663,1525361041327954,58291
fac,160080,37,616,496,150,216,392,92,9,8,28,18,32,88,23,8,1965,28,1,32,36,64,8,192,72,21,254,598,1752,2423,1525361041340852,1525361041422737,81885
fac,64,37,624,496,157,240,392,92,9,8,28,20,32,96,23,8,540,28,0,32,36,80,8,192,96,21,254,618,1776,2528,1525361041438953,1525361041447186,8233
fac,160080,37,616,496,150,216,392,92,9,8,28,18,32,88,23,8,2512,28,1,32,36,64,8,192,72,21,254,598,1752,2423,1525361041460489,1525361041596246,135757
fac,160080,37,616,496,150,216,392,92,9,8,28,18,32,88,23,8,3702,28,1,32,36,64,8,192,72,21,254,598,1752,2423,1525361041613389,1525361041918103,304714
fac,160080,37,616,496,150,216,392,92,9,8,28,18,32,88,23,8,3243,28,1,32,36,64,8,192,72,21,254,598,1752,2423,1525361041933253,1525361042163211,229958
fac,160080,37,616,496,150,216,392,92,9,8,28,18,32,88,23,8,1957,28,1,32,36,64,8,192,72,21,254,598,1752,2423,1525361042176649,1525361042255989,79340
fac,64,37,624,496,157,240,392,92,9,8,28,20,32,96,23,8,3299,28,0,32,36,80,8,192,96,21,254,618,1776,2528,1525361042269493,1525361042508307,238814
fac,64,37,624,496,157,240,392,92,9,8,28,20,32,96,23,8,765,28,0,32,36,80,8,192,96,21,254,618,1776,2528,1525361042523010,1525361042537233,14223
fac,160080,37,616,496,150,216,392,92,9,8,28,18,32,88,23,8,1903,28,0,32,36,64,8,192,72,21,254,598,1752,2423,1525361042550610,1525361042627800,77190
fac,160064,37,616,496,150,216,392,92,9,8,28,18,32,88,23,8,939,28,1,32,36,64,8,192,72,21,254,598,1752,2423,1525361042644310,1525361042662679,18369
fac,160064,37,616,496,150,216,392,92,9,8,28,18,32,88,23,8,1556,28,0,32,36,64,8,192,72,21,254,598,1752,2423,1525361042676685,1525361042727139,50454
fac,160064,37,616,496,150,216,392,92,9,8,28,18,32,88,23,8,1439,28,0,32,36,64,8,192,72,21,254,598,1752,2423,1525361042742335,1525361042787634,45299
fac,160064,37,616,496,150,216,392,92,9,8,28,18,32,88,23,8,3221,28,0,32,36,64,8,192,72,21,254,598,1752,2423,1525361042802162,1525361043028084,225922
fac,160064,37,616,496,150,216,392,92,9,8,28,18,32,88,23,8,3470,28,0,32,36,64,8,192,72,21,254,598,1752,2423,1525361043042875,1525361043309869,266994
fac,64,37,624,496,157,240,392,92,9,8,28,20,32,96,23,8,2644,28,1,32,36,80,8,192,96,21,254,618,1776,2528,1525361043325096,1525361043476131,151035
fac,160064,37,616,496,150,216,392,92,9,8,28,18,32,88,23,8,3483,28,0,32,36,64,8,192,72,21,254,598,1752,2423,1525361043490907,1525361043758672,267765
fac,160064,37,616,496,150,216,392,92,9,8,28,18,32,88,23,8,534,28,0,32,36,64,8,192,72,21,254,598,1752,2423,1525361043773960,1525361043781535,7575
fac,160064,37,616,496,150,216,392,92,9,8,28,18,32,88,23,8,945,28,0,32,36,64,8,192,72,21,254,598,1752,2423,1525361043795269,1525361043817175,21906
fac,64,37,624,496,157,240,392,92,9,8,28,20,32,96,23,8,4141,28,1,32,36,80,8,192,96,21,254,618,1776,2528,1525361043831951,1525361044218121,386170
fac,160064,37,616,496,150,216,392,92,9,8,28,18,32,88,23,8,4126,28,1,32,36,64,8,192,72,21,254,598,1752,2423,1525361044232927,1525361044616886,383959
fac,160064,37,616,496,150,216,392,92,9,8,28,18,32,88,23,8,2582,28,0,32,36,64,8,192,72,21,254,598,1752,2423,1525361044631983,1525361044782146,150163
fac,160064,37,616,496,150,216,392,92,9,8,28,18,32,88,23,8,2106,28,1,32,36,64,8,192,72,21,254,598,1752,2423,1525361044798298,1525361044893080,94782
fac,64,37,624,496,157,240,392,92,9,8,28,20,32,96,23,8,4603,28,1,32,36,80,8,192,96,21,254,618,1776,2528,1525361044907657,1525361045391208,483551
fac,160064,37,616,496,150,216,392,92,9,8,28,18,32,88,23,8,3795,28,1,32,36,64,8,192,72,21,254,598,1752,2423,1525361045405241,1525361045726538,321297
fac,160064,37,616,496,150,216,392,92,9,8,28,18,32,88,23,8,3157,28,1,32,36,64,8,192,72,21,254,598,1752,2423,1525361045740817,1525361045956049,215232
fac,64,37,624,496,157,240,392,92,9,8,28,20,32,96,23,8,4341,28,0,32,36,80,8,192,96,21,254,618,1776,2528,1525361045971453,1525361046399661,428208
fac,64,37,624,496,157,240,392,92,9,8,28,20,32,96,23,8,3594,28,0,32,36,80,8,192,96,21,254,618,1776,2528,1525361046414301,1525361046700204,285903
fac,64,37,624,496,157,240,392,92,9,8,28,20,32,96,23,8,1701,28,0,32,36,80,8,192,96,21,254,618,1776,2528,1525361046715952,1525361046777337,61385
fac,64,37,624,496,157,240,392,92,9,8,28,20,32,96,23,8,1951,28,1,32,36,80,8,192,96,21,254,618,1776,2528,1525361046792356,1525361046873246,80890
fac,160080,37,616,496,150,216,392,92,9,8,28,18,32,88,23,8,1606,28,0,32,36,64,8,192,72,21,254,598,1752,2423,1525361046888172,1525361046942956,54784
fac,64,37,624,496,157,240,392,92,9,8,28,20,32,96,23,8,4603,28,0,32,36,80,8,192,96,21,254,618,1776,2528,1525361046957530,1525361047441097,483567
fac,160080,37,616,496,150,216,392,92,9,8,28,18,32,88,23,8,3642,28,0,32,36,64,8,192,72,21,254,598,1752,2423,1525361047455198,1525361047750661,295463
fac,64,37,624,496,157,240,392,92,9,8,28,20,32,96,23,8,3243,28,0,32,36,80,8,192,96,21,254,618,1776,2528,1525361047766664,1525361047998386,231722
fac,160064,37,616,496,150,216,392,92,9,8,28,18,32,88,23,8,1556,28,1,32,36,64,8,192,72,21,254,598,1752,2423,1525361048013418,1525361048064884,51466
fac,64,37,624,496,157,240,392,92,9,8,28,20,32,96,23,8,1930,28,0,32,36,80,8,192,96,21,254,618,1776,2528,1525361048078940,1525361048157336,78396
fac,64,37,624,496,157,240,392,92,9,8,28,20,32,96,23,8,4341,28,1,32,36,80,8,192,96,21,254,618,1776,2528,1525361048172803,1525361048599266,426463
fac,160080,37,616,496,150,216,392,92,9,8,28,18,32,88,23,8,4391,28,1,32,36,64,8,192,72,21,254,598,1752,2423,1525361048614601,1525361049053607,439006
fac,160064,37,616,496,150,216,392,92,9,8,28,18,32,88,23,8,2673,28,0,32,36,64,8,192,72,21,254,598,1752,2423,1525361049067583,1525361049222311,154728
fac,64,37,624,496,157,240,392,92,9,8,28,20,32,96,23,8,2567,28,1,32,36,80,8,192,96,21,254,618,1776,2528,1525361049238876,1525361049380702,141826
fac,64,37,624,496,157,240,392,92,9,8,28,20,32,96,23,8,2652,28,0,32,36,80,8,192,96,21,254,618,1776,2528,1525361049396267,1525361049546377,150110
fac,160064,37,616,496,150,216,392,92,9,8,28,18,32,88,23,8,4465,28,0,32,36,64,8,192,72,21,254,598,1752,2423,1525361049562111,1525361050014824,452713
fac,160080,37,616,496,150,216,392,92,9,8,28,18,32,88,23,8,2419,28,0,32,36,64,8,192,72,21,254,598,1752,2423,1525361050029761,1525361050154708,124947
fac,64,37,624,496,157,240,392,92,9,8,28,20,32,96,23,8,1403,28,0,32,36,80,8,192,96,21,254,618,1776,2528,1525361050168725,1525361050211328,42603
fac,160064,37,616,496,150,216,392,92,9,8,28,18,32,88,23,8,1518,28,0,32,36,64,8,192,72,21,254,598,1752,2423,1525361050225332,1525361050274316,48984
fac,160064,37,616,496,150,216,392,92,9,8,28,18,32,88,23,8,1887,28,1,32,36,64,8,192,72,21,254,598,1752,2423,1525361050287239,1525361050361940,74701
fac,160080,37,616,496,150,216,392,92,9,8,28,18,32,88,23,8,1666,28,0,32,36,64,8,192,72,21,254,598,1752,2423,1525361050375615,1525361050434114,58499
fac,64,37,624,496,157,240,392,92,9,8,28,20,32,96,23,8,4126,28,0,32,36,80,8,192,96,21,254,618,1776,2528,1525361050448409,1525361050832401,383992
hs,532112,37,624,496,155,240,392,92,9,8,28,20,32,96,23,8,66503,28,1,32,36,80,8,192,96,20,254,609,1776,2669,1525361050850805,1525361050883258,32453
hs,297088,37,624,496,155,240,392,92,9,8,28,20,32,96,23,8,37125,28,0,32,36,80,8,192,96,20,254,609,1776,2669,1525361050898456,1525361050917972,19516
hs,588768,37,624,496,155,240,392,92,9,8,28,20,32,96,23,8,73588,28,0,32,36,80,8,192,96,20,254,609,1776,2669,1525361050933330,1525361050968920,35590
hs,22992,37,624,496,155,240,392,92,9,8,28,20,32,96,23,8,2865,28,1,32,36,80,8,192,96,20,254,609,1776,2669,1525361050983979,1525361050985083,1104
hs,783232,37,624,496,155,240,392,92,9,8,28,20,32,96,23,8,97894,28,1,32,36,80,8,192,96,20,254,609,1776,2669,1525361051003502,1525361051049769,46267
hs,64,37,632,496,162,264,392,92,9,8,28,22,32,104,23,8,49969,28,1,32,36,96,8,192,120,20,254,629,1800,2758,1525361051064212,1525361051090028,25816
hs,720832,37,624,496,155,240,392,92,9,8,28,20,32,96,23,8,90096,28,1,32,36,80,8,192,96,20,254,609,1776,2669,1525361051109381,1525361051152555,43174
hs,64,37,632,496,162,264,392,92,9,8,28,22,32,104,23,8,70489,28,1,32,36,96,8,192,120,20,254,629,1800,2758,1525361051170935,1525361051205659,34724
hs,64,37,632,496,162,264,392,92,9,8,28,22,32,104,23,8,99428,28,1,32,36,96,8,192,120,20,254,629,1800,2758,1525361051223730,1525361051271158,47428
hs,404560,37,624,496,155,240,392,92,9,8,28,20,32,96,23,8,50561,28,1,32,36,80,8,192,96,20,254,609,1776,2669,1525361051288187,1525361051313137,24950
hs,64,37,632,496,162,264,392,92,9,8,28,22,32,104,23,8,76417,28,0,32,36,96,8,192,120,20,254,629,1800,2758,1525361051329794,1525361051366336,36542
hs,278336,37,624,496,155,240,392,92,9,8,28,20,32,96,23,8,34784,28,1,32,36,80,8,192,96,20,254,609,1776,2669,1525361051379836,1525361051398836,19000
hs,170688,37,624,496,155,240,392,92,9,8,28,20,32,96,23,8,21326,28,0,32,36,80,8,192,96,20,254,609,1776,2669,1525361051413313,1525361051426347,13034
hs,64,37,632,496,162,264,392,92,9,8,28,22,32,104,23,8,36921,28,1,32,36,96,8,192,120,20,254,629,1800,2758,1525361051440608,1525361051459772,19164
hs,64,37,632,496,162,264,392,92,9,8,28,22,32,104,23,8,36779,28,0,32,36,96,8,192,120,20,254,629,1800,2758,1525361051476265,1525361051495052,18787
hs,22816,37,624,496,155,240,392,92,9,8,28,20,32,96,23,8,2843,28,0,32,36,80,8,192,96,20,254,609,1776,2669,1525361051509856,1525361051511282,1426
hs,64,37,632,496,162,264,392,92,9,8,28,22,32,104,23,8,76861,28,1,32,36,96,8,192,120,20,254,629,1800,2758,1525361051526321,1525361051561968,35647
hs,622160,37,624,496,155,240,392,92,9,8,28,20,32,96,23,8,77760,28,1,32,36,80,8,192,96,20,254,609,1776,2669,1525361051580724,1525361051617221,36497
hs,32416,37,624,496,155,240,392,92,9,8,28,20,32,96,23,8,4041,28,0,32,36,80,8,192,96,20,254,609,1776,2669,1525361051631033,1525361051632638,1605
hs,64,37,632,496,162,264,392,92,9,8,28,22,32,104,23,8,5401,28,0,32,36,96,8,192,120,20,254,629,1800,2758,1525361051646797,1525361051649856,3059
hs,171360,37,624,496,155,240,392,92,9,8,28,20,32,96,23,8,21411,28,0,32,36,80,8,192,96,20,254,609,1776,2669,1525361051663821,1525361051675627,11806
hs,64,37,632,496,162,264,392,92,9,8,28,22,32,104,23,8,54061,28,0,32,36,96,8,192,120,20,254,629,1800,2758,1525361051690178,1525361051716790,26612
hs,602832,37,624,496,155,240,392,92,9,8,28,20,32,96,23,8,75346,28,0,32,36,80,8,192,96,20,254,609,1776,2669,1525361051734340,1525361051771271,36931
hs,506688,37,624,496,155,240,392,92,9,8,28,20,32,96,23,8,63328,28,1,32,36,80,8,192,96,20,254,609,1776,2669,1525361051788343,1525361051818291,29948
hs,99408,37,624,496,155,240,392,92,9,8,28,20,32,96,23,8,12415,28,0,32,36,80,8,192,96,20,254,609,1776,2669,1525361051832668,1525361051840939,8271
hs,64,37,632,496,162,264,392,92,9,8,28,22,32,104,23,8,57885,28,1,32,36,96,8,192,120,20,254,629,1800,2758,1525361051857248,1525361051885509,28261
hs,467248,37,624,496,155,240,392,92,9,8,28,20,32,96,23,8,58395,28,1,32,36,80,8,192,96,20,254,609,1776,2669,1525361051902279,1525361051929477,27198
hs,209664,37,624,496,155,240,392,92,9,8,28,20,32,96,23,8,26199,28,1,32,36,80,8,192,96,20,254,609,1776,2669,1525361051942915,1525361051955977,13062
hs,309760,37,624,496,155,240,392,92,9,8,28,20,32,96,23,8,38711,28,0,32,36,80,8,192,96,20,254,609,1776,2669,1525361051971465,1525361051990235,18770
hs,770064,37,624,496,155,240,392,92,9,8,28,20,32,96,23,8,96249,28,0,32,36,80,8,192,96,20,254,609,1776,2669,1525361052009265,1525361052055395,46130
hs,153040,37,624,496,155,240,392,92,9,8,28,20,32,96,23,8,19122,28,0,32,36,80,8,192,96,20,254,609,1776,2669,1525361052070052,1525361052079704,9652
hs,64,37,632,496,162,264,392,92,9,8,28,22,32,104,23,8,58413,28,0,32,36,96,8,192,120,20,254,629,1800,2758,1525361052094984,1525361052122823,27839
hs,64,37,632,496,162,264,392,92,9,8,28,22,32,104,23,8,48067,28,0,32,36,96,8,192,120,20,254,629,1800,2758,1525361052138803,1525361052162830,24027
hs,64,37,632,496,162,264,392,92,9,8,28,22,32,104,23,8,99428,28,0,32,36,96,8,192,120,20,254,629,1800,2758,1525361052181030,1525361052228105,47075
hs,64,37,632,496,162,264,392,92,9,8,28,22,32,104,23,8,21604,28,1,32,36,96,8,192,120,20,254,629,1800,2758,1525361052244091,1525361052257531,13440
hs,64,37,632,496,162,264,392,92,9,8,28,22,32,104,23,8,56093,28,0,32,36,96,8,192,120,20,254,629,1800,2758,1525361052272414,1525361052300351,27937
hs,64,37,632,496,162,264,392,92,9,8,28,22,32,104,23,8,93245,28,0,32,36,96,8,192,120,20,254,629,1800,2758,1525361052319415,1525361052364091,44676
hs,448832,37,624,496,155,240,392,92,9,8,28,20,32,96,23,8,56093,28,1,32,36,80,8,192,96,20,254,609,1776,2669,1525361052381381,1525361052408489,27108
hs,667888,37,624,496,155,240,392,92,9,8,28,20,32,96,23,8,83475,28,0,32,36,80,8,192,96,20,254,609,1776,2669,1525361052427214,1525361052467565,40351
hs,766528,37,624,496,155,240,392,92,9,8,28,20,32,96,23,8,95807,28,0,32,36,80,8,192,96,20,254,609,1776,2669,1525361052486695,1525361052531460,44765
hs,230480,37,624,496,155,240,392,92,9,8,28,20,32,96,23,8,28801,28,0,32,36,80,8,192,96,20,254,609,1776,2669,1525361052548181,1525361052563061,14880
hs,746048,37,624,496,155,240,392,92,9,8,28,20,32,96,23,8,93245,28,1,32,36,80,8,192,96,20,254,609,1776,2669,1525361052579663,1525361052625283,45620
hs,327056,37,624,496,155,240,392,92,9,8,28,20,32,96,23,8,40874,28,0,32,36,80,8,192,96,20,254,609,1776,2669,1525361052641383,1525361052662173,20790
hs,495760,37,624,496,155,240,392,92,9,8,28,20,32,96,23,8,61961,28,0,32,36,80,8,192,96,20,254,609,1776,2669,1525361052678382,1525361052707621,29239
hs,68912,37,624,496,155,240,392,92,9,8,28,20,32,96,23,8,8606,28,1,32,36,80,8,192,96,20,254,609,1776,2669,1525361052723133,1525361052728151,5018
hs,32416,37,624,496,155,240,392,92,9,8,28,20,32,96,23,8,4041,28,1,32,36,80,8,192,96,20,254,609,1776,2669,1525361052740780,1525361052742883,2103
hs,463168,37,624,496,155,240,392,92,9,8,28,20,32,96,23,8,57885,28,0,32,36,80,8,192,96,20,254,609,1776,2669,1525361052760048,1525361052787334,27286
hs,711136,37,624,496,155,240,392,92,9,8,28,20,32,96,23,8,88882,28,1,32,36,80,8,192,96,20,254,609,1776,2669,1525361052806009,1525361052849619,43610
hs,178736,37,624,496,155,240,392,92,9,8,28,20,32,96,23,8,22333,28,0,32,36,80,8,192,96,20,254,609,1776,2669,1525361052865957,1525361052878938,12981
hs,799184,37,624,496,155,240,392,92,9,8,28,20,32,96,23,8,99888,28,0,32,36,80,8,192,96,20,254,609,1776,2669,1525361052894132,1525361052942730,48598
hs,622000,37,624,496,155,240,392,92,9,8,28,20,32,96,23,8,77740,28,0,32,36,80,8,192,96,20,254,609,1776,2669,1525361052960753,1525361052995755,35002
hs,405824,37,624,496,155,240,392,92,9,8,28,20,32,96,23,8,50718,28,0,32,36,80,8,192,96,20,254,609,1776,2669,1525361053011608,1525361053036070,24462
hs,64,37,632,496,162,264,392,92,9,8,28,22,32,104,23,8,91581,28,1,32,36,96,8,192,120,20,254,629,1800,2758,1525361053056261,1525361053098790,42529
hs,398496,37,624,496,155,240,392,92,9,8,28,20,32,96,23,8,49803,28,0,32,36,80,8,192,96,20,254,609,1776,2669,1525361053115691,1525361053140174,24483
hs,145376,37,624,496,155,240,392,92,9,8,28,20,32,96,23,8,18161,28,1,32,36,80,8,192,96,20,254,609,1776,2669,1525361053155604,1525361053166643,11039
hs,398496,37,624,496,155,240,392,92,9,8,28,20,32,96,23,8,49803,28,1,32,36,80,8,192,96,20,254,609,1776,2669,1525361053182295,1525361053207358,25063
hs,736224,37,624,496,155,240,392,92,9,8,28,20,32,96,23,8,92019,28,0,32,36,80,8,192,96,20,254,609,1776,2669,1525361053224656,1525361053268692,44036
hs,794976,37,624,496,155,240,392,92,9,8,28,20,32,96,23,8,99361,28,0,32,36,80,8,192,96,20,254,609,1776,2669,1525361053286788,1525361053332144,45356
hs,408144,37,624,496,155,240,392,92,9,8,28,20,32,96,23,8,51008,28,0,32,36,80,8,192,96,20,254,609,1776,2669,1525361053349131,1525361053373530,24399
hs,64,37,632,496,162,264,392,92,9,8,28,22,32,104,23,8,87579,28,0,32,36,96,8,192,120,20,254,629,1800,2758,1525361053390971,1525361053432289,41318
hs,495760,37,624,496,155,240,392,92,9,8,28,20,32,96,23,8,61961,28,1,32,36,80,8,192,96,20,254,609,1776,2669,1525361053450109,1525361053480885,30776
hs,619440,37,624,496,155,240,392,92,9,8,28,20,32,96,23,8,77419,28,0,32,36,80,8,192,96,20,254,609,1776,2669,1525361053499154,1525361053536305,37151
hs,528480,37,624,496,155,240,392,92,9,8,28,20,32,96,23,8,66050,28,1,32,36,80,8,192,96,20,254,609,1776,2669,1525361053553918,1525361053586676,32758
hs,770080,37,624,496,155,240,392,92,9,8,28,20,32,96,23,8,96249,28,1,32,36,80,8,192,96,20,254,609,1776,2669,1525361053605115,1525361053650363,45248
hs,540464,37,624,496,155,240,392,92,9,8,28,20,32,96,23,8,67547,28,1,32,36,80,8,192,96,20,254,609,1776,2669,1525361053669941,1525361053702152,32211
hs,208592,37,624,496,155,240,392,92,9,8,28,20,32,96,23,8,26065,28,0,32,36,80,8,192,96,20,254,609,1776,2669,1525361053717011,1525361053730583,13572
hs,64,37,632,496,162,264,392,92,9,8,28,22,32,104,23,8,68361,28,0,32,36,96,8,192,120,20,254,629,1800,2758,1525361053746615,1525361053777535,30920
hs,64,37,632,496,162,264,392,92,9,8,28,22,32,104,23,8,56508,28,0,32,36,96,8,192,120,20,254,629,1800,2758,1525361053793537,1525361053820140,26603
hs,588784,37,624,496,155,240,392,92,9,8,28,20,32,96,23,8,73588,28,1,32,36,80,8,192,96,20,254,609,1776,2669,1525361053837800,1525361053871801,34001
hs,32208,37,624,496,155,240,392,92,9,8,28,20,32,96,23,8,4016,28,1,32,36,80,8,192,96,20,254,609,1776,2669,1525361053884087,1525361053886299,2212
hs,64,37,632,496,162,264,392,92,9,8,28,22,32,104,23,8,93418,28,1,32,36,96,8,192,120,20,254,629,1800,2758,1525361053903642,1525361053948249,44607
hs,546960,37,624,496,155,240,392,92,9,8,28,20,32,96,23,8,68361,28,1,32,36,80,8,192,96,20,254,609,1776,2669,1525361053966025,1525361053999303,33278
hs,226288,37,624,496,155,240,392,92,9,8,28,20,32,96,23,8,28275,28,0,32,36,80,8,192,96,20,254,609,1776,2669,1525361054012682,1525361054028323,15641
hs,64,37,632,496,162,264,392,92,9,8,28,22,32,104,23,8,22126,28,0,32,36,96,8,192,120,20,254,629,1800,2758,1525361054043412,1525361054057549,14137
hs,540464,37,624,496,155,240,392,92,9,8,28,20,32,96,23,8,67547,28,0,32,36,80,8,192,96,20,254,609,1776,2669,1525361054074720,1525361054108007,33287
hs,64,37,632,496,162,264,392,92,9,8,28,22,32,104,23,8,51008,28,1,32,36,96,8,192,120,20,254,629,1800,2758,1525361054125053,1525361054151195,26142
hs,532096,37,624,496,155,240,392,92,9,8,28,20,32,96,23,8,66503,28,0,32,36,80,8,192,96,20,254,609,1776,2669,1525361054167299,1525361054199704,32405
hs,701600,37,624,496,155,240,392,92,9,8,28,20,32,96,23,8,87691,28,0,32,36,80,8,192,96,20,254,609,1776,2669,1525361054218392,1525361054258914,40522
hs,268480,37,624,496,155,240,392,92,9,8,28,20,32,96,23,8,33552,28,1,32,36,80,8,192,96,20,254,609,1776,2669,1525361054275263,1525361054292419,17156
hs,43280,37,624,496,155,240,392,92,9,8,28,20,32,96,23,8,5401,28,1,32,36,80,8,192,96,20,254,609,1776,2669,1525361054306578,1525361054308839,2261
hs,64,37,632,496,162,264,392,92,9,8,28,22,32,104,23,8,26199,28,0,32,36,96,8,192,120,20,254,629,1800,2758,1525361054323777,1525361054339489,15712
hs,405824,37,624,496,155,240,392,92,9,8,28,20,32,96,23,8,50718,28,1,32,36,80,8,192,96,20,254,609,1776,2669,1525361054353280,1525361054379487,26207
hs,230480,37,624,496,155,240,392,92,9,8,28,20,32,96,23,8,28801,28,1,32,36,80,8,192,96,20,254,609,1776,2669,1525361054394806,1525361054411464,16658
hs,33104,37,624,496,155,240,392,92,9,8,28,20,32,96,23,8,4129,28,1,32,36,80,8,192,96,20,254,609,1776,2669,1525361054424385,1525361054426238,1853
hs,64,37,632,496,162,264,392,92,9,8,28,22,32,104,23,8,93248,28,1,32,36,96,8,192,120,20,254,629,1800,2758,1525361054443754,1525361054488259,44505
hs,64,37,632,496,162,264,392,92,9,8,28,22,32,104,23,8,82615,28,0,32,36,96,8,192,120,20,254,629,1800,2758,1525361054506743,1525361054546588,39845
hs,527584,37,624,496,155,240,392,92,9,8,28,20,32,96,23,8,65939,28,1,32,36,80,8,192,96,20,254,609,1776,2669,1525361054563357,1525361054595344,31987
hs,64,37,632,496,162,264,392,92,9,8,28,22,32,104,23,8,76561,28,1,32,36,96,8,192,120,20,254,629,1800,2758,1525361054613843,1525361054649626,35783
hs,467248,37,624,496,155,240,392,92,9,8,28,20,32,96,23,8,58395,28,0,32,36,80,8,192,96,20,254,609,1776,2669,1525361054665443,1525361054693163,27720
hs,64,37,632,496,162,264,392,92,9,8,28,22,32,104,23,8,69232,28,0,32,36,96,8,192,120,20,254,629,1800,2758,1525361054710097,1525361054742375,32278
hs,64,37,632,496,162,264,392,92,9,8,28,22,32,104,23,8,25956,28,0,32,36,96,8,192,120,20,254,629,1800,2758,1525361054756248,1525361054770131,13883
hs,673168,37,624,496,155,240,392,92,9,8,28,20,32,96,23,8,84137,28,1,32,36,80,8,192,96,20,254,609,1776,2669,1525361054786554,1525361054827226,40672
hs,107760,37,624,496,155,240,392,92,9,8,28,20,32,96,23,8,13459,28,0,32,36,80,8,192,96,20,254,609,1776,2669,1525361054842745,1525361054850123,7378
hs,64,37,632,496,162,264,392,92,9,8,28,22,32,104,23,8,54006,28,1,32,36,96,8,192,120,20,254,629,1800,2758,1525361054866309,1525361054892901,26592
hs,667872,37,624,496,155,240,392,92,9,8,28,20,32,96,23,8,83475,28,1,32,36,80,8,192,96,20,254,609,1776,2669,1525361054906828,1525361054946227,39399
hs,506704,37,624,496,155,240,392,92,9,8,28,20,32,96,23,8,63328,28,0,32,36,80,8,192,96,20,254,609,1776,2669,1525361054961878,1525361054991928,30050
hs,153056,37,624,496,155,240,392,92,9,8,28,20,32,96,23,8,19122,28,1,32,36,80,8,192,96,20,254,609,1776,2669,1525361055007222,1525361055018187,10965
hs,64,37,632,496,162,264,392,92,9,8,28,22,32,104,23,8,99348,28,1,32,36,96,8,192,120,20,254,629,1800,2758,1525361055034738,1525361055083253,48515
hs,700720,37,624,496,155,240,392,92,9,8,28,20,32,96,23,8,87579,28,1,32,36,80,8,192,96,20,254,609,1776,2669,1525361055102791,1525361055144936,42145
hs,176832,37,624,496,155,240,392,92,9,8,28,20,32,96,23,8,22093,28,0,32,36,80,8,192,96,20,254,609,1776,2669,1525361055160355,1525361055171690,11335
hs,64,37,632,496,162,264,392,92,9,8,28,22,32,104,23,8,53727,28,0,32,36,96,8,192,120,20,254,629,1800,2758,1525361055187718,1525361055214747,27029
hs,690800,37,624,496,155,240,392,92,9,8,28,20,32,96,23,8,86340,28,1,32,36,80,8,192,96,20,254,609,1776,2669,1525361055232208,1525361055273867,41659
hs,22832,37,624,496,155,240,392,92,9,8,28,20,32,96,23,8,2843,28,1,32,36,80,8,192,96,20,254,609,1776,2669,1525361055288405,1525361055289903,1498
hs,22992,37,624,496,155,240,392,92,9,8,28,20,32,96,23,8,2865,28,0,32,36,80,8,192,96,20,254,609,1776,2669,1525361055303492,1525361055304732,1240
hs,64,37,632,496,162,264,392,92,9,8,28,22,32,104,23,8,86340,28,0,32,36,96,8,192,120,20,254,629,1800,2758,1525361055322176,1525361055363596,41420
hs,176832,37,624,496,155,240,392,92,9,8,28,20,32,96,23,8,22093,28,1,32,36,80,8,192,96,20,254,609,1776,2669,1525361055380269,1525361055393931,13662
hs,593488,37,624,496,155,240,392,92,9,8,28,20,32,96,23,8,74177,28,1,32,36,80,8,192,96,20,254,609,1776,2669,1525361055409296,1525361055445870,36574
hs,362688,37,624,496,155,240,392,92,9,8,28,20,32,96,23,8,45328,28,0,32,36,80,8,192,96,20,254,609,1776,2669,1525361055461377,1525361055483144,21767
hs,432112,37,624,496,155,240,392,92,9,8,28,20,32,96,23,8,54006,28,0,32,36,80,8,192,96,20,254,609,1776,2669,1525361055499290,1525361055526086,26796
hs,496784,37,624,496,155,240,392,92,9,8,28,20,32,96,23,8,62090,28,0,32,36,80,8,192,96,20,254,609,1776,2669,1525361055541514,1525361055571736,30222
hs,473168,37,624,496,155,240,392,92,9,8,28,20,32,96,23,8,59136,28,0,32,36,80,8,192,96,20,254,609,1776,2669,1525361055588152,1525361055616732,28580
hs,278336,37,624,496,155,240,392,92,9,8,28,20,32,96,23,8,34784,28,0,32,36,80,8,192,96,20,254,609,1776,2669,1525361055631910,1525361055649739,17829
hs,64,37,632,496,162,264,392,92,9,8,28,22,32,104,23,8,58808,28,1,32,36,96,8,192,120,20,254,629,1800,2758,1525361055664581,1525361055693878,29297
hs,452128,37,624,496,155,240,392,92,9,8,28,20,32,96,23,8,56508,28,1,32,36,80,8,192,96,20,254,609,1776,2669,1525361055709129,1525361055736874,27745
hs,384608,37,624,496,155,240,392,92,9,8,28,20,32,96,23,8,48067,28,1,32,36,80,8,192,96,20,254,609,1776,2669,1525361055753850,1525361055778493,24643
hs,170672,37,624,496,155,240,392,92,9,8,28,20,32,96,23,8,21326,28,1,32,36,80,8,192,96,20,254,609,1776,2669,1525361055792477,1525361055803828,11351
hs,64,37,632,496,162,264,392,92,9,8,28,22,32,104,23,8,36779,28,1,32,36,96,8,192,120,20,254,629,1800,2758,1525361055820090,1525361055838704,18614
hs,64,37,632,496,162,264,392,92,9,8,28,22,32,104,23,8,77419,28,1,32,36,96,8,192,120,20,254,629,1800,2758,1525361055855539,1525361055892753,37214
hs,529472,37,624,496,155,240,392,92,9,8,28,20,32,96,23,8,66173,28,0,32,36,80,8,192,96,20,254,609,1776,2669,1525361055911026,1525361055941705,30679
hs,429904,37,624,496,155,240,392,92,9,8,28,20,32,96,23,8,53727,28,1,32,36,80,8,192,96,20,254,609,1776,2669,1525361055957310,1525361055983034,25724
hs,611408,37,624,496,155,240,392,92,9,8,28,20,32,96,23,8,76417,28,1,32,36,80,8,192,96,20,254,609,1776,2669,1525361056000163,1525361056037697,37534
hs,64,37,632,496,162,264,392,92,9,8,28,22,32,104,23,8,12415,28,1,32,36,96,8,192,120,20,254,629,1800,2758,1525361056051532,1525361056057905,6373
hs,68928,37,624,496,155,240,392,92,9,8,28,20,32,96,23,8,8606,28,0,32,36,80,8,192,96,20,254,609,1776,2669,1525361056071024,1525361056075992,4968
hs,64,37,632,496,162,264,392,92,9,8,28,22,32,104,23,8,83378,28,0,32,36,96,8,192,120,20,254,629,1800,2758,1525361056093128,1525361056132506,39378
hs,766528,37,624,496,155,240,392,92,9,8,28,20,32,96,23,8,95807,28,1,32,36,80,8,192,96,20,254,609,1776,2669,1525361056149751,1525361056194556,44805
hs,107760,37,624,496,155,240,392,92,9,8,28,20,32,96,23,8,13459,28,1,32,36,80,8,192,96,20,254,609,1776,2669,1525361056208419,1525361056216134,7715
hs,177088,37,624,496,155,240,392,92,9,8,28,20,32,96,23,8,22126,28,1,32,36,80,8,192,96,20,254,609,1776,2669,1525361056231191,1525361056243475,12284
hs,594144,37,624,496,155,240,392,92,9,8,28,20,32,96,23,8,74258,28,1,32,36,80,8,192,96,20,254,609,1776,2669,1525361056259202,1525361056293739,34537
hs,71456,37,624,496,155,240,392,92,9,8,28,20,32,96,23,8,8922,28,1,32,36,80,8,192,96,20,254,609,1776,2669,1525361056308199,1525361056313622,5423
hs,64,37,632,496,162,264,392,92,9,8,28,22,32,104,23,8,77740,28,1,32,36,96,8,192,120,20,254,629,1800,2758,1525361056328469,1525361056365301,36832
hs,64,37,632,496,162,264,392,92,9,8,28,22,32,104,23,8,91581,28,0,32,36,96,8,192,120,20,254,629,1800,2758,1525361056382824,1525361056426099,43275
hs,467392,37,624,496,155,240,392,92,9,8,28,20,32,96,23,8,58413,28,1,32,36,80,8,192,96,20,254,609,1776,2669,1525361056442322,1525361056471640,29318
hs,529472,37,624,496,155,240,392,92,9,8,28,20,32,96,23,8,66173,28,1,32,36,80,8,192,96,20,254,609,1776,2669,1525361056488769,1525361056520620,31851
hs,752528,37,624,496,155,240,392,92,9,8,28,20,32,96,23,8,94056,28,1,32,36,80,8,192,96,20,254,609,1776,2669,1525361056539375,1525361056584217,44842
hs,32192,37,624,496,155,240,392,92,9,8,28,20,32,96,23,8,4016,28,0,32,36,80,8,192,96,20,254,609,1776,2669,1525361056598392,1525361056600146,1754
hs,553936,37,624,496,155,240,392,92,9,8,28,20,32,96,23,8,69232,28,1,32,36,80,8,192,96,20,254,609,1776,2669,1525361056617495,1525361056650997,33502
hs,64,37,632,496,162,264,392,92,9,8,28,22,32,104,23,8,47485,28,0,32,36,96,8,192,120,20,254,629,1800,2758,1525361056667022,1525361056689994,22972
hs,432576,37,624,496,155,240,392,92,9,8,28,20,32,96,23,8,54061,28,1,32,36,80,8,192,96,20,254,609,1776,2669,1525361056707463,1525361056733754,26291
hs,33104,37,624,496,155,240,392,92,9,8,28,20,32,96,23,8,4129,28,0,32,36,80,8,192,96,20,254,609,1776,2669,1525361056747728,1525361056749820,2092
hs,63888,37,624,496,155,240,392,92,9,8,28,20,32,96,23,8,7975,28,1,32,36,80,8,192,96,20,254,609,1776,2669,1525361056762693,1525361056766144,3451
hs,736224,37,624,496,155,240,392,92,9,8,28,20,32,96,23,8,92019,28,1,32,36,80,8,192,96,20,254,609,1776,2669,1525361056783969,1525361056828675,44706
hs,64,37,632,496,162,264,392,92,9,8,28,22,32,104,23,8,18161,28,0,32,36,96,8,192,120,20,254,629,1800,2758,1525361056843774,1525361056854447,10673
hs,64,37,632,496,162,264,392,92,9,8,28,22,32,104,23,8,94056,28,0,32,36,96,8,192,120,20,254,629,1800,2758,1525361056873583,1525361056917811,44228
hs,64,37,632,496,162,264,392,92,9,8,28,22,32,104,23,8,84137,28,0,32,36,96,8,192,120,20,254,629,1800,2758,1525361056935078,1525361056972453,37375
hs,64,37,632,496,162,264,392,92,9,8,28,22,32,104,23,8,90437,28,1,32,36,96,8,192,120,20,254,629,1800,2758,1525361056990047,1525361057033292,43245
hs,593488,37,624,496,155,240,392,92,9,8,28,20,32,96,23,8,74177,28,0,32,36,80,8,192,96,20,254,609,1776,2669,1525361057050204,1525361057086638,36434
hs,496784,37,624,496,155,240,392,92,9,8,28,20,32,96,23,8,62090,28,1,32,36,80,8,192,96,20,254,609,1776,2669,1525361057103156,1525361057133246,30090
hs,362704,37,624,496,155,240,392,92,9,8,28,20,32,96,23,8,45328,28,1,32,36,80,8,192,96,20,254,609,1776,2669,1525361057149168,1525361057172809,23641
hs,704800,37,624,496,155,240,392,92,9,8,28,20,32,96,23,8,88090,28,0,32,36,80,8,192,96,20,254,609,1776,2669,1525361057190510,1525361057231962,41452
hs,64,37,632,496,162,264,392,92,9,8,28,22,32,104,23,8,99361,28,1,32,36,96,8,192,120,20,254,629,1800,2758,1525361057250782,1525361057298700,47918
hs,64,37,632,496,162,264,392,92,9,8,28,22,32,104,23,8,66050,28,0,32,36,96,8,192,120,20,254,629,1800,2758,1525361057316484,1525361057349306,32822
hs,701616,37,624,496,155,240,392,92,9,8,28,20,32,96,23,8,87691,28,1,32,36,80,8,192,96,20,254,609,1776,2669,1525361057368712,1525361057410805,42093
hs,470544,37,624,496,155,240,392,92,9,8,28,20,32,96,23,8,58808,28,0,32,36,80,8,192,96,20,254,609,1776,2669,1525361057425875,1525361057455807,29932
hs,172912,37,624,496,155,240,392,92,9,8,28,20,32,96,23,8,21604,28,0,32,36,80,8,192,96,20,254,609,1776,2669,1525361057471098,1525361057483337,12239
hs,612576,37,624,496,155,240,392,92,9,8,28,20,32,96,23,8,76561,28,0,32,36,80,8,192,96,20,254,609,1776,2669,1525361057498482,1525361057534324,35842
hs,64,37,632,496,162,264,392,92,9,8,28,22,32,104,23,8,99348,28,0,32,36,96,8,192,120,20,254,629,1800,2758,1525361057551265,1525361057598390,47125
hs,208592,37,624,496,155,240,392,92,9,8,28,20,32,96,23,8,26065,28,1,32,36,80,8,192,96,20,254,609,1776,2669,1525361057613364,1525361057626892,13528
hs,475552,37,624,496,155,240,392,92,9,8,28,20,32,96,23,8,59436,28,1,32,36,80,8,192,96,20,254,609,1776,2669,1525361057641576,1525361057671652,30076
hs,64,37,632,496,162,264,392,92,9,8,28,22,32,104,23,8,93418,28,0,32,36,96,8,192,120,20,254,629,1800,2758,1525361057688965,1525361057732636,43671
hs,64,37,632,496,162,264,392,92,9,8,28,22,32,104,23,8,97894,28,0,32,36,96,8,192,120,20,254,629,1800,2758,1525361057751705,1525361057798630,46925
hs,64,37,632,496,162,264,392,92,9,8,28,22,32,104,23,8,90784,28,1,32,36,96,8,192,120,20,254,629,1800,2758,1525361057817068,1525361057860758,43690
hs,726352,37,624,496,155,240,392,92,9,8,28,20,32,96,23,8,90784,28,0,32,36,80,8,192,96,20,254,609,1776,2669,1525361057880022,1525361057923987,43965
hs,548960,37,624,496,155,240,392,92,9,8,28,20,32,96,23,8,68612,28,0,32,36,80,8,192,96,20,254,609,1776,2669,1525361057942339,1525361057976828,34489
hs,64,37,632,496,162,264,392,92,9,8,28,22,32,104,23,8,99888,28,1,32,36,96,8,192,120,20,254,629,1800,2758,1525361057994556,1525361058042148,47592
hs,534608,37,624,496,155,240,392,92,9,8,28,20,32,96,23,8,66816,28,0,32,36,80,8,192,96,20,254,609,1776,2669,1525361058058045,1525361058089670,31625
hs,404560,37,624,496,155,240,392,92,9,8,28,20,32,96,23,8,50561,28,0,32,36,80,8,192,96,20,254,609,1776,2669,1525361058104637,1525361058129948,25311
hs,64,37,632,496,162,264,392,92,9,8,28,22,32,104,23,8,82615,28,1,32,36,96,8,192,120,20,254,629,1800,2758,1525361058146703,1525361058184883,38180
hs,667088,37,624,496,155,240,392,92,9,8,28,20,32,96,23,8,83378,28,1,32,36,80,8,192,96,20,254,609,1776,2669,1525361058202772,1525361058242626,39854
hs,602848,37,624,496,155,240,392,92,9,8,28,20,32,96,23,8,75346,28,1,32,36,80,8,192,96,20,254,609,1776,2669,1525361058258718,1525361058296079,37361
hs,295456,37,624,496,155,240,392,92,9,8,28,20,32,96,23,8,36921,28,0,32,36,80,8,192,96,20,254,609,1776,2669,1525361058311949,1525361058331579,19630
hs,64,37,632,496,162,264,392,92,9,8,28,22,32,104,23,8,40874,28,1,32,36,96,8,192,120,20,254,629,1800,2758,1525361058345763,1525361058367756,21993
hs,475568,37,624,496,155,240,392,92,9,8,28,20,32,96,23,8,59436,28,0,32,36,80,8,192,96,20,254,609,1776,2669,1525361058383999,1525361058412223,28224
hs,297088,37,624,496,155,240,392,92,9,8,28,20,32,96,23,8,37125,28,1,32,36,80,8,192,96,20,254,609,1776,2669,1525361058427199,1525361058447009,19810
hs,704800,37,624,496,155,240,392,92,9,8,28,20,32,96,23,8,88090,28,1,32,36,80,8,192,96,20,254,609,1776,2669,1525361058465767,1525361058507849,42082
hs,309760,37,624,496,155,240,392,92,9,8,28,20,32,96,23,8,38711,28,1,32,36,80,8,192,96,20,254,609,1776,2669,1525361058523856,1525361058542859,19003
hs,64,37,632,496,162,264,392,92,9,8,28,22,32,104,23,8,90437,28,0,32,36,96,8,192,120,20,254,629,1800,2758,1525361058559775,1525361058603358,43583
hs,171376,37,624,496,155,240,392,92,9,8,28,20,32,96,23,8,21411,28,1,32,36,80,8,192,96,20,254,609,1776,2669,1525361058617464,1525361058628009,10545
hs,473168,37,624,496,155,240,392,92,9,8,28,20,32,96,23,8,59136,28,1,32,36,80,8,192,96,20,254,609,1776,2669,1525361058643174,1525361058671817,28643
hs,767104,37,624,496,155,240,392,92,9,8,28,20,32,96,23,8,95880,28,1,32,36,80,8,192,96,20,254,609,1776,2669,1525361058690445,1525361058735375,44930
hs,71440,37,624,496,155,240,392,92,9,8,28,20,32,96,23,8,8922,28,0,32,36,80,8,192,96,20,254,609,1776,2669,1525361058750380,1525361058755242,4862
hs,594144,37,624,496,155,240,392,92,9,8,28,20,32,96,23,8,74258,28,0,32,36,80,8,192,96,20,254,609,1776,2669,1525361058772959,1525361058807252,34293
hs,64,37,632,496,162,264,392,92,9,8,28,22,32,104,23,8,49969,28,0,32,36,96,8,192,120,20,254,629,1800,2758,1525361058824916,1525361058849749,24833
hs,268496,37,624,496,155,240,392,92,9,8,28,20,32,96,23,8,33552,28,0,32,36,80,8,192,96,20,254,609,1776,2669,1525361058865247,1525361058883415,18168
hs,64,37,632,496,162,264,392,92,9,8,28,22,32,104,23,8,88882,28,0,32,36,96,8,192,120,20,254,629,1800,2758,1525361058900952,1525361058942853,41901
hs,527584,37,624,496,155,240,392,92,9,8,28,20,32,96,23,8,65939,28,0,32,36,80,8,192,96,20,254,609,1776,2669,1525361058960233,1525361058991821,31588
hs,564000,37,624,496,155,240,392,92,9,8,28,20,32,96,23,8,70489,28,0,32,36,80,8,192,96,20,254,609,1776,2669,1525361059009229,1525361059043860,34631
hs,720848,37,624,496,155,240,392,92,9,8,28,20,32,96,23,8,90096,28,0,32,36,80,8,192,96,20,254,609,1776,2669,1525361059064824,1525361059108082,43258
hs,178736,37,624,496,155,240,392,92,9,8,28,20,32,96,23,8,22333,28,1,32,36,80,8,192,96,20,254,609,1776,2669,1525361059123183,1525361059134560,11377
hs,746048,37,624,496,155,240,392,92,9,8,28,20,32,96,23,8,93248,28,0,32,36,80,8,192,96,20,254,609,1776,2669,1525361059152398,1525361059197202,44804
hs,614960,37,624,496,155,240,392,92,9,8,28,20,32,96,23,8,76861,28,0,32,36,80,8,192,96,20,254,609,1776,2669,1525361059215626,1525361059252600,36974
hs,767104,37,624,496,155,240,392,92,9,8,28,20,32,96,23,8,95880,28,0,32,36,80,8,192,96,20,254,609,1776,2669,1525361059270635,1525361059317055,46420
hs,534608,37,624,496,155,240,392,92,9,8,28,20,32,96,23,8,66816,28,1,32,36,80,8,192,96,20,254,609,1776,2669,1525361059336813,1525361059369543,32730
hs,379952,37,624,496,155,240,392,92,9,8,28,20,32,96,23,8,47485,28,1,32,36,80,8,192,96,20,254,609,1776,2669,1525361059386614,1525361059409860,23246
hs,64,37,632,496,162,264,392,92,9,8,28,22,32,104,23,8,68612,28,1,32,36,96,8,192,120,20,254,629,1800,2758,1525361059426883,1525361059457769,30886
hs,64,37,632,496,162,264,392,92,9,8,28,22,32,104,23,8,77760,28,0,32,36,96,8,192,120,20,254,629,1800,2758,1525361059476272,1525361059513564,37292
hs,63872,37,624,496,155,240,392,92,9,8,28,20,32,96,23,8,7975,28,0,32,36,80,8,192,96,20,254,609,1776,2669,1525361059528455,1525361059532242,3787
hs,207712,37,624,496,155,240,392,92,9,8,28,20,32,96,23,8,25956,28,1,32,36,80,8,192,96,20,254,609,1776,2669,1525361059546743,1525361059560523,13780
hs,64,37,632,496,162,264,392,92,9,8,28,22,32,104,23,8,28275,28,1,32,36,96,8,192,120,20,254,629,1800,2758,1525361059575824,1525361059590729,14905
mat,2661448,37,624,496,155,240,360,84,9,8,28,20,32,96,23,8,333,28,1,32,36,80,8,192,96,21,254,612,1800,2678,1525361059614176,1525361060118048,503872
mat,2188992,37,624,496,155,240,360,84,9,8,28,20,32,96,23,8,302,28,0,32,36,80,8,192,96,21,254,612,1800,2534,1525361060140238,1525361060486811,346573
mat,393312,37,624,496,155,240,360,84,9,8,28,20,32,96,23,8,128,28,0,32,36,80,8,192,96,21,254,612,1800,2518,1525361060502986,1525361060532126,29140
mat,478984,37,632,496,162,264,368,84,9,8,28,22,32,104,23,8,173,28,0,32,36,96,8,192,120,21,254,632,1824,2695,1525361060549137,1525361060602642,53505
mat,659464,37,632,496,162,264,368,84,9,8,28,22,32,104,23,8,203,28,0,32,36,96,8,192,120,21,254,632,1824,2695,1525361060619908,1525361060703457,83549
mat,1560712,37,624,496,155,240,360,84,9,8,28,20,32,96,23,8,255,28,0,32,36,80,8,192,96,21,254,612,1800,2550,1525361060724444,1525361060885854,161410
mat,477256,37,624,496,155,240,360,84,9,8,28,20,32,96,23,8,141,28,0,32,36,80,8,192,96,21,254,612,1800,2534,1525361060902608,1525361060936237,33629
mat,1225920,37,624,496,155,240,360,84,9,8,28,20,32,96,23,8,226,28,0,32,36,80,8,192,96,21,254,612,1800,2534,1525361060954146,1525361061076654,122508
mat,1172296,37,624,496,155,240,360,84,9,8,28,20,32,96,23,8,221,28,1,32,36,80,8,192,96,21,254,612,1800,2534,1525361061095489,1525361061209447,113958
mat,903360,37,624,496,155,240,360,84,9,8,28,20,32,96,23,8,194,28,0,32,36,80,8,192,96,21,254,612,1800,2534,1525361061228383,1525361061324137,95754
mat,1922248,37,624,496,155,240,360,84,9,8,28,20,32,96,23,8,283,28,1,32,36,80,8,192,96,21,254,612,1800,2534,1525361061344952,1525361061611043,266091
mat,431040,37,624,496,155,240,360,84,9,8,28,20,32,96,23,8,134,28,1,32,36,80,8,192,96,21,254,612,1800,2534,1525361061628141,1525361061660968,32827
mat,530112,37,632,496,162,264,368,84,9,8,28,22,32,104,23,8,182,28,0,32,36,96,8,192,120,21,254,632,1824,2695,1525361061678509,1525361061740695,62186
mat,1225920,37,624,496,155,240,360,84,9,8,28,20,32,96,23,8,226,28,1,32,36,80,8,192,96,21,254,612,1800,2534,1525361061758792,1525361061881639,122847
mat,357312,37,624,496,155,240,360,84,9,8,28,20,32,96,23,8,122,28,1,32,36,80,8,192,96,21,254,612,1800,2502,1525361061896130,1525361061923650,27520
mat,894088,37,624,496,155,240,360,84,9,8,28,20,32,96,23,8,193,28,1,32,36,80,8,192,96,21,254,612,1800,2598,1525361061941020,1525361062026351,85331
mat,812640,37,624,496,155,240,360,84,9,8,28,20,32,96,23,8,184,28,1,32,36,80,8,192,96,21,254,612,1800,2534,1525361062045128,1525361062112030,66902
mat,312000,37,624,496,155,240,360,84,9,8,28,20,32,96,23,8,114,28,1,32,36,80,8,192,96,21,254,612,1800,2502,1525361062126937,1525361062146339,19402
mat,296064,37,632,496,162,264,368,84,9,8,28,22,32,104,23,8,136,28,1,32,36,96,8,192,120,21,254,632,1824,2727,1525361062161799,1525361062190930,29131
mat,1749696,37,624,496,155,240,360,84,9,8,28,20,32,96,23,8,270,28,0,32,36,80,8,192,96,21,254,612,1800,2534,1525361062210806,1525361062457019,246213
mat,1299720,37,632,496,162,264,368,84,9,8,28,22,32,104,23,8,285,28,0,32,36,96,8,192,120,21,254,632,1824,2695,1525361062479492,1525361062712505,233013
mat,830400,37,624,496,155,240,360,84,9,8,28,20,32,96,23,8,186,28,1,32,36,80,8,192,96,21,254,612,1800,2534,1525361062730808,1525361062801633,70825
mat,339976,37,624,496,155,240,360,84,9,8,28,20,32,96,23,8,119,28,0,32,36,80,8,192,96,21,254,612,1800,2502,1525361062817339,1525361062840359,23020
mat,425224,37,632,496,162,264,368,84,9,8,28,22,32,104,23,8,163,28,1,32,36,96,8,192,120,21,254,632,1824,2775,1525361062856864,1525361062911125,54261
mat,287424,37,632,496,162,264,368,84,9,8,28,22,32,104,23,8,134,28,0,32,36,96,8,192,120,21,254,632,1824,2695,1525361062926138,1525361062954814,28676
mat,1149312,37,632,496,162,264,368,84,9,8,28,22,32,104,23,8,268,28,0,32,36,96,8,192,120,21,254,632,1824,2695,1525361062974998,1525361063167536,192538
mat,1336800,37,624,496,155,240,360,84,9,8,28,20,32,96,23,8,236,28,0,32,36,80,8,192,96,21,254,612,1800,2534,1525361063186545,1525361063325095,138550
mat,1336456,37,632,496,162,264,368,84,9,8,28,22,32,104,23,8,289,28,1,32,36,96,8,192,120,21,254,632,1824,2727,1525361063348332,1525361063612042,263710
mat,322752,37,632,496,162,264,368,84,9,8,28,22,32,104,23,8,142,28,0,32,36,96,8,192,120,21,254,632,1824,2695,1525361063628820,1525361063660368,31548
mat,1417288,37,624,496,155,240,360,84,9,8,28,20,32,96,23,8,243,28,0,32,36,80,8,192,96,21,254,612,1800,2694,1525361063680200,1525361063877241,197041
mat,312000,37,624,496,155,240,360,84,9,8,28,20,32,96,23,8,114,28,0,32,36,80,8,192,96,21,254,612,1800,2502,1525361063894016,1525361063915083,21067
mat,903360,37,624,496,155,240,360,84,9,8,28,20,32,96,23,8,194,28,1,32,36,80,8,192,96,21,254,612,1800,2534,1525361063931673,1525361064010977,79304
mat,2188992,37,624,496,155,240,360,84,9,8,28,20,32,96,23,8,302,28,1,32,36,80,8,192,96,21,254,612,1800,2534,1525361064031915,1525361064375683,343768
mat,812640,37,624,496,155,240,360,84,9,8,28,20,32,96,23,8,184,28,0,32,36,80,8,192,96,21,254,612,1800,2534,1525361064394174,1525361064464238,70064
mat,891264,37,632,496,162,264,368,84,9,8,28,22,32,104,23,8,236,28,1,32,36,96,8,192,120,21,254,632,1824,2695,1525361064484564,1525361064614001,129437
mat,399552,37,632,496,162,264,368,84,9,8,28,22,32,104,23,8,158,28,0,32,36,96,8,192,120,21,254,632,1824,2695,1525361064630250,1525361064673351,43101
mat,884832,37,624,496,155,240,360,84,9,8,28,20,32,96,23,8,192,28,1,32,36,80,8,192,96,21,254,612,1800,2582,1525361064689590,1525361064787828,98238
mat,2203528,37,624,496,155,240,360,84,9,8,28,20,32,96,23,8,303,28,0,32,36,80,8,192,96,21,254,612,1800,2534,1525361064809226,1525361065138109,328883
mat,226696,37,632,496,162,264,368,84,9,8,28,22,32,104,23,8,119,28,1,32,36,96,8,192,120,21,254,632,1824,2663,1525361065152193,1525361065174116,21923
mat,777696,37,624,496,155,240,360,84,9,8,28,20,32,96,23,8,180,28,1,32,36,80,8,192,96,21,254,612,1800,2534,1525361065188999,1525361065254063,65064
mat,2291656,37,624,496,155,240,360,84,9,8,28,20,32,96,23,8,309,28,0,32,36,80,8,192,96,21,254,612,1800,2534,1525361065276782,1525361065619815,343033
mat,1161696,37,624,496,155,240,360,84,9,8,28,20,32,96,23,8,220,28,0,32,36,80,8,192,96,21,254,612,1800,2534,1525361065638353,1525361065758883,120530
mat,1247712,37,624,496,155,240,360,84,9,8,28,20,32,96,23,8,228,28,1,32,36,80,8,192,96,21,254,612,1800,2534,1525361065777065,1525361065901587,124522
mat,444000,37,624,496,155,240,360,84,9,8,28,20,32,96,23,8,136,28,0,32,36,80,8,192,96,21,254,612,1800,2582,1525361065917411,1525361065947146,29735
mat,328648,37,624,496,155,240,360,84,9,8,28,20,32,96,23,8,117,28,0,32,36,80,8,192,96,21,254,612,1800,2662,1525361065962328,1525361065987699,25371
mat,599232,37,624,496,155,240,360,84,9,8,28,20,32,96,23,8,158,28,1,32,36,80,8,192,96,21,254,612,1800,2534,1525361066004538,1525361066058186,53648
mat,565632,37,632,496,162,264,368,84,9,8,28,22,32,104,23,8,188,28,1,32,36,96,8,192,120,21,254,632,1824,2695,1525361066074967,1525361066142002,67035
mat,1325512,37,624,496,155,240,360,84,9,8,28,20,32,96,23,8,235,28,1,32,36,80,8,192,96,21,254,612,1800,2534,1525361066161891,1525361066296958,135067
mat,839368,37,624,496,155,240,360,84,9,8,28,20,32,96,23,8,187,28,0,32,36,80,8,192,96,21,254,612,1800,2534,1525361066314858,1525361066397941,83083
mat,1647552,37,624,496,155,240,360,84,9,8,28,20,32,96,23,8,262,28,1,32,36,80,8,192,96,21,254,612,1800,2534,1525361066417860,1525361066645772,227912
mat,418272,37,624,496,155,240,360,84,9,8,28,20,32,96,23,8,132,28,1,32,36,80,8,192,96,21,254,612,1800,2582,1525361066662979,1525361066692342,29363
mat,596104,37,632,496,162,264,368,84,9,8,28,22,32,104,23,8,193,28,0,32,36,96,8,192,120,21,254,632,1824,2727,1525361066710774,1525361066791285,80511
mat,848352,37,624,496,155,240,360,84,9,8,28,20,32,96,23,8,188,28,0,32,36,80,8,192,96,21,254,612,1800,2534,1525361066809387,1525361066881620,72233
mat,2291656,37,624,496,155,240,360,84,9,8,28,20,32,96,23,8,309,28,1,32,36,80,8,192,96,21,254,612,1800,2534,1525361066905311,1525361067257428,352117
mat,1218944,37,632,496,162,264,368,84,9,8,28,22,32,104,23,8,276,28,0,32,36,96,8,192,120,21,254,632,1824,2695,1525361067279971,1525361067490485,210514
mat,1325512,37,624,496,155,240,360,84,9,8,28,20,32,96,23,8,235,28,0,32,36,80,8,192,96,21,254,612,1800,2534,1525361067510890,1525361067646668,135778
mat,661440,37,624,496,155,240,360,84,9,8,28,20,32,96,23,8,166,28,0,32,36,80,8,192,96,21,254,612,1800,2534,1525361067663622,1525361067725252,61630
mat,1922248,37,624,496,155,240,360,84,9,8,28,20,32,96,23,8,283,28,0,32,36,80,8,192,96,21,254,612,1800,2534,1525361067744288,1525361067995962,251674
mat,1723872,37,624,496,155,240,360,84,9,8,28,20,32,96,23,8,268,28,1,32,36,80,8,192,96,21,254,612,1800,2534,1525361068017473,1525361068218788,201315
mat,839368,37,624,496,155,240,360,84,9,8,28,20,32,96,23,8,187,28,1,32,36,80,8,192,96,21,254,612,1800,2534,1525361068237858,1525361068308398,70540
mat,290496,37,624,496,155,240,360,84,9,8,28,20,32,96,23,8,110,28,0,32,36,80,8,192,96,21,254,612,1800,2502,1525361068324863,1525361068344396,19533
mat,219144,37,632,496,162,264,368,84,9,8,28,22,32,104,23,8,117,28,1,32,36,96,8,192,120,21,254,632,1824,2759,1525361068361002,1525361068384853,23851
mat,1476192,37,624,496,155,240,360,84,9,8,28,20,32,96,23,8,248,28,1,32,36,80,8,192,96,21,254,612,1800,2582,1525361068404054,1525361068565044,160990
mat,884832,37,624,496,155,240,360,84,9,8,28,20,32,96,23,8,192,28,0,32,36,80,8,192,96,21,254,612,1800,2582,1525361068582953,1525361068680823,97870
mat,735112,37,624,496,155,240,360,84,9,8,28,20,32,96,23,8,175,28,0,32,36,80,8,192,96,21,254,612,1800,2534,1525361068699161,1525361068757924,58763
mat,1417288,37,624,496,155,240,360,84,9,8,28,20,32,96,23,8,243,28,1,32,36,80,8,192,96,21,254,612,1800,2694,1525361068778752,1525361068974535,195783
mat,357312,37,624,496,155,240,360,84,9,8,28,20,32,96,23,8,122,28,0,32,36,80,8,192,96,21,254,612,1800,2502,1525361068989742,1525361069016683,26941
mat,418272,37,624,496,155,240,360,84,9,8,28,20,32,96,23,8,132,28,0,32,36,80,8,192,96,21,254,612,1800,2582,1525361069031610,1525361069061851,30241
mat,441024,37,632,496,162,264,368,84,9,8,28,22,32,104,23,8,166,28,1,32,36,96,8,192,120,21,254,632,1824,2695,1525361069077672,1525361069126285,48613
mat,2351368,37,624,496,155,240,360,84,9,8,28,20,32,96,23,8,313,28,0,32,36,80,8,192,96,21,254,612,1800,2534,1525361069147424,1525361069506866,359442
mat,2351368,37,624,496,155,240,360,84,9,8,28,20,32,96,23,8,313,28,1,32,36,80,8,192,96,21,254,612,1800,2534,1525361069528037,1525361069892012,363975
mat,760512,37,624,496,155,240,360,84,9,8,28,20,32,96,23,8,178,28,1,32,36,80,8,192,96,21,254,612,1800,2534,1525361069910784,1525361069982587,71803
mat,1336456,37,632,496,162,264,368,84,9,8,28,22,32,104,23,8,289,28,0,32,36,96,8,192,120,21,254,632,1824,2727,1525361070004112,1525361070268291,264179
mat,645600,37,624,496,155,240,360,84,9,8,28,20,32,96,23,8,164,28,0,32,36,80,8,192,96,21,254,612,1800,2630,1525361070285378,1525361070351308,65930
mat,242184,37,632,496,162,264,368,84,9,8,28,22,32,104,23,8,123,28,0,32,36,96,8,192,120,21,254,632,1824,2663,1525361070367789,1525361070390358,22569
mat,1058496,37,624,496,155,240,360,84,9,8,28,20,32,96,23,8,210,28,1,32,36,80,8,192,96,21,254,612,1800,2534,1525361070407557,1525361070526809,119252
mat,1560712,37,624,496,155,240,360,84,9,8,28,20,32,96,23,8,255,28,1,32,36,80,8,192,96,21,254,612,1800,2550,1525361070546457,1525361070728064,181607
mat,2203528,37,624,496,155,240,360,84,9,8,28,20,32,96,23,8,303,28,1,32,36,80,8,192,96,21,254,612,1800,2534,1525361070750075,1525361071035740,285665
mat,781576,37,632,496,162,264,368,84,9,8,28,22,32,104,23,8,221,28,0,32,36,96,8,192,120,21,254,632,1824,2695,1525361071055248,1525361071163858,108610
mat,193728,37,632,496,162,264,368,84,9,8,28,22,32,104,23,8,110,28,1,32,36,96,8,192,120,21,254,632,1824,2663,1525361071179711,1525361071198055,18344
mat,1247712,37,624,496,155,240,360,84,9,8,28,20,32,96,23,8,228,28,0,32,36,80,8,192,96,21,254,612,1800,2534,1525361071215470,1525361071341630,126160
mat,490120,37,632,496,162,264,368,84,9,8,28,22,32,104,23,8,175,28,1,32,36,96,8,192,120,21,254,632,1824,2695,1525361071359629,1525361071415351,55722
mat,1647552,37,624,496,155,240,360,84,9,8,28,20,32,96,23,8,262,28,0,32,36,80,8,192,96,21,254,612,1800,2534,1525361071435856,1525361071663093,227237
mat,1476192,37,624,496,155,240,360,84,9,8,28,20,32,96,23,8,248,28,0,32,36,80,8,192,96,21,254,612,1800,2582,1525361071684274,1525361071843891,159617
mat,484032,37,624,496,155,240,360,84,9,8,28,20,32,96,23,8,142,28,1,32,36,80,8,192,96,21,254,612,1800,2534,1525361071860643,1525361071901224,40581
mat,989128,37,624,496,155,240,360,84,9,8,28,20,32,96,23,8,203,28,1,32,36,80,8,192,96,21,254,612,1800,2534,1525361071918673,1525361072018774,100101
mat,777696,37,624,496,155,240,360,84,9,8,28,20,32,96,23,8,180,28,0,32,36,80,8,192,96,21,254,612,1800,2534,1525361072036033,1525361072101864,65831
mat,1949512,37,624,496,155,240,360,84,9,8,28,20,32,96,23,8,285,28,1,32,36,80,8,192,96,21,254,612,1800,2534,1525361072123663,1525361072413879,290216
mat,637768,37,624,496,155,240,360,84,9,8,28,20,32,96,23,8,163,28,0,32,36,80,8,192,96,21,254,612,1800,2678,1525361072429808,1525361072490240,60432
mat,1161696,37,624,496,155,240,360,84,9,8,28,20,32,96,23,8,220,28,1,32,36,80,8,192,96,21,254,612,1800,2534,1525361072507712,1525361072621555,113843
mat,705728,37,632,496,162,264,368,84,9,8,28,22,32,104,23,8,210,28,0,32,36,96,8,192,120,21,254,632,1824,2695,1525361072640457,1525361072733152,92695
mat,393312,37,624,496,155,240,360,84,9,8,28,20,32,96,23,8,128,28,1,32,36,80,8,192,96,21,254,612,1800,2518,1525361072749326,1525361072777250,27924
mat,553664,37,632,496,162,264,368,84,9,8,28,22,32,104,23,8,186,28,0,32,36,96,8,192,120,21,254,632,1824,2695,1525361072794752,1525361072859858,65106
mat,477256,37,624,496,155,240,360,84,9,8,28,20,32,96,23,8,141,28,1,32,36,80,8,192,96,21,254,612,1800,2534,1525361072876107,1525361072910987,34880
mat,507072,37,632,496,162,264,368,84,9,8,28,22,32,104,23,8,178,28,0,32,36,96,8,192,120,21,254,632,1824,2695,1525361072929528,1525361072986392,56864
mat,2661448,37,624,496,155,240,360,84,9,8,28,20,32,96,23,8,333,28,0,32,36,80,8,192,96,21,254,612,1800,2678,1525361073009618,1525361073514262,504644
mat,363208,37,624,496,155,240,360,84,9,8,28,20,32,96,23,8,123,28,1,32,36,80,8,192,96,21,254,612,1800,2502,1525361073530074,1525361073554857,24783
mat,530112,37,632,496,162,264,368,84,9,8,28,22,32,104,23,8,182,28,1,32,36,96,8,192,120,21,254,632,1824,2695,1525361073571854,1525361073633838,61984
mat,718408,37,624,496,155,240,360,84,9,8,28,20,32,96,23,8,173,28,1,32,36,80,8,192,96,21,254,612,1800,2534,1525361073651515,1525361073709066,57551
mat,1166528,37,632,496,162,264,368,84,9,8,28,22,32,104,23,8,270,28,1,32,36,96,8,192,120,21,254,632,1824,2695,1525361073729638,1525361073926510,196872
mat,430464,37,632,496,162,264,368,84,9,8,28,22,32,104,23,8,164,28,1,32,36,96,8,192,120,21,254,632,1824,2743,1525361073943530,1525361073994447,50917
mat,1828320,37,624,496,155,240,360,84,9,8,28,20,32,96,23,8,276,28,1,32,36,80,8,192,96,21,254,612,1800,2534,1525361074015581,1525361074234603,219022
