bub,64,37,632,496,162,264,360,84,9,8,28,22,32,104,23,8,8468,28,15,32,36,96,8,192,120,21,254,623,1776,2431,1525357789596127,1525357789947914,351787
bub,51376,37,624,496,155,240,360,84,9,8,28,20,32,96,23,8,6411,28,18,32,36,80,8,192,96,21,254,603,1752,2358,1525357747742165,1525357747923992,181827
bub,64,37,632,496,162,264,360,84,9,8,28,22,32,104,23,8,1490,28,2,32,36,96,8,192,120,21,254,623,1776,2431,1525357774417601,1525357774433722,16121
fac,160080,37,616,496,150,216,392,92,9,8,28,18,32,88,23,8,1763,28,17,32,36,64,8,192,72,21,254,598,1752,2423,1525357840945974,1525357841012169,66195
bub,32048,37,624,496,155,240,360,84,9,8,28,20,32,96,23,8,3997,28,19,32,36,80,8,192,96,21,254,603,1752,2358,1525357793458090,1525357793530229,72139
mat,2661448,37,624,496,155,240,360,84,9,8,28,20,32,96,23,8,333,28,15,32,36,80,8,192,96,21,254,612,1800,2678,1525357928876426,1525357929385394,508968
bub,26944,37,624,496,155,240,360,84,9,8,28,20,32,96,23,8,3358,28,18,32,36,80,8,192,96,21,254,603,1752,2358,1525357709665648,1525357709716324,50676
fac,160064,37,616,496,150,216,392,92,9,8,28,18,32,88,23,8,4801,28,17,32,36,64,8,192,72,21,254,598,1752,2423,1525357888138827,1525357888667478,528651
bub,35696,37,624,496,155,240,360,84,9,8,28,20,32,96,23,8,4452,28,12,32,36,80,8,192,96,21,254,603,1752,2358,1525357701864716,1525357701953266,88550
hs,770064,37,624,496,155,240,392,92,9,8,28,20,32,96,23,8,96249,28,18,32,36,80,8,192,96,20,254,609,1776,2669,1525357920168032,1525357920214228,46196
hs,700720,37,624,496,155,240,392,92,9,8,28,20,32,96,23,8,87579,28,3,32,36,80,8,192,96,20,254,609,1776,2669,1525357906035918,1525357906078048,42130
hs,593504,37,624,496,155,240,392,92,9,8,28,20,32,96,23,8,74177,28,11,32,36,80,8,192,96,20,254,609,1776,2669,1525357907949330,1525357907983456,34126
mat,2661448,37,624,496,155,240,360,84,9,8,28,20,32,96,23,8,333,28,1,32,36,80,8,192,96,21,254,612,1800,2678,1525357928229986,1525357928735706,505720
fac,64,37,624,496,157,240,392,92,9,8,28,20,32,96,23,8,4341,28,7,32,36,80,8,192,96,21,254,618,1776,2528,1525357808314067,1525357808740749,426682
hs,294304,37,624,496,155,240,392,92,9,8,28,20,32,96,23,8,36779,28,12,32,36,80,8,192,96,20,254,609,1776,2669,1525357920852167,1525357920871734,19567
bub,62928,37,624,496,155,240,360,84,9,8,28,20,32,96,23,8,7856,28,8,32,36,80,8,192,96,21,254,603,1752,2358,1525357765659659,1525357765929286,269627
hs,64,37,632,496,162,264,392,92,9,8,28,22,32,104,23,8,62090,28,1,32,36,96,8,192,120,20,254,629,1800,2758,1525357919565127,1525357919594384,29257
hs,64,37,632,496,162,264,392,92,9,8,28,22,32,104,23,8,4016,28,3,32,36,96,8,192,120,20,254,629,1800,2758,1525357906092763,1525357906094759,1996
hs,64,37,632,496,162,264,392,92,9,8,28,22,32,104,23,8,50718,28,14,32,36,96,8,192,120,20,254,629,1800,2758,1525357906594084,1525357906617868,23784
fac,160080,37,616,496,150,216,392,92,9,8,28,18,32,88,23,8,1930,28,3,32,36,64,8,192,72,21,254,598,1752,2423,1525357871817936,1525357871897314,79378
bub,29440,37,624,496,155,240,360,84,9,8,28,20,32,96,23,8,3672,28,2,32,36,80,8,192,96,21,254,603,1752,2358,1525357715857361,1525357715918934,61573
hs,701616,37,624,496,155,240,392,92,9,8,28,20,32,96,23,8,87691,28,7,32,36,80,8,192,96,20,254,609,1776,2669,1525357923842161,1525357923884289,42128
bub,64,37,632,496,162,264,360,84,9,8,28,22,32,104,23,8,3253,28,6,32,36,96,8,192,120,21,254,623,1776,2431,1525357721273822,1525357721327577,53755
hs,64,37,632,496,162,264,392,92,9,8,28,22,32,104,23,8,28275,28,9,32,36,96,8,192,120,20,254,629,1800,2758,1525357907467685,1525357907481253,13568
bub,51840,37,624,496,155,240,360,84,9,8,28,20,32,96,23,8,6471,28,2,32,36,80,8,192,96,21,254,603,1752,2358,1525357773026248,1525357773211036,184788
bub,60400,37,624,496,155,240,360,84,9,8,28,20,32,96,23,8,7541,28,15,32,36,80,8,192,96,21,254,603,1752,2358,1525357764615044,1525357764866309,251265
hs,32416,37,624,496,155,240,392,92,9,8,28,20,32,96,23,8,4041,28,9,32,36,80,8,192,96,20,254,609,1776,2669,1525357911662068,1525357911664241,2173
fac,160064,37,616,496,150,216,392,92,9,8,28,18,32,88,23,8,2361,28,8,32,36,64,8,192,72,21,254,598,1752,2423,1525357873862643,1525357873982538,119895
bub,64,37,632,496,162,264,360,84,9,8,28,22,32,104,23,8,4341,28,6,32,36,96,8,192,120,21,254,623,1776,2431,1525357703263043,1525357703358989,95946
hs,172896,37,624,496,155,240,392,92,9,8,28,20,32,96,23,8,21604,28,6,32,36,80,8,192,96,20,254,609,1776,2669,1525357914612126,1525357914624617,12491
fac,160080,37,616,496,150,216,392,92,9,8,28,18,32,88,23,8,880,28,16,32,36,64,8,192,72,21,254,598,1752,2423,1525357848623803,1525357848643278,19475
hs,611424,37,624,496,155,240,392,92,9,8,28,20,32,96,23,8,76417,28,19,32,36,80,8,192,96,20,254,609,1776,2669,1525357906635166,1525357906672244,37078
hs,64,37,632,496,162,264,392,92,9,8,28,22,32,104,23,8,19122,28,1,32,36,96,8,192,120,20,254,629,1800,2758,1525357915312397,1525357915324881,12484
hs,64,37,632,496,162,264,392,92,9,8,28,22,32,104,23,8,49803,28,18,32,36,96,8,192,120,20,254,629,1800,2758,1525357917746879,1525357917772329,25450
fac,64,37,624,496,157,240,392,92,9,8,28,20,32,96,23,8,4685,28,3,32,36,80,8,192,96,21,254,618,1776,2528,1525357818317561,1525357818820673,503112
fac,160080,37,616,496,150,216,392,92,9,8,28,18,32,88,23,8,945,28,17,32,36,64,8,192,72,21,254,598,1752,2423,1525357867266973,1525357867287499,20526
fac,160064,37,616,496,150,216,392,92,9,8,28,18,32,88,23,8,2700,28,17,32,36,64,8,192,72,21,254,598,1752,2423,1525357822880335,1525357823037443,157108
hs,64,37,632,496,162,264,392,92,9,8,28,22,32,104,23,8,22126,28,3,32,36,96,8,192,120,20,254,629,1800,2758,1525357911959913,1525357911972074,12161
hs,767120,37,624,496,155,240,392,92,9,8,28,20,32,96,23,8,95880,28,5,32,36,80,8,192,96,20,254,609,1776,2669,1525357919794366,1525357919840338,45972
hs,64,37,632,496,162,264,392,92,9,8,28,22,32,104,23,8,45328,28,16,32,36,96,8,192,120,20,254,629,1800,2758,1525357923359122,1525357923382064,22942
mat,812640,37,624,496,155,240,360,84,9,8,28,20,32,96,23,8,184,28,1,32,36,80,8,192,96,21,254,612,1800,2534,1525357945068253,1525357945137356,69103
mat,2188992,37,624,496,155,240,360,84,9,8,28,20,32,96,23,8,302,28,14,32,36,80,8,192,96,21,254,612,1800,2534,1525357932883919,1525357933230232,346313
bub,61936,37,624,496,155,240,360,84,9,8,28,20,32,96,23,8,7733,28,16,32,36,80,8,192,96,21,254,603,1752,2358,1525357722599283,1525357722862866,263583
hs,64,37,632,496,162,264,392,92,9,8,28,22,32,104,23,8,28801,28,1,32,36,96,8,192,120,20,254,629,1800,2758,1525357914048905,1525357914063648,14743
bub,64304,37,624,496,155,240,360,84,9,8,28,20,32,96,23,8,8030,28,19,32,36,80,8,192,96,21,254,603,1752,2358,1525357733276200,1525357733559061,282861
hs,473168,37,624,496,155,240,392,92,9,8,28,20,32,96,23,8,59136,28,7,32,36,80,8,192,96,20,254,609,1776,2669,1525357912584322,1525357912612728,28406
hs,384608,37,624,496,155,240,392,92,9,8,28,20,32,96,23,8,48067,28,8,32,36,80,8,192,96,20,254,609,1776,2669,1525357919979016,1525357920002571,23555
hs,795488,37,624,496,155,240,392,92,9,8,28,20,32,96,23,8,99428,28,7,32,36,80,8,192,96,20,254,609,1776,2669,1525357909798200,1525357909845925,47725
fac,64,37,624,496,157,240,392,92,9,8,28,20,32,96,23,8,1199,28,6,32,36,80,8,192,96,21,254,618,1776,2528,1525357872512701,1525357872545100,32399
hs,64,37,632,496,162,264,392,92,9,8,28,22,32,104,23,8,65939,28,11,32,36,96,8,192,120,20,254,629,1800,2758,1525357909193501,1525357909225784,32283
fac,64,37,624,496,157,240,392,92,9,8,28,20,32,96,23,8,4465,28,11,32,36,80,8,192,96,21,254,618,1776,2528,1525357845450625,1525357845904178,453553
hs,704784,37,624,496,155,240,392,92,9,8,28,20,32,96,23,8,88090,28,14,32,36,80,8,192,96,20,254,609,1776,2669,1525357916193690,1525357916235249,41559
bub,27280,37,624,496,155,240,360,84,9,8,28,20,32,96,23,8,3401,28,2,32,36,80,8,192,96,21,254,603,1752,2358,1525357706840048,1525357706893473,53425
fac,160064,37,616,496,150,216,392,92,9,8,28,18,32,88,23,8,3470,28,17,32,36,64,8,192,72,21,254,598,1752,2423,1525357831779306,1525357832045731,266425
fac,160080,37,616,496,150,216,392,92,9,8,28,18,32,88,23,8,3262,28,9,32,36,64,8,192,72,21,254,598,1752,2423,1525357878008289,1525357878241917,233628
fac,160064,37,616,496,150,216,392,92,9,8,28,18,32,88,23,8,1666,28,7,32,36,64,8,192,72,21,254,598,1752,2423,1525357798844057,1525357798901602,57545
bub,64,37,632,496,162,264,360,84,9,8,28,22,32,104,23,8,4394,28,17,32,36,96,8,192,120,21,254,623,1776,2431,1525357794652929,1525357794750127,97198
fac,160064,37,616,496,150,216,392,92,9,8,28,18,32,88,23,8,2625,28,18,32,36,64,8,192,72,21,254,598,1752,2423,1525357889920736,1525357890069277,148541
hs,64,37,632,496,162,264,392,92,9,8,28,22,32,104,23,8,76561,28,5,32,36,96,8,192,120,20,254,629,1800,2758,1525357915476829,1525357915512360,35531
bub,25824,37,624,496,155,240,360,84,9,8,28,20,32,96,23,8,3220,28,6,32,36,80,8,192,96,21,254,603,1752,2358,1525357704333123,1525357704381220,48097
bub,46880,37,624,496,155,240,360,84,9,8,28,20,32,96,23,8,5850,28,3,32,36,80,8,192,96,21,254,603,1752,2358,1525357790793856,1525357790944477,150621
hs,64,37,632,496,162,264,392,92,9,8,28,22,32,104,23,8,50561,28,10,32,36,96,8,192,120,20,254,629,1800,2758,1525357915848983,1525357915874525,25542
hs,64,37,632,496,162,264,392,92,9,8,28,22,32,104,23,8,94056,28,1,32,36,96,8,192,120,20,254,629,1800,2758,1525357918792347,1525357918836988,44641
hs,463152,37,624,496,155,240,392,92,9,8,28,20,32,96,23,8,57885,28,2,32,36,80,8,192,96,20,254,609,1776,2669,1525357908251754,1525357908279972,28218
bub,64,37,632,496,162,264,360,84,9,8,28,22,32,104,23,8,7551,28,1,32,36,96,8,192,120,21,254,623,1776,2431,1525357760928090,1525357761206891,278801
bub,64,37,632,496,162,264,360,84,9,8,28,22,32,104,23,8,9091,28,3,32,36,96,8,192,120,21,254,623,1776,2431,1525357736522696,1525357736927939,405243
fac,160080,37,616,496,150,216,392,92,9,8,28,18,32,88,23,8,1472,28,13,32,36,64,8,192,72,21,254,598,1752,2423,1525357814732468,1525357814779004,46536
fac,64,37,624,496,157,240,392,92,9,8,28,20,32,96,23,8,4930,28,1,32,36,80,8,192,96,21,254,618,1776,2528,1525357821614831,1525357822175144,560313
fac,160080,37,616,496,150,216,392,92,9,8,28,18,32,88,23,8,3925,28,5,32,36,64,8,192,72,21,254,598,1752,2423,1525357847881527,1525357848225122,343595
bub,64,37,632,496,162,264,360,84,9,8,28,22,32,104,23,8,2848,28,9,32,36,96,8,192,120,21,254,623,1776,2431,1525357768475983,1525357768520034,44051
fac,64,37,624,496,157,240,392,92,9,8,28,20,32,96,23,8,4930,28,1,32,36,80,8,192,96,21,254,618,1776,2528,1525357821614831,1525357822175144,560313
fac,64,37,624,496,157,240,392,92,9,8,28,20,32,96,23,8,2023,28,11,32,36,80,8,192,96,21,254,618,1776,2528,1525357874402206,1525357874488366,86160
hs,145360,37,624,496,155,240,392,92,9,8,28,20,32,96,23,8,18161,28,3,32,36,80,8,192,96,20,254,609,1776,2669,1525357913000325,1525357913009877,9552
fac,160064,37,616,496,150,216,392,92,9,8,28,18,32,88,23,8,2639,28,18,32,36,64,8,192,72,21,254,598,1752,2423,1525357797967400,1525357798116137,148737
fac,160064,37,616,496,150,216,392,92,9,8,28,18,32,88,23,8,3221,28,11,32,36,64,8,192,72,21,254,598,1752,2423,1525357835092121,1525357835318908,226787
bub,17504,37,624,496,155,240,360,84,9,8,28,20,32,96,23,8,2177,28,9,32,36,80,8,192,96,21,254,603,1752,2358,1525357711087351,1525357711110128,22777
hs,64,37,632,496,162,264,392,92,9,8,28,22,32,104,23,8,33552,28,10,32,36,96,8,192,120,20,254,629,1800,2758,1525357922304237,1525357922322426,18189
hs,473168,37,624,496,155,240,392,92,9,8,28,20,32,96,23,8,59136,28,7,32,36,80,8,192,96,20,254,609,1776,2669,1525357912584322,1525357912612728,28406
fac,64,37,624,496,157,240,392,92,9,8,28,20,32,96,23,8,2644,28,18,32,36,80,8,192,96,21,254,618,1776,2528,1525357806433111,1525357806581271,148160
fac,64,37,624,496,157,240,392,92,9,8,28,20,32,96,23,8,2652,28,9,32,36,80,8,192,96,21,254,618,1776,2528,1525357883330843,1525357883481675,150832
hs,64,37,632,496,162,264,392,92,9,8,28,22,32,104,23,8,22333,28,9,32,36,96,8,192,120,20,254,629,1800,2758,1525357913436492,1525357913450113,13621
hs,467232,37,624,496,155,240,392,92,9,8,28,20,32,96,23,8,58395,28,13,32,36,80,8,192,96,20,254,609,1776,2669,1525357917391698,1525357917420711,29013
hs,467376,37,624,496,155,240,392,92,9,8,28,20,32,96,23,8,58413,28,11,32,36,80,8,192,96,20,254,609,1776,2669,1525357911498238,1525357911527318,29080
hs,64,37,632,496,162,264,392,92,9,8,28,22,32,104,23,8,19122,28,1,32,36,96,8,192,120,20,254,629,1800,2758,1525357915312397,1525357915324881,12484
fac,160080,37,616,496,150,216,392,92,9,8,28,18,32,88,23,8,3192,28,3,32,36,64,8,192,72,21,254,598,1752,2423,1525357878751034,1525357878974010,222976
hs,64,37,632,496,162,264,392,92,9,8,28,22,32,104,23,8,76861,28,16,32,36,96,8,192,120,20,254,629,1800,2758,1525357915921755,1525357915958812,37057
hs,448816,37,624,496,155,240,392,92,9,8,28,20,32,96,23,8,56093,28,6,32,36,80,8,192,96,20,254,609,1776,2669,1525357915205772,1525357915232269,26497
fac,64,37,624,496,157,240,392,92,9,8,28,20,32,96,23,8,3278,28,2,32,36,80,8,192,96,21,254,618,1776,2528,1525357803019290,1525357803254079,234789
bub,64,37,632,496,162,264,360,84,9,8,28,22,32,104,23,8,7111,28,11,32,36,96,8,192,120,21,254,623,1776,2431,1525357744817701,1525357745066449,248748
fac,160080,37,616,496,150,216,392,92,9,8,28,18,32,88,23,8,1381,28,10,32,36,64,8,192,72,21,254,598,1752,2423,1525357865329873,1525357865370629,40756
hs,64,37,632,496,162,264,392,92,9,8,28,22,32,104,23,8,95807,28,16,32,36,96,8,192,120,20,254,629,1800,2758,1525357910526766,1525357910570581,43815
hs,64,37,632,496,162,264,392,92,9,8,28,22,32,104,23,8,8606,28,9,32,36,96,8,192,120,20,254,629,1800,2758,1525357906757750,1525357906761905,4155
bub,39888,37,624,496,155,240,360,84,9,8,28,20,32,96,23,8,4978,28,17,32,36,80,8,192,96,21,254,603,1752,2358,1525357794527561,1525357794637676,110115
hs,64,37,632,496,162,264,392,92,9,8,28,22,32,104,23,8,34784,28,18,32,36,96,8,192,120,20,254,629,1800,2758,1525357914728233,1525357914746840,18607
bub,55200,37,624,496,155,240,360,84,9,8,28,20,32,96,23,8,6891,28,3,32,36,80,8,192,96,21,254,603,1752,2358,1525357713542762,1525357713751346,208584
mat,705728,37,632,496,162,264,368,84,9,8,28,22,32,104,23,8,210,28,5,32,36,96,8,192,120,21,254,632,1824,2695,1525357929964495,1525357930057175,92680
hs,64,37,632,496,162,264,392,92,9,8,28,22,32,104,23,8,12415,28,9,32,36,96,8,192,120,20,254,629,1800,2758,1525357906154683,1525357906162100,7417
fac,64,37,624,496,157,240,392,92,9,8,28,20,32,96,23,8,1999,28,1,32,36,80,8,192,96,21,254,618,1776,2528,1525357830745497,1525357830829915,84418
bub,56640,37,624,496,155,240,360,84,9,8,28,20,32,96,23,8,7069,28,1,32,36,80,8,192,96,21,254,603,1752,2358,1525357777529313,1525357777748944,219631
hs,467232,37,624,496,155,240,392,92,9,8,28,20,32,96,23,8,58395,28,13,32,36,80,8,192,96,20,254,609,1776,2669,1525357917391698,1525357917420711,29013
mat,2351368,37,624,496,155,240,360,84,9,8,28,20,32,96,23,8,313,28,15,32,36,80,8,192,96,21,254,612,1800,2534,1525357944467621,1525357944853728,386107
fac,64,37,624,496,157,240,392,92,9,8,28,20,32,96,23,8,3278,28,2,32,36,80,8,192,96,21,254,618,1776,2528,1525357803019290,1525357803254079,234789
hs,795488,37,624,496,155,240,392,92,9,8,28,20,32,96,23,8,99428,28,7,32,36,80,8,192,96,20,254,609,1776,2669,1525357909798200,1525357909845925,47725
hs,64,37,632,496,162,264,392,92,9,8,28,22,32,104,23,8,90096,28,4,32,36,96,8,192,120,20,254,629,1800,2758,1525357916722454,1525357916766119,43665
bub,64,37,632,496,162,264,360,84,9,8,28,22,32,104,23,8,5191,28,13,32,36,96,8,192,120,21,254,623,1776,2431,1525357706955303,1525357707087802,132499
mat,839368,37,624,496,155,240,360,84,9,8,28,20,32,96,23,8,187,28,10,32,36,80,8,192,96,21,254,612,1800,2534,1525357932098389,1525357932181450,83061
fac,160064,37,616,496,150,216,392,92,9,8,28,18,32,88,23,8,3702,28,10,32,36,64,8,192,72,21,254,598,1752,2423,1525357900028660,1525357900332956,304296
hs,379952,37,624,496,155,240,392,92,9,8,28,20,32,96,23,8,47485,28,18,32,36,80,8,192,96,20,254,609,1776,2669,1525357917564601,1525357917588117,23516
bub,35872,37,624,496,155,240,360,84,9,8,28,20,32,96,23,8,4475,28,13,32,36,80,8,192,96,21,254,603,1752,2358,1525357726731200,1525357726821696,90496
hs,107760,37,624,496,155,240,392,92,9,8,28,20,32,96,23,8,13459,28,4,32,36,80,8,192,96,20,254,609,1776,2669,1525357922772588,1525357922781042,8454
fac,160080,37,616,496,150,216,392,92,9,8,28,18,32,88,23,8,3835,28,18,32,36,64,8,192,72,21,254,598,1752,2423,1525357865384569,1525357865713023,328454
fac,160080,37,616,496,150,216,392,92,9,8,28,18,32,88,23,8,3201,28,17,32,36,64,8,192,72,21,254,598,1752,2423,1525357797182045,1525357797407897,225852
mat,477256,37,624,496,155,240,360,84,9,8,28,20,32,96,23,8,141,28,17,32,36,80,8,192,96,21,254,612,1800,2534,1525357958717496,1525357958750928,33432
hs,588768,37,624,496,155,240,392,92,9,8,28,20,32,96,23,8,73588,28,19,32,36,80,8,192,96,20,254,609,1776,2669,1525357921023529,1525357921058204,34675
bub,22336,37,624,496,155,240,360,84,9,8,28,20,32,96,23,8,2784,28,17,32,36,80,8,192,96,21,254,603,1752,2358,1525357737460795,1525357737499465,38670
hs,794976,37,624,496,155,240,392,92,9,8,28,20,32,96,23,8,99361,28,2,32,36,80,8,192,96,20,254,609,1776,2669,1525357911788063,1525357911835663,47600
fac,64,37,624,496,157,240,392,92,9,8,28,20,32,96,23,8,1790,28,17,32,36,80,8,192,96,21,254,618,1776,2528,1525357846015920,1525357846082044,66124
fac,64,37,624,496,157,240,392,92,9,8,28,20,32,96,23,8,3188,28,19,32,36,80,8,192,96,21,254,618,1776,2528,1525357833337567,1525357833559527,221960
mat,891264,37,632,496,162,264,368,84,9,8,28,22,32,104,23,8,236,28,2,32,36,96,8,192,120,21,254,632,1824,2695,1525357926984001,1525357927114097,130096
bub,64,37,632,496,162,264,360,84,9,8,28,22,32,104,23,8,8009,28,13,32,36,96,8,192,120,21,254,623,1776,2431,1525357732945962,1525357733261944,315982
fac,160080,37,616,496,150,216,392,92,9,8,28,18,32,88,23,8,3474,28,6,32,36,64,8,192,72,21,254,598,1752,2423,1525357828998317,1525357829264338,266021
fac,160080,37,616,496,150,216,392,92,9,8,28,18,32,88,23,8,3169,28,18,32,36,64,8,192,72,21,254,598,1752,2423,1525357809638345,1525357809857235,218890
fac,160064,37,616,496,150,216,392,92,9,8,28,18,32,88,23,8,3483,28,3,32,36,64,8,192,72,21,254,598,1752,2423,1525357820288320,1525357820555039,266719
mat,718408,37,624,496,155,240,360,84,9,8,28,20,32,96,23,8,173,28,4,32,36,80,8,192,96,21,254,612,1800,2534,1525357926906001,1525357926963979,57978
hs,64,37,632,496,162,264,392,92,9,8,28,22,32,104,23,8,90784,28,9,32,36,96,8,192,120,20,254,629,1800,2758,1525357916978364,1525357917022334,43970
hs,602848,37,624,496,155,240,392,92,9,8,28,20,32,96,23,8,75346,28,10,32,36,80,8,192,96,20,254,609,1776,2669,1525357916329650,1525357916366371,36721
hs,408128,37,624,496,155,240,392,92,9,8,28,20,32,96,23,8,51008,28,10,32,36,80,8,192,96,20,254,609,1776,2669,1525357922171202,1525357922197168,25966
fac,160064,37,616,496,150,216,392,92,9,8,28,18,32,88,23,8,3142,28,1,32,36,64,8,192,72,21,254,598,1752,2423,1525357831470909,1525357831686324,215415
hs,64,37,632,496,162,264,392,92,9,8,28,22,32,104,23,8,28275,28,9,32,36,96,8,192,120,20,254,629,1800,2758,1525357907467685,1525357907481253,13568
fac,160080,37,616,496,150,216,392,92,9,8,28,18,32,88,23,8,1701,28,19,32,36,64,8,192,72,21,254,598,1752,2423,1525357872560538,1525357872622271,61733
bub,20512,37,624,496,155,240,360,84,9,8,28,20,32,96,23,8,2554,28,5,32,36,80,8,192,96,21,254,603,1752,2358,1525357706908623,1525357706942218,33595
bub,64,37,632,496,162,264,360,84,9,8,28,22,32,104,23,8,2307,28,7,32,36,96,8,192,120,21,254,623,1776,2431,1525357738545709,1525357738577654,31945
hs,794976,37,624,496,155,240,392,92,9,8,28,20,32,96,23,8,99361,28,2,32,36,80,8,192,96,20,254,609,1776,2669,1525357911788063,1525357911835663,47600
fac,64,37,624,496,157,240,392,92,9,8,28,20,32,96,23,8,1556,28,14,32,36,80,8,192,96,21,254,618,1776,2528,1525357887651470,1525357887705504,54034
hs,622000,37,624,496,155,240,392,92,9,8,28,20,32,96,23,8,77740,28,8,32,36,80,8,192,96,20,254,609,1776,2669,1525357916890014,1525357916927047,37033
hs,64,37,632,496,162,264,392,92,9,8,28,22,32,104,23,8,88882,28,1,32,36,96,8,192,120,20,254,629,1800,2758,1525357910112939,1525357910154904,41965
fac,160080,37,616,496,150,216,392,92,9,8,28,18,32,88,23,8,2673,28,15,32,36,64,8,192,72,21,254,598,1752,2423,1525357798130412,1525357798285624,155212
bub,31648,37,624,496,155,240,360,84,9,8,28,20,32,96,23,8,3947,28,5,32,36,80,8,192,96,21,254,603,1752,2358,1525357772939875,1525357773010453,70578
bub,64,37,632,496,162,264,360,84,9,8,28,22,32,104,23,8,2848,28,9,32,36,96,8,192,120,21,254,623,1776,2431,1525357768475983,1525357768520034,44051
fac,64,37,624,496,157,240,392,92,9,8,28,20,32,96,23,8,4889,28,17,32,36,80,8,192,96,21,254,618,1776,2528,1525357837106485,1525357837656264,549779
fac,64,37,624,496,157,240,392,92,9,8,28,20,32,96,23,8,3299,28,13,32,36,80,8,192,96,21,254,618,1776,2528,1525357891888578,1525357892127927,239349
fac,160064,37,616,496,150,216,392,92,9,8,28,18,32,88,23,8,3681,28,5,32,36,64,8,192,72,21,254,598,1752,2423,1525357885580148,1525357885881709,301561
fac,160080,37,616,496,150,216,392,92,9,8,28,18,32,88,23,8,1381,28,10,32,36,64,8,192,72,21,254,598,1752,2423,1525357865329873,1525357865370629,40756
fac,160064,37,616,496,150,216,392,92,9,8,28,18,32,88,23,8,1403,28,9,32,36,64,8,192,72,21,254,598,1752,2423,1525357882207052,1525357882248557,41505
fac,160064,37,616,496,150,216,392,92,9,8,28,18,32,88,23,8,3243,28,2,32,36,64,8,192,72,21,254,598,1752,2423,1525357824228465,1525357824456545,228080
bub,36480,37,624,496,155,240,360,84,9,8,28,20,32,96,23,8,4552,28,2,32,36,80,8,192,96,21,254,603,1752,2358,1525357722489014,1525357722583650,94636
hs,64,37,632,496,162,264,392,92,9,8,28,22,32,104,23,8,93418,28,3,32,36,96,8,192,120,20,254,629,1800,2758,1525357915655183,1525357915699250,44067
fac,160080,37,616,496,150,216,392,92,9,8,28,18,32,88,23,8,4386,28,2,32,36,64,8,192,72,21,254,598,1752,2423,1525357895338810,1525357895774683,435873
hs,429888,37,624,496,155,240,392,92,9,8,28,20,32,96,23,8,53727,28,13,32,36,80,8,192,96,20,254,609,1776,2669,1525357919351949,1525357919378996,27047
fac,160080,37,616,496,150,216,392,92,9,8,28,18,32,88,23,8,3264,28,15,32,36,64,8,192,72,21,254,598,1752,2423,1525357875497862,1525357875730664,232802
mat,645600,37,624,496,155,240,360,84,9,8,28,20,32,96,23,8,164,28,16,32,36,80,8,192,96,21,254,612,1800,2630,1525357932793695,1525357932860508,66813
fac,160080,37,616,496,150,216,392,92,9,8,28,18,32,88,23,8,3299,28,18,32,36,64,8,192,72,21,254,598,1752,2423,1525357841956588,1525357842196166,239578
fac,160064,37,616,496,150,216,392,92,9,8,28,18,32,88,23,8,1630,28,19,32,36,64,8,192,72,21,254,598,1752,2423,1525357829356723,1525357829412797,56074
mat,425224,37,632,496,162,264,368,84,9,8,28,22,32,104,23,8,163,28,11,32,36,96,8,192,120,21,254,632,1824,2775,1525357934696929,1525357934751930,55001
fac,160080,37,616,496,150,216,392,92,9,8,28,18,32,88,23,8,3594,28,12,32,36,64,8,192,72,21,254,598,1752,2423,1525357825455785,1525357825742290,286505
hs,64,37,632,496,162,264,392,92,9,8,28,22,32,104,23,8,84137,28,5,32,36,96,8,192,120,20,254,629,1800,2758,1525357924563160,1525357924603687,40527
hs,540464,37,624,496,155,240,392,92,9,8,28,20,32,96,23,8,67547,28,2,32,36,80,8,192,96,20,254,609,1776,2669,1525357923902291,1525357923935532,33241
bub,72784,37,624,496,155,240,360,84,9,8,28,20,32,96,23,8,9089,28,11,32,36,80,8,192,96,21,254,603,1752,2358,1525357782853286,1525357783216902,363616
hs,723568,37,624,496,155,240,392,92,9,8,28,20,32,96,23,8,90437,28,2,32,36,80,8,192,96,20,254,609,1776,2669,1525357914762497,1525357914807201,44704
fac,64,37,624,496,157,240,392,92,9,8,28,20,32,96,23,8,4685,28,3,32,36,80,8,192,96,21,254,618,1776,2528,1525357818317561,1525357818820673,503112
fac,160080,37,616,496,150,216,392,92,9,8,28,18,32,88,23,8,2442,28,1,32,36,64,8,192,72,21,254,598,1752,2423,1525357844275828,1525357844404157,128329
hs,622000,37,624,496,155,240,392,92,9,8,28,20,32,96,23,8,77740,28,8,32,36,80,8,192,96,20,254,609,1776,2669,1525357916890014,1525357916927047,37033
hs,64,37,632,496,162,264,392,92,9,8,28,22,32,104,23,8,22126,28,3,32,36,96,8,192,120,20,254,629,1800,2758,1525357911959913,1525357911972074,12161
bub,64,37,632,496,162,264,360,84,9,8,28,22,32,104,23,8,1433,28,15,32,36,96,8,192,120,21,254,623,1776,2431,1525357732917525,1525357732930253,12728
fac,160080,37,616,496,150,216,392,92,9,8,28,18,32,88,23,8,2651,28,6,32,36,64,8,192,72,21,254,598,1752,2423,1525357870335951,1525357870488065,152114
fac,160080,37,616,496,150,216,392,92,9,8,28,18,32,88,23,8,3130,28,6,32,36,64,8,192,72,21,254,598,1752,2423,1525357839584722,1525357839798279,213557
fac,160064,37,616,496,150,216,392,92,9,8,28,18,32,88,23,8,3922,28,16,32,36,64,8,192,72,21,254,598,1752,2423,1525357854585302,1525357854929503,344201
fac,160064,37,616,496,150,216,392,92,9,8,28,18,32,88,23,8,2582,28,5,32,36,64,8,192,72,21,254,598,1752,2423,1525357859190408,1525357859334612,144204
bub,52928,37,624,496,155,240,360,84,9,8,28,20,32,96,23,8,6607,28,13,32,36,80,8,192,96,21,254,603,1752,2358,1525357707989052,1525357708181494,192442
fac,160064,37,616,496,150,216,392,92,9,8,28,18,32,88,23,8,3161,28,8,32,36,64,8,192,72,21,254,598,1752,2423,1525357830461499,1525357830679196,217697
hs,64,37,632,496,162,264,392,92,9,8,28,22,32,104,23,8,21326,28,16,32,36,96,8,192,120,20,254,629,1800,2758,1525357922720709,1525357922731093,10384
fac,64,37,624,496,157,240,392,92,9,8,28,20,32,96,23,8,3642,28,12,32,36,80,8,192,96,21,254,618,1776,2528,1525357805685717,1525357805980303,294586
mat,984192,37,632,496,162,264,368,84,9,8,28,22,32,104,23,8,248,28,17,32,36,96,8,192,120,21,254,632,1824,2727,1525357969953166,1525357970103320,150154
hs,532096,37,624,496,155,240,392,92,9,8,28,20,32,96,23,8,66503,28,1,32,36,80,8,192,96,20,254,609,1776,2669,1525357905173582,1525357905205465,31883
hs,297088,37,624,496,155,240,392,92,9,8,28,20,32,96,23,8,37125,28,10,32,36,80,8,192,96,20,254,609,1776,2669,1525357913651976,1525357913671320,19344
hs,327072,37,624,496,155,240,392,92,9,8,28,20,32,96,23,8,40874,28,15,32,36,80,8,192,96,20,254,609,1776,2669,1525357911850067,1525357911870837,20770
bub,64,37,632,496,162,264,360,84,9,8,28,22,32,104,23,8,5292,28,11,32,36,96,8,192,120,21,254,623,1776,2431,1525357707837877,1525357707974064,136187
hs,64,37,632,496,162,264,392,92,9,8,28,22,32,104,23,8,83475,28,11,32,36,96,8,192,120,20,254,629,1800,2758,1525357920593197,1525357920631864,38667
bub,74736,37,624,496,155,240,360,84,9,8,28,20,32,96,23,8,9331,28,13,32,36,80,8,192,96,21,254,603,1752,2358,1525357763659518,1525357764040979,381461
mat,1040520,37,632,496,162,264,368,84,9,8,28,22,32,104,23,8,255,28,5,32,36,96,8,192,120,21,254,632,1824,2711,1525357943892819,1525357944057630,164811
fac,160080,37,616,496,150,216,392,92,9,8,28,18,32,88,23,8,3579,28,3,32,36,64,8,192,72,21,254,598,1752,2423,1525357864631978,1525357864915658,283680
bub,58288,37,624,496,155,240,360,84,9,8,28,20,32,96,23,8,7277,28,17,32,36,80,8,192,96,21,254,603,1752,2358,1525357755439736,1525357755673949,234213
hs,64,37,632,496,162,264,392,92,9,8,28,22,32,104,23,8,59436,28,18,32,36,96,8,192,120,20,254,629,1800,2758,1525357924088883,1525357924117227,28344
hs,64,37,632,496,162,264,392,92,9,8,28,22,32,104,23,8,91581,28,14,32,36,96,8,192,120,20,254,629,1800,2758,1525357923277419,1525357923319112,41693
bub,18032,37,624,496,155,240,360,84,9,8,28,20,32,96,23,8,2243,28,4,32,36,80,8,192,96,21,254,603,1752,2358,1525357787324792,1525357787351926,27134
hs,208592,37,624,496,155,240,392,92,9,8,28,20,32,96,23,8,26065,28,5,32,36,80,8,192,96,20,254,609,1776,2669,1525357914364870,1525357914379068,14198
bub,64,37,632,496,162,264,360,84,9,8,28,22,32,104,23,8,2385,28,5,32,36,96,8,192,120,21,254,623,1776,2431,1525357775089238,1525357775120759,31521
hs,399824,37,624,496,155,240,392,92,9,8,28,20,32,96,23,8,49969,28,7,32,36,80,8,192,96,20,254,609,1776,2669,1525357917141260,1525357917166439,25179
mat,518528,37,632,496,162,264,368,84,9,8,28,22,32,104,23,8,180,28,3,32,36,96,8,192,120,21,254,632,1824,2695,1525357942193639,1525357942253935,60296
fac,64,37,624,496,157,240,392,92,9,8,28,20,32,96,23,8,4391,28,19,32,36,80,8,192,96,21,254,618,1776,2528,1525357855672879,1525357856109158,436279
hs,783232,37,624,496,155,240,392,92,9,8,28,20,32,96,23,8,97894,28,15,32,36,80,8,192,96,20,254,609,1776,2669,1525357910371072,1525357910416956,45884
mat,530112,37,632,496,162,264,368,84,9,8,28,22,32,104,23,8,182,28,5,32,36,96,8,192,120,21,254,632,1824,2695,1525357970813824,1525357970875521,61697
fac,64,37,624,496,157,240,392,92,9,8,28,20,32,96,23,8,2106,28,11,32,36,80,8,192,96,21,254,618,1776,2528,1525357856167647,1525357856262059,94412
fac,64,37,624,496,157,240,392,92,9,8,28,20,32,96,23,8,1851,28,15,32,36,80,8,192,96,21,254,618,1776,2528,1525357799028485,1525357799100931,72446
fac,64,37,624,496,157,240,392,92,9,8,28,20,32,96,23,8,1887,28,6,32,36,80,8,192,96,21,254,618,1776,2528,1525357822767068,1525357822843203,76135
mat,1325512,37,624,496,155,240,360,84,9,8,28,20,32,96,23,8,235,28,1,32,36,80,8,192,96,21,254,612,1800,2534,1525357967987700,1525357968147291,159591
bub,64,37,632,496,162,264,360,84,9,8,28,22,32,104,23,8,7712,28,4,32,36,96,8,192,120,21,254,623,1776,2431,1525357730100143,1525357730392119,291976
hs,64,37,632,496,162,264,392,92,9,8,28,22,32,104,23,8,7975,28,8,32,36,96,8,192,120,20,254,629,1800,2758,1525357906844022,1525357906849267,5245
fac,64,37,624,496,157,240,392,92,9,8,28,20,32,96,23,8,2567,28,13,32,36,80,8,192,96,21,254,618,1776,2528,1525357854944399,1525357855086359,141960
fac,160080,37,616,496,150,216,392,92,9,8,28,18,32,88,23,8,613,28,18,32,36,64,8,192,72,21,254,598,1752,2423,1525357875745527,1525357875755655,10128
bub,77168,37,624,496,155,240,360,84,9,8,28,20,32,96,23,8,9638,28,16,32,36,80,8,192,96,21,254,603,1752,2358,1525357708621868,1525357709028002,406134
fac,160080,37,616,496,150,216,392,92,9,8,28,18,32,88,23,8,606,28,16,32,36,64,8,192,72,21,254,598,1752,2423,1525357820970248,1525357820979467,9219
bub,76288,37,624,496,155,240,360,84,9,8,28,20,32,96,23,8,9528,28,19,32,36,80,8,192,96,21,254,603,1752,2358,1525357746417192,1525357746816161,398969
bub,64,37,632,496,162,264,360,84,9,8,28,22,32,104,23,8,2307,28,7,32,36,96,8,192,120,21,254,623,1776,2431,1525357738545709,1525357738577654,31945
bub,42096,37,624,496,155,240,360,84,9,8,28,20,32,96,23,8,5252,28,13,32,36,80,8,192,96,21,254,603,1752,2358,1525357716378356,1525357716500054,121698
fac,64,37,624,496,157,240,392,92,9,8,28,20,32,96,23,8,1461,28,12,32,36,80,8,192,96,21,254,618,1776,2528,1525357852989020,1525357853034632,45612
hs,64,37,632,496,162,264,392,92,9,8,28,22,32,104,23,8,26199,28,8,32,36,96,8,192,120,20,254,629,1800,2758,1525357914868971,1525357914883081,14110
mat,1336800,37,624,496,155,240,360,84,9,8,28,20,32,96,23,8,236,28,14,32,36,80,8,192,96,21,254,612,1800,2534,1525357976195422,1525357976356764,161342
fac,64,37,624,496,157,240,392,92,9,8,28,20,32,96,23,8,3278,28,2,32,36,80,8,192,96,21,254,618,1776,2528,1525357803019290,1525357803254079,234789
fac,160064,37,616,496,150,216,392,92,9,8,28,18,32,88,23,8,4100,28,8,32,36,64,8,192,72,21,254,598,1752,2423,1525357834177483,1525357834556440,378957
bub,72784,37,624,496,155,240,360,84,9,8,28,20,32,96,23,8,9089,28,11,32,36,80,8,192,96,21,254,603,1752,2358,1525357782853286,1525357783216902,363616
fac,160064,37,616,496,150,216,392,92,9,8,28,18,32,88,23,8,4512,28,19,32,36,64,8,192,72,21,254,598,1752,2423,1525357848656311,1525357849119685,463374
mat,602304,37,632,496,162,264,368,84,9,8,28,22,32,104,23,8,194,28,14,32,36,96,8,192,120,21,254,632,1824,2695,1525357974377577,1525357974451344,73767
fac,160064,37,616,496,150,216,392,92,9,8,28,18,32,88,23,8,601,28,19,32,36,64,8,192,72,21,254,598,1752,2423,1525357798916637,1525357798926566,9929
fac,64,37,624,496,157,240,392,92,9,8,28,20,32,96,23,8,765,28,5,32,36,80,8,192,96,21,254,618,1776,2528,1525357837850967,1525357837866876,15909
fac,64,37,624,496,157,240,392,92,9,8,28,20,32,96,23,8,2419,28,7,32,36,80,8,192,96,21,254,618,1776,2528,1525357814592099,1525357814717490,125391
mat,891264,37,632,496,162,264,368,84,9,8,28,22,32,104,23,8,236,28,12,32,36,96,8,192,120,21,254,632,1824,2695,1525357975076352,1525357975207197,130845
bub,58672,37,624,496,155,240,360,84,9,8,28,20,32,96,23,8,7323,28,14,32,36,80,8,192,96,21,254,603,1752,2358,1525357708231069,1525357708466233,235164
bub,64,37,632,496,162,264,360,84,9,8,28,22,32,104,23,8,9472,28,16,32,36,96,8,192,120,21,254,623,1776,2431,1525357767203741,1525357767644258,440517
hs,529456,37,624,496,155,240,392,92,9,8,28,20,32,96,23,8,66173,28,10,32,36,80,8,192,96,20,254,609,1776,2669,1525357914522916,1525357914553498,30582
bub,14592,37,624,496,155,240,360,84,9,8,28,20,32,96,23,8,1813,28,15,32,36,80,8,192,96,21,254,603,1752,2358,1525357786268177,1525357786287250,19073
hs,295440,37,624,496,155,240,392,92,9,8,28,20,32,96,23,8,36921,28,11,32,36,80,8,192,96,20,254,609,1776,2669,1525357916824152,1525357916843864,19712
bub,59056,37,624,496,155,240,360,84,9,8,28,20,32,96,23,8,7373,28,17,32,36,80,8,192,96,21,254,603,1752,2358,1525357700180114,1525357700422254,242140
hs,64,37,632,496,162,264,392,92,9,8,28,22,32,104,23,8,95807,28,16,32,36,96,8,192,120,20,254,629,1800,2758,1525357910526766,1525357910570581,43815
fac,160064,37,616,496,150,216,392,92,9,8,28,18,32,88,23,8,4592,28,12,32,36,64,8,192,72,21,254,598,1752,2423,1525357861972221,1525357862453836,481615
mat,399552,37,632,496,162,264,368,84,9,8,28,22,32,104,23,8,158,28,1,32,36,96,8,192,120,21,254,632,1824,2695,1525357967741349,1525357967783746,42397
fac,160064,37,616,496,150,216,392,92,9,8,28,18,32,88,23,8,4528,28,5,32,36,64,8,192,72,21,254,598,1752,2423,1525357856903278,1525357857370475,467197
hs,767120,37,624,496,155,240,392,92,9,8,28,20,32,96,23,8,95880,28,5,32,36,80,8,192,96,20,254,609,1776,2669,1525357919794366,1525357919840338,45972
mat,1218944,37,632,496,162,264,368,84,9,8,28,22,32,104,23,8,276,28,12,32,36,96,8,192,120,21,254,632,1824,2695,1525357947972824,1525357948182838,210014
mat,1281544,37,632,496,162,264,368,84,9,8,28,22,32,104,23,8,283,28,12,32,36,96,8,192,120,21,254,632,1824,2695,1525357958389498,1525357958620531,231033
hs,64,37,632,496,162,264,392,92,9,8,28,22,32,104,23,8,5401,28,3,32,36,96,8,192,120,20,254,629,1800,2758,1525357924947007,1525357924949858,2851
fac,160064,37,616,496,150,216,392,92,9,8,28,18,32,88,23,8,3386,28,16,32,36,64,8,192,72,21,254,598,1752,2423,1525357885896063,1525357886147625,251562
fac,64,37,624,496,157,240,392,92,9,8,28,20,32,96,23,8,1606,28,11,32,36,80,8,192,96,21,254,618,1776,2528,1525357845947161,1525357846002528,55367
fac,160064,37,616,496,150,216,392,92,9,8,28,18,32,88,23,8,3628,28,6,32,36,64,8,192,72,21,254,598,1752,2423,1525357863721163,1525357864012743,291580
mat,287424,37,632,496,162,264,368,84,9,8,28,22,32,104,23,8,134,28,11,32,36,96,8,192,120,21,254,632,1824,2695,1525357954787777,1525357954814979,27202
hs,690784,37,624,496,155,240,392,92,9,8,28,20,32,96,23,8,86340,28,4,32,36,80,8,192,96,20,254,609,1776,2669,1525357923734993,1525357923776198,41205
hs,64,37,632,496,162,264,392,92,9,8,28,22,32,104,23,8,22333,28,9,32,36,96,8,192,120,20,254,629,1800,2758,1525357913436492,1525357913450113,13621
hs,534592,37,624,496,155,240,392,92,9,8,28,20,32,96,23,8,66816,28,3,32,36,80,8,192,96,20,254,609,1776,2669,1525357916609572,1525357916642925,33353
bub,42976,37,624,496,155,240,360,84,9,8,28,20,32,96,23,8,5361,28,4,32,36,80,8,192,96,21,254,603,1752,2358,1525357745844648,1525357745971898,127250
hs,619424,37,624,496,155,240,392,92,9,8,28,20,32,96,23,8,77419,28,9,32,36,80,8,192,96,20,254,609,1776,2669,1525357911734646,1525357911771693,37047
bub,22832,37,624,496,155,240,360,84,9,8,28,20,32,96,23,8,2844,28,15,32,36,80,8,192,96,21,254,603,1752,2358,1525357745352699,1525357745391288,38589
bub,64,37,632,496,162,264,360,84,9,8,28,22,32,104,23,8,1636,28,19,32,36,96,8,192,120,21,254,623,1776,2431,1525357763304716,1525357763321627,16911
fac,160064,37,616,496,150,216,392,92,9,8,28,18,32,88,23,8,540,28,9,32,36,64,8,192,72,21,254,598,1752,2423,1525357846860277,1525357846868835,8558
mat,484032,37,624,496,155,240,360,84,9,8,28,20,32,96,23,8,142,28,2,32,36,80,8,192,96,21,254,612,1800,2534,1525357969895546,1525357969935183,39637
fac,160064,37,616,496,150,216,392,92,9,8,28,18,32,88,23,8,1965,28,18,32,36,64,8,192,72,21,254,598,1752,2423,1525357893311617,1525357893394359,82742
bub,18512,37,624,496,155,240,360,84,9,8,28,20,32,96,23,8,2306,28,16,32,36,80,8,192,96,21,254,603,1752,2358,1525357782531707,1525357782560145,28438
fac,64,37,624,496,157,240,392,92,9,8,28,20,32,96,23,8,2512,28,4,32,36,80,8,192,96,21,254,618,1776,2528,1525357852166906,1525357852301126,134220
hs,64,37,632,496,162,264,392,92,9,8,28,22,32,104,23,8,54006,28,2,32,36,96,8,192,120,20,254,629,1800,2758,1525357923169464,1525357923194705,25241
mat,2351368,37,624,496,155,240,360,84,9,8,28,20,32,96,23,8,313,28,15,32,36,80,8,192,96,21,254,612,1800,2534,1525357944467621,1525357944853728,386107
fac,160080,37,616,496,150,216,392,92,9,8,28,18,32,88,23,8,3672,28,11,32,36,64,8,192,72,21,254,598,1752,2423,1525357809251667,1525357809549851,298184
fac,160080,37,616,496,150,216,392,92,9,8,28,18,32,88,23,8,2943,28,3,32,36,64,8,192,72,21,254,598,1752,2423,1525357873661959,1525357873850210,188251
hs,64,37,632,496,162,264,392,92,9,8,28,22,32,104,23,8,8922,28,2,32,36,96,8,192,120,20,254,629,1800,2758,1525357925541292,1525357925547118,5826
hs,64,37,632,496,162,264,392,92,9,8,28,22,32,104,23,8,38711,28,18,32,36,96,8,192,120,20,254,629,1800,2758,1525357912181511,1525357912201415,19904
mat,238272,37,632,496,162,264,368,84,9,8,28,22,32,104,23,8,122,28,8,32,36,96,8,192,120,21,254,632,1824,2663,1525357971023097,1525357971045658,22561
mat,393312,37,624,496,155,240,360,84,9,8,28,20,32,96,23,8,128,28,8,32,36,80,8,192,96,21,254,612,1800,2518,1525357965096106,1525357965125138,29032
mat,1161696,37,624,496,155,240,360,84,9,8,28,20,32,96,23,8,220,28,12,32,36,80,8,192,96,21,254,612,1800,2534,1525357968578795,1525357968692843,114048
bub,59488,37,624,496,155,240,360,84,9,8,28,20,32,96,23,8,7428,28,11,32,36,80,8,192,96,21,254,603,1752,2358,1525357699400155,1525357699641200,241045
hs,22816,37,624,496,155,240,392,92,9,8,28,20,32,96,23,8,2843,28,11,32,36,80,8,192,96,20,254,609,1776,2669,1525357925376912,1525357925378357,1445
fac,160064,37,616,496,150,216,392,92,9,8,28,18,32,88,23,8,2755,28,12,32,36,64,8,192,72,21,254,598,1752,2423,1525357894550947,1525357894715828,164881
bub,45648,37,624,496,155,240,360,84,9,8,28,20,32,96,23,8,5695,28,12,32,36,80,8,192,96,21,254,603,1752,2358,1525357785816902,1525357785959362,142460
fac,160064,37,616,496,150,216,392,92,9,8,28,18,32,88,23,8,3483,28,3,32,36,64,8,192,72,21,254,598,1752,2423,1525357820288320,1525357820555039,266719
fac,160064,37,616,496,150,216,392,92,9,8,28,18,32,88,23,8,3157,28,16,32,36,64,8,192,72,21,254,598,1752,2423,1525357820993340,1525357821211314,217974
fac,160080,37,616,496,150,216,392,92,9,8,28,18,32,88,23,8,2442,28,1,32,36,64,8,192,72,21,254,598,1752,2423,1525357844275828,1525357844404157,128329
hs,64,37,632,496,162,264,392,92,9,8,28,22,32,104,23,8,21411,28,18,32,36,96,8,192,120,20,254,629,1800,2758,1525357923333558,1525357923344257,10699
mat,735112,37,624,496,155,240,360,84,9,8,28,20,32,96,23,8,175,28,11,32,36,80,8,192,96,21,254,612,1800,2534,1525357941151912,1525357941210364,58452
hs,736224,37,624,496,155,240,392,92,9,8,28,20,32,96,23,8,92019,28,1,32,36,80,8,192,96,20,254,609,1776,2669,1525357919179720,1525357919223390,43670
hs,64,37,632,496,162,264,392,92,9,8,28,22,32,104,23,8,61961,28,4,32,36,96,8,192,120,20,254,629,1800,2758,1525357907649661,1525357907679612,29951
bub,25216,37,624,496,155,240,360,84,9,8,28,20,32,96,23,8,3143,28,5,32,36,80,8,192,96,21,254,603,1752,2358,1525357744728592,1525357744774942,46350
hs,546976,37,624,496,155,240,392,92,9,8,28,20,32,96,23,8,68361,28,14,32,36,80,8,192,96,20,254,609,1776,2669,1525357922576302,1525357922609931,33629
bub,64,37,632,496,162,264,360,84,9,8,28,22,32,104,23,8,1645,28,19,32,36,96,8,192,120,21,254,623,1776,2431,1525357768844387,1525357768862250,17863
fac,160080,37,616,496,150,216,392,92,9,8,28,18,32,88,23,8,2781,28,15,32,36,64,8,192,72,21,254,598,1752,2423,1525357887719338,1525357887885377,166039
mat,817344,37,632,496,162,264,368,84,9,8,28,22,32,104,23,8,226,28,14,32,36,96,8,192,120,21,254,632,1824,2695,1525357958150417,1525357958264162,113745
bub,64,37,632,496,162,264,360,84,9,8,28,22,32,104,23,8,5292,28,11,32,36,96,8,192,120,21,254,623,1776,2431,1525357707837877,1525357707974064,136187
bub,62176,37,624,496,155,240,360,84,9,8,28,20,32,96,23,8,7761,28,11,32,36,80,8,192,96,21,254,603,1752,2358,1525357723918785,1525357724184750,265965
mat,848352,37,624,496,155,240,360,84,9,8,28,20,32,96,23,8,188,28,4,32,36,80,8,192,96,21,254,612,1800,2534,1525357985911131,1525357985990638,79507
fac,160064,37,616,496,150,216,392,92,9,8,28,18,32,88,23,8,4141,28,7,32,36,64,8,192,72,21,254,598,1752,2423,1525357871911816,1525357872299875,388059
hs,528464,37,624,496,155,240,392,92,9,8,28,20,32,96,23,8,66050,28,16,32,36,80,8,192,96,20,254,609,1776,2669,1525357924858646,1525357924890973,32327
bub,43744,37,624,496,155,240,360,84,9,8,28,20,32,96,23,8,5460,28,9,32,36,80,8,192,96,21,254,603,1752,2358,1525357793713221,1525357793846406,133185
fac,160080,37,616,496,150,216,392,92,9,8,28,18,32,88,23,8,2889,28,15,32,36,64,8,192,72,21,254,598,1752,2423,1525357856680166,1525357856860595,180429
fac,64,37,624,496,157,240,392,92,9,8,28,20,32,96,23,8,4576,28,15,32,36,80,8,192,96,21,254,618,1776,2528,1525357880089897,1525357880568005,478108
fac,64,37,624,496,157,240,392,92,9,8,28,20,32,96,23,8,939,28,13,32,36,80,8,192,96,21,254,618,1776,2528,1525357807296764,1525357807318901,22137
fac,64,37,624,496,157,240,392,92,9,8,28,20,32,96,23,8,4576,28,15,32,36,80,8,192,96,21,254,618,1776,2528,1525357880089897,1525357880568005,478108
fac,160064,37,616,496,150,216,392,92,9,8,28,18,32,88,23,8,3157,28,16,32,36,64,8,192,72,21,254,598,1752,2423,1525357820993340,1525357821211314,217974
fac,64,37,624,496,157,240,392,92,9,8,28,20,32,96,23,8,4341,28,7,32,36,80,8,192,96,21,254,618,1776,2528,1525357808314067,1525357808740749,426682
mat,1417288,37,624,496,155,240,360,84,9,8,28,20,32,96,23,8,243,28,18,32,36,80,8,192,96,21,254,612,1800,2694,1525357990720889,1525357990917655,196766
fac,160064,37,616,496,150,216,392,92,9,8,28,18,32,88,23,8,4126,28,6,32,36,64,8,192,72,21,254,598,1752,2423,1525357885143149,1525357885526562,383413
hs,64,37,632,496,162,264,392,92,9,8,28,22,32,104,23,8,74258,28,6,32,36,96,8,192,120,20,254,629,1800,2758,1525357923488929,1525357923525603,36674
hs,736224,37,624,496,155,240,392,92,9,8,28,20,32,96,23,8,92019,28,1,32,36,80,8,192,96,20,254,609,1776,2669,1525357919179720,1525357919223390,43670
hs,553920,37,624,496,155,240,392,92,9,8,28,20,32,96,23,8,69232,28,7,32,36,80,8,192,96,20,254,609,1776,2669,1525357915263196,1525357915296743,33547
fac,160080,37,616,496,150,216,392,92,9,8,28,18,32,88,23,8,4703,28,10,32,36,64,8,192,72,21,254,598,1752,2423,1525357806623562,1525357807129661,506099
fac,160080,37,616,496,150,216,392,92,9,8,28,18,32,88,23,8,1587,28,2,32,36,64,8,192,72,21,254,598,1752,2423,1525357883772855,1525357883826258,53403
bub,64,37,632,496,162,264,360,84,9,8,28,22,32,104,23,8,5584,28,17,32,36,96,8,192,120,21,254,623,1776,2431,1525357726522017,1525357726674117,152100
fac,64,37,624,496,157,240,392,92,9,8,28,20,32,96,23,8,1951,28,18,32,36,80,8,192,96,21,254,618,1776,2528,1525357857384590,1525357857465108,80518
fac,64,37,624,496,157,240,392,92,9,8,28,20,32,96,23,8,4603,28,19,32,36,80,8,192,96,21,254,618,1776,2528,1525357897863672,1525357898347536,483864
bub,68704,37,624,496,155,240,360,84,9,8,28,20,32,96,23,8,8578,28,10,32,36,80,8,192,96,21,254,603,1752,2358,1525357772601850,1525357772926040,324190
hs,64,37,632,496,162,264,392,92,9,8,28,22,32,104,23,8,93248,28,10,32,36,96,8,192,120,20,254,629,1800,2758,1525357910200974,1525357910245936,44962
mat,418272,37,624,496,155,240,360,84,9,8,28,20,32,96,23,8,132,28,11,32,36,80,8,192,96,21,254,612,1800,2582,1525357938491825,1525357938522546,30721
bub,60400,37,624,496,155,240,360,84,9,8,28,20,32,96,23,8,7541,28,15,32,36,80,8,192,96,21,254,603,1752,2358,1525357764615044,1525357764866309,251265
bub,34928,37,624,496,155,240,360,84,9,8,28,20,32,96,23,8,4355,28,12,32,36,80,8,192,96,21,254,603,1752,2358,1525357759323337,1525357759408027,84690
bub,65648,37,624,496,155,240,360,84,9,8,28,20,32,96,23,8,8196,28,11,32,36,80,8,192,96,21,254,603,1752,2358,1525357780474379,1525357780768141,293762
fac,64,37,624,496,157,240,392,92,9,8,28,20,32,96,23,8,534,28,12,32,36,80,8,192,96,21,254,618,1776,2528,1525357873212648,1525357873219604,6956
bub,64,37,632,496,162,264,360,84,9,8,28,22,32,104,23,8,4341,28,6,32,36,96,8,192,120,21,254,623,1776,2431,1525357703263043,1525357703358989,95946
fac,160080,37,616,496,150,216,392,92,9,8,28,18,32,88,23,8,1133,28,3,32,36,64,8,192,72,21,254,598,1752,2423,1525357858058545,1525357858088124,29579
bub,64,37,632,496,162,264,360,84,9,8,28,22,32,104,23,8,5692,28,19,32,36,96,8,192,120,21,254,623,1776,2431,1525357779008691,1525357779167520,158829
fac,160064,37,616,496,150,216,392,92,9,8,28,18,32,88,23,8,3800,28,10,32,36,64,8,192,72,21,254,598,1752,2423,1525357841618560,1525357841942150,323590
fac,64,37,624,496,157,240,392,92,9,8,28,20,32,96,23,8,1957,28,2,32,36,80,8,192,96,21,254,618,1776,2528,1525357800844495,1525357800925771,81276
bub,10304,37,624,496,155,240,360,84,9,8,28,20,32,96,23,8,1277,28,16,32,36,80,8,192,96,21,254,603,1752,2358,1525357775065338,1525357775075168,9830
hs,660992,37,624,496,155,240,392,92,9,8,28,20,32,96,23,8,82615,28,17,32,36,80,8,192,96,20,254,609,1776,2669,1525357913847185,1525357913885448,38263
fac,64,37,624,496,157,240,392,92,9,8,28,20,32,96,23,8,4537,28,13,32,36,80,8,192,96,21,254,618,1776,2528,1525357817406100,1525357817875508,469408
mat,1098432,37,632,496,162,264,368,84,9,8,28,22,32,104,23,8,262,28,11,32,36,96,8,192,120,21,254,632,1824,2695,1525357957493405,1525357957673612,180207
fac,160064,37,616,496,150,216,392,92,9,8,28,18,32,88,23,8,598,28,3,32,36,64,8,192,72,21,254,598,1752,2423,1525357883226183,1525357883235932,9749
hs,794848,37,624,496,155,240,392,92,9,8,28,20,32,96,23,8,99348,28,9,32,36,80,8,192,96,20,254,609,1776,2669,1525357922071866,1525357922118790,46924
mat,290496,37,624,496,155,240,360,84,9,8,28,20,32,96,23,8,110,28,15,32,36,80,8,192,96,21,254,612,1800,2502,1525357947065887,1525357947086085,20198
fac,160064,37,616,496,150,216,392,92,9,8,28,18,32,88,23,8,2361,28,8,32,36,64,8,192,72,21,254,598,1752,2423,1525357873862643,1525357873982538,119895
bub,22944,37,624,496,155,240,360,84,9,8,28,20,32,96,23,8,2859,28,11,32,36,80,8,192,96,21,254,603,1752,2358,1525357766615628,1525357766656288,40660
hs,176816,37,624,496,155,240,392,92,9,8,28,20,32,96,23,8,22093,28,15,32,36,80,8,192,96,20,254,609,1776,2669,1525357911596066,1525357911607841,11775
hs,64,37,632,496,162,264,392,92,9,8,28,22,32,104,23,8,93245,28,18,32,36,96,8,192,120,20,254,629,1800,2758,1525357918730796,1525357918774825,44029
hs,399824,37,624,496,155,240,392,92,9,8,28,20,32,96,23,8,49969,28,7,32,36,80,8,192,96,20,254,609,1776,2669,1525357917141260,1525357917166439,25179
mat,1949512,37,624,496,155,240,360,84,9,8,28,20,32,96,23,8,285,28,9,32,36,80,8,192,96,21,254,612,1800,2534,1525357970124840,1525357970411064,286224
mat,884832,37,624,496,155,240,360,84,9,8,28,20,32,96,23,8,192,28,2,32,36,80,8,192,96,21,254,612,1800,2582,1525357951873537,1525357951969925,96388
hs,64,37,632,496,162,264,392,92,9,8,28,22,32,104,23,8,33552,28,10,32,36,96,8,192,120,20,254,629,1800,2758,1525357922304237,1525357922322426,18189
mat,1172296,37,624,496,155,240,360,84,9,8,28,20,32,96,23,8,221,28,6,32,36,80,8,192,96,21,254,612,1800,2534,1525357968167324,1525357968280608,113284
mat,2203528,37,624,496,155,240,360,84,9,8,28,20,32,96,23,8,303,28,16,32,36,80,8,192,96,21,254,612,1800,2534,1525357972114689,1525357972441421,326732
mat,1336456,37,632,496,162,264,368,84,9,8,28,22,32,104,23,8,289,28,18,32,36,96,8,192,120,21,254,632,1824,2727,1525357986175966,1525357986448182,272216
bub,64,37,632,496,162,264,360,84,9,8,28,22,32,104,23,8,1749,28,6,32,36,96,8,192,120,21,254,623,1776,2431,1525357785618743,1525357785639594,20851
mat,894088,37,624,496,155,240,360,84,9,8,28,20,32,96,23,8,193,28,12,32,36,80,8,192,96,21,254,612,1800,2598,1525357940175076,1525357940260611,85535
hs,563984,37,624,496,155,240,392,92,9,8,28,20,32,96,23,8,70489,28,1,32,36,80,8,192,96,20,254,609,1776,2669,1525357905746182,1525357905779287,33105
bub,24512,37,624,496,155,240,360,84,9,8,28,20,32,96,23,8,3056,28,12,32,36,80,8,192,96,21,254,603,1752,2358,1525357774448188,1525357774492101,43913
hs,64,37,632,496,162,264,392,92,9,8,28,22,32,104,23,8,50561,28,10,32,36,96,8,192,120,20,254,629,1800,2758,1525357915848983,1525357915874525,25542
bub,32864,37,624,496,155,240,360,84,9,8,28,20,32,96,23,8,4100,28,5,32,36,80,8,192,96,21,254,603,1752,2358,1525357702814626,1525357702891560,76934
fac,160080,37,616,496,150,216,392,92,9,8,28,18,32,88,23,8,3130,28,6,32,36,64,8,192,72,21,254,598,1752,2423,1525357839584722,1525357839798279,213557
mat,296064,37,632,496,162,264,368,84,9,8,28,22,32,104,23,8,136,28,4,32,36,96,8,192,120,21,254,632,1824,2727,1525357964118307,1525357964148266,29959
fac,64,37,624,496,157,240,392,92,9,8,28,20,32,96,23,8,1518,28,2,32,36,80,8,192,96,21,254,618,1776,2528,1525357820225033,1525357820274732,49699
bub,64,37,632,496,162,264,360,84,9,8,28,22,32,104,23,8,9268,28,3,32,36,96,8,192,120,21,254,623,1776,2431,1525357723055869,1525357723475100,419231
hs,506704,37,624,496,155,240,392,92,9,8,28,20,32,96,23,8,63328,28,15,32,36,80,8,192,96,20,254,609,1776,2669,1525357917308292,1525357917340344,32052
fac,160080,37,616,496,150,216,392,92,9,8,28,18,32,88,23,8,1903,28,17,32,36,64,8,192,72,21,254,598,1752,2423,1525357875144591,1525357875221223,76632
mat,242184,37,632,496,162,264,368,84,9,8,28,22,32,104,23,8,123,28,11,32,36,96,8,192,120,21,254,632,1824,2663,1525357981766195,1525357981788649,22454
mat,312000,37,624,496,155,240,360,84,9,8,28,20,32,96,23,8,114,28,19,32,36,80,8,192,96,21,254,612,1800,2502,1525357952139740,1525357952160991,21251
hs,622144,37,624,496,155,240,392,92,9,8,28,20,32,96,23,8,77760,28,1,32,36,80,8,192,96,20,254,609,1776,2669,1525357906318951,1525357906356941,37990
bub,27232,37,624,496,155,240,360,84,9,8,28,20,32,96,23,8,3393,28,5,32,36,80,8,192,96,21,254,603,1752,2358,1525357794176337,1525357794229697,53360
fac,160064,37,616,496,150,216,392,92,9,8,28,18,32,88,23,8,4546,28,12,32,36,64,8,192,72,21,254,598,1752,2423,1525357876040894,1525357876511389,470495
fac,64,37,624,496,157,240,392,92,9,8,28,20,32,96,23,8,2512,28,4,32,36,80,8,192,96,21,254,618,1776,2528,1525357852166906,1525357852301126,134220
mat,989128,37,624,496,155,240,360,84,9,8,28,20,32,96,23,8,203,28,9,32,36,80,8,192,96,21,254,612,1800,2534,1525357973584775,1525357973683625,98850
hs,452144,37,624,496,155,240,392,92,9,8,28,20,32,96,23,8,56508,28,18,32,36,80,8,192,96,20,254,609,1776,2669,1525357914413941,1525357914441110,27169
bub,77168,37,624,496,155,240,360,84,9,8,28,20,32,96,23,8,9638,28,16,32,36,80,8,192,96,21,254,603,1752,2358,1525357708621868,1525357709028002,406134
hs,64,37,632,496,162,264,392,92,9,8,28,22,32,104,23,8,4129,28,18,32,36,96,8,192,120,20,254,629,1800,2758,1525357925861645,1525357925863839,2194
mat,328648,37,624,496,155,240,360,84,9,8,28,20,32,96,23,8,117,28,8,32,36,80,8,192,96,21,254,612,1800,2662,1525357999405178,1525357999431210,26032
mat,760512,37,624,496,155,240,360,84,9,8,28,20,32,96,23,8,178,28,2,32,36,80,8,192,96,21,254,612,1800,2534,1525357942106314,1525357942175569,69255
hs,700720,37,624,496,155,240,392,92,9,8,28,20,32,96,23,8,87579,28,3,32,36,80,8,192,96,20,254,609,1776,2669,1525357906035918,1525357906078048,42130
fac,160064,37,616,496,150,216,392,92,9,8,28,18,32,88,23,8,1297,28,1,32,36,64,8,192,72,21,254,598,1752,2423,1525357850082230,1525357850118205,35975
fac,160080,37,616,496,150,216,392,92,9,8,28,18,32,88,23,8,3795,28,6,32,36,64,8,192,72,21,254,598,1752,2423,1525357829878691,1525357830201294,322603
fac,64,37,624,496,157,240,392,92,9,8,28,20,32,96,23,8,1628,28,11,32,36,80,8,192,96,21,254,618,1776,2528,1525357871084175,1525357871139659,55484
mat,2351368,37,624,496,155,240,360,84,9,8,28,20,32,96,23,8,313,28,7,32,36,80,8,192,96,21,254,612,1800,2534,1525357998571273,1525357998931755,360482
fac,64,37,624,496,157,240,392,92,9,8,28,20,32,96,23,8,3240,28,7,32,36,80,8,192,96,21,254,618,1776,2528,1525357828752721,1525357828982999,230278
mat,1949512,37,624,496,155,240,360,84,9,8,28,20,32,96,23,8,285,28,17,32,36,80,8,192,96,21,254,612,1800,2534,1525357982425656,1525357982714594,288938
fac,160080,37,616,496,150,216,392,92,9,8,28,18,32,88,23,8,1018,28,9,32,36,64,8,192,72,21,254,598,1752,2423,1525357805520123,1525357805544820,24697
mat,1723872,37,624,496,155,240,360,84,9,8,28,20,32,96,23,8,268,28,11,32,36,80,8,192,96,21,254,612,1800,2534,1525357949943007,1525357950144104,201097
bub,64,37,632,496,162,264,360,84,9,8,28,22,32,104,23,8,9366,28,1,32,36,96,8,192,120,21,254,623,1776,2431,1525357761503907,1525357761933500,429593
mat,661440,37,624,496,155,240,360,84,9,8,28,20,32,96,23,8,166,28,18,32,36,80,8,192,96,21,254,612,1800,2534,1525357947888007,1525357947948293,60286
mat,1247712,37,624,496,155,240,360,84,9,8,28,20,32,96,23,8,228,28,14,32,36,80,8,192,96,21,254,612,1800,2534,1525357943668210,1525357943794222,126012
mat,553664,37,632,496,162,264,368,84,9,8,28,22,32,104,23,8,186,28,12,32,36,96,8,192,120,21,254,632,1824,2695,1525357988254520,1525357988321381,66861
fac,160064,37,616,496,150,216,392,92,9,8,28,18,32,88,23,8,2925,28,4,32,36,64,8,192,72,21,254,598,1752,2423,1525357853192070,1525357853378279,186209
mat,1336800,37,624,496,155,240,360,84,9,8,28,20,32,96,23,8,236,28,14,32,36,80,8,192,96,21,254,612,1800,2534,1525357976195422,1525357976356764,161342
bub,42976,37,624,496,155,240,360,84,9,8,28,20,32,96,23,8,5361,28,4,32,36,80,8,192,96,21,254,603,1752,2358,1525357745844648,1525357745971898,127250
mat,296064,37,632,496,162,264,368,84,9,8,28,22,32,104,23,8,136,28,4,32,36,96,8,192,120,21,254,632,1824,2727,1525357964118307,1525357964148266,29959
hs,667104,37,624,496,155,240,392,92,9,8,28,20,32,96,23,8,83378,28,12,32,36,80,8,192,96,20,254,609,1776,2669,1525357925445912,1525357925485642,39730
mat,1527816,37,632,496,162,264,368,84,9,8,28,22,32,104,23,8,309,28,4,32,36,96,8,192,120,21,254,632,1824,2695,1525357936233277,1525357936531033,297756
mat,242184,37,632,496,162,264,368,84,9,8,28,22,32,104,23,8,123,28,11,32,36,96,8,192,120,21,254,632,1824,2663,1525357981766195,1525357981788649,22454
fac,160080,37,616,496,150,216,392,92,9,8,28,18,32,88,23,8,1242,28,14,32,36,64,8,192,72,21,254,598,1752,2423,1525357857479831,1525357857515296,35465
bub,67888,37,624,496,155,240,360,84,9,8,28,20,32,96,23,8,8478,28,11,32,36,80,8,192,96,21,254,603,1752,2358,1525357775135626,1525357775449490,313864
bub,64,37,632,496,162,264,360,84,9,8,28,22,32,104,23,8,7856,28,4,32,36,96,8,192,120,21,254,623,1776,2431,1525357740847215,1525357741149690,302475
bub,75760,37,624,496,155,240,360,84,9,8,28,20,32,96,23,8,9459,28,19,32,36,80,8,192,96,21,254,603,1752,2358,1525357776919853,1525357777311877,392024
hs,432560,37,624,496,155,240,392,92,9,8,28,20,32,96,23,8,54061,28,3,32,36,80,8,192,96,20,254,609,1776,2669,1525357915609805,1525357915637140,27335
hs,470528,37,624,496,155,240,392,92,9,8,28,20,32,96,23,8,58808,28,12,32,36,80,8,192,96,20,254,609,1776,2669,1525357917519111,1525357917547950,28839
mat,339976,37,624,496,155,240,360,84,9,8,28,20,32,96,23,8,119,28,12,32,36,80,8,192,96,21,254,612,1800,2502,1525357981973859,1525357981996151,22292
bub,42864,37,624,496,155,240,360,84,9,8,28,20,32,96,23,8,5349,28,6,32,36,80,8,192,96,21,254,603,1752,2358,1525357774506938,1525357774635232,128294
bub,64,37,632,496,162,264,360,84,9,8,28,22,32,104,23,8,7759,28,18,32,36,96,8,192,120,21,254,623,1776,2431,1525357791156282,1525357791451163,294881
hs,64,37,632,496,162,264,392,92,9,8,28,22,32,104,23,8,68612,28,1,32,36,96,8,192,120,20,254,629,1800,2758,1525357925203730,1525357925236406,32676
mat,1166528,37,632,496,162,264,368,84,9,8,28,22,32,104,23,8,270,28,14,32,36,96,8,192,120,21,254,632,1824,2695,1525357933330696,1525357933527389,196693
bub,64,37,632,496,162,264,360,84,9,8,28,22,32,104,23,8,7519,28,8,32,36,96,8,192,120,21,254,623,1776,2431,1525357778133235,1525357778412572,279337
bub,64224,37,624,496,155,240,360,84,9,8,28,20,32,96,23,8,8018,28,18,32,36,80,8,192,96,21,254,603,1752,2358,1525357753070886,1525357753355159,284273
fac,64,37,624,496,157,240,392,92,9,8,28,20,32,96,23,8,1439,28,19,32,36,80,8,192,96,21,254,618,1776,2528,1525357848563778,1525357848609274,45496
hs,64,37,632,496,162,264,392,92,9,8,28,22,32,104,23,8,2865,28,15,32,36,96,8,192,120,20,254,629,1800,2758,1525357905987093,1525357905988148,1055
fac,64,37,624,496,157,240,392,92,9,8,28,20,32,96,23,8,1790,28,17,32,36,80,8,192,96,21,254,618,1776,2528,1525357846015920,1525357846082044,66124
fac,160080,37,616,496,150,216,392,92,9,8,28,18,32,88,23,8,2651,28,6,32,36,64,8,192,72,21,254,598,1752,2423,1525357870335951,1525357870488065,152114
bub,39888,37,624,496,155,240,360,84,9,8,28,20,32,96,23,8,4978,28,17,32,36,80,8,192,96,21,254,603,1752,2358,1525357794527561,1525357794637676,110115
bub,64,37,632,496,162,264,360,84,9,8,28,22,32,104,23,8,7712,28,4,32,36,96,8,192,120,21,254,623,1776,2431,1525357730100143,1525357730392119,291976
hs,799184,37,624,496,155,240,392,92,9,8,28,20,32,96,23,8,99888,28,7,32,36,80,8,192,96,20,254,609,1776,2669,1525357924794522,1525357924840771,46249
fac,64,37,624,496,157,240,392,92,9,8,28,20,32,96,23,8,1606,28,11,32,36,80,8,192,96,21,254,618,1776,2528,1525357845947161,1525357846002528,55367
bub,64,37,632,496,162,264,360,84,9,8,28,22,32,104,23,8,1433,28,15,32,36,96,8,192,120,21,254,623,1776,2431,1525357732917525,1525357732930253,12728
bub,64,37,632,496,162,264,360,84,9,8,28,22,32,104,23,8,8484,28,10,32,36,96,8,192,120,21,254,623,1776,2431,1525357724199599,1525357724552694,353095
hs,64,37,632,496,162,264,392,92,9,8,28,22,32,104,23,8,25956,28,15,32,36,96,8,192,120,20,254,629,1800,2758,1525357916250627,1525357916264411,13784
bub,40848,37,624,496,155,240,360,84,9,8,28,20,32,96,23,8,5095,28,6,32,36,80,8,192,96,21,254,603,1752,2358,1525357794764360,1525357794878054,113694
mat,296064,37,632,496,162,264,368,84,9,8,28,22,32,104,23,8,136,28,15,32,36,96,8,192,120,21,254,632,1824,2727,1525357938148345,1525357938177539,29194
