fac,160064,37,616,496,150,216,392,92,9,8,28,18,32,88,23,8,1356,28,6,32,36,64,8,192,72,21,254,598,1752,2423,1525357881389652,1525357881429600,39948
bub,42320,37,624,496,155,240,360,84,9,8,28,20,32,96,23,8,5281,28,11,32,36,80,8,192,96,21,254,603,1752,2358,1525357782574878,1525357782697239,122361
hs,151056,37,624,496,155,240,392,92,9,8,28,20,32,96,23,8,18871,28,6,32,36,80,8,192,96,20,254,609,1776,2669,1525357925052045,1525357925062468,10423
fac,160080,37,616,496,150,216,392,92,9,8,28,18,32,88,23,8,4689,28,2,32,36,64,8,192,72,21,254,598,1752,2423,1525357810574932,1525357811078031,503099
hs,64,37,632,496,162,264,392,92,9,8,28,22,32,104,23,8,33552,28,10,32,36,96,8,192,120,20,254,629,1800,2758,1525357922304237,1525357922322426,18189
hs,296592,37,624,496,155,240,392,92,9,8,28,20,32,96,23,8,37063,28,4,32,36,80,8,192,96,20,254,609,1776,2669,1525357911926824,1525357911946032,19208
bub,37712,37,624,496,155,240,360,84,9,8,28,20,32,96,23,8,4703,28,1,32,36,80,8,192,96,21,254,603,1752,2358,1525357720158271,1525357720256243,97972
fac,160064,37,616,496,150,216,392,92,9,8,28,18,32,88,23,8,3386,28,16,32,36,64,8,192,72,21,254,598,1752,2423,1525357885896063,1525357886147625,251562
mat,1527816,37,632,496,162,264,368,84,9,8,28,22,32,104,23,8,309,28,4,32,36,96,8,192,120,21,254,632,1824,2695,1525357936233277,1525357936531033,297756
fac,160064,37,616,496,150,216,392,92,9,8,28,18,32,88,23,8,3358,28,9,32,36,64,8,192,72,21,254,598,1752,2423,1525357842691588,1525357842940213,248625
bub,38864,37,624,496,155,240,360,84,9,8,28,20,32,96,23,8,4847,28,5,32,36,80,8,192,96,21,254,603,1752,2358,1525357750896871,1525357751000989,104118
bub,64,37,632,496,162,264,360,84,9,8,28,22,32,104,23,8,7712,28,4,32,36,96,8,192,120,21,254,623,1776,2431,1525357730100143,1525357730392119,291976
fac,160080,37,616,496,150,216,392,92,9,8,28,18,32,88,23,8,2430,28,12,32,36,64,8,192,72,21,254,598,1752,2423,1525357852847964,1525357852974986,127022
fac,64,37,624,496,157,240,392,92,9,8,28,20,32,96,23,8,2503,28,17,32,36,80,8,192,96,21,254,618,1776,2528,1525357843435371,1525357843570126,134755
fac,160064,37,616,496,150,216,392,92,9,8,28,18,32,88,23,8,1965,28,18,32,36,64,8,192,72,21,254,598,1752,2423,1525357893311617,1525357893394359,82742
mat,2074560,37,624,496,155,240,360,84,9,8,28,20,32,96,23,8,294,28,6,32,36,80,8,192,96,21,254,612,1800,2534,1525357940635048,1525357940956404,321356
bub,75648,37,624,496,155,240,360,84,9,8,28,20,32,96,23,8,9446,28,15,32,36,80,8,192,96,21,254,603,1752,2358,1525357787798397,1525357788189664,391267
hs,64,37,632,496,162,264,392,92,9,8,28,22,32,104,23,8,50718,28,14,32,36,96,8,192,120,20,254,629,1800,2758,1525357906594084,1525357906617868,23784
fac,160080,37,616,496,150,216,392,92,9,8,28,18,32,88,23,8,2593,28,16,32,36,64,8,192,72,21,254,598,1752,2423,1525357811603179,1525357811748750,145571
fac,160080,37,616,496,150,216,392,92,9,8,28,18,32,88,23,8,710,28,3,32,36,64,8,192,72,21,254,598,1752,2423,1525357870309667,1525357870323023,13356
bub,48160,37,624,496,155,240,360,84,9,8,28,20,32,96,23,8,6011,28,17,32,36,80,8,192,96,21,254,603,1752,2358,1525357765944688,1525357766104038,159350
bub,71680,37,624,496,155,240,360,84,9,8,28,20,32,96,23,8,8949,28,5,32,36,80,8,192,96,21,254,603,1752,2358,1525357709043701,1525357709396096,352395
fac,160080,37,616,496,150,216,392,92,9,8,28,18,32,88,23,8,4550,28,19,32,36,64,8,192,72,21,254,598,1752,2423,1525357894064630,1525357894536275,471645
hs,622992,37,624,496,155,240,392,92,9,8,28,20,32,96,23,8,77865,28,9,32,36,80,8,192,96,20,254,609,1776,2669,1525357925118410,1525357925155577,37167
hs,101552,37,624,496,155,240,392,92,9,8,28,20,32,96,23,8,12686,28,11,32,36,80,8,192,96,20,254,609,1776,2669,1525357924286116,1525357924292698,6582
bub,61936,37,624,496,155,240,360,84,9,8,28,20,32,96,23,8,7733,28,16,32,36,80,8,192,96,21,254,603,1752,2358,1525357722599283,1525357722862866,263583
hs,419248,37,624,496,155,240,392,92,9,8,28,20,32,96,23,8,52398,28,17,32,36,80,8,192,96,20,254,609,1776,2669,1525357919609649,1525357919635748,26099
fac,64,37,624,496,157,240,392,92,9,8,28,20,32,96,23,8,4465,28,11,32,36,80,8,192,96,21,254,618,1776,2528,1525357845450625,1525357845904178,453553
hs,64,37,632,496,162,264,392,92,9,8,28,22,32,104,23,8,67269,28,16,32,36,96,8,192,120,20,254,629,1800,2758,1525357910262860,1525357910295730,32870
bub,22224,37,624,496,155,240,360,84,9,8,28,20,32,96,23,8,2767,28,2,32,36,80,8,192,96,21,254,603,1752,2358,1525357728308749,1525357728346244,37495
bub,74208,37,624,496,155,240,360,84,9,8,28,20,32,96,23,8,9265,28,14,32,36,80,8,192,96,21,254,603,1752,2358,1525357773652059,1525357774029895,377836
bub,19520,37,624,496,155,240,360,84,9,8,28,20,32,96,23,8,2430,28,12,32,36,80,8,192,96,21,254,603,1752,2358,1525357735575248,1525357735606322,31074
hs,64,37,632,496,162,264,392,92,9,8,28,22,32,104,23,8,84576,28,6,32,36,96,8,192,120,20,254,629,1800,2758,1525357921190821,1525357921232250,41429
hs,64,37,632,496,162,264,392,92,9,8,28,22,32,104,23,8,65127,28,12,32,36,96,8,192,120,20,254,629,1800,2758,1525357917993536,1525357918024036,30500
hs,671760,37,624,496,155,240,392,92,9,8,28,20,32,96,23,8,83962,28,13,32,36,80,8,192,96,20,254,609,1776,2669,1525357912362176,1525357912401660,39484
bub,64,37,632,496,162,264,360,84,9,8,28,22,32,104,23,8,2033,28,11,32,36,96,8,192,120,21,254,623,1776,2431,1525357704555428,1525357704580727,25299
hs,238464,37,624,496,155,240,392,92,9,8,28,20,32,96,23,8,29797,28,3,32,36,80,8,192,96,20,254,609,1776,2669,1525357916944115,1525357916960768,16653
fac,64,37,624,496,157,240,392,92,9,8,28,20,32,96,23,8,1817,28,17,32,36,80,8,192,96,21,254,618,1776,2528,1525357862469546,1525357862539117,69571
fac,160080,37,616,496,150,216,392,92,9,8,28,18,32,88,23,8,2840,28,19,32,36,64,8,192,72,21,254,598,1752,2423,1525357894859295,1525357895034277,174982
hs,522704,37,624,496,155,240,392,92,9,8,28,20,32,96,23,8,65330,28,13,32,36,80,8,192,96,20,254,609,1776,2669,1525357923793196,1525357923823576,30380
bub,66432,37,624,496,155,240,360,84,9,8,28,20,32,96,23,8,8295,28,16,32,36,80,8,192,96,21,254,603,1752,2358,1525357701216750,1525357701522116,305366
bub,56640,37,624,496,155,240,360,84,9,8,28,20,32,96,23,8,7069,28,1,32,36,80,8,192,96,21,254,603,1752,2358,1525357777529313,1525357777748944,219631
bub,22688,37,624,496,155,240,360,84,9,8,28,20,32,96,23,8,2828,28,6,32,36,80,8,192,96,21,254,603,1752,2358,1525357717353774,1525357717393131,39357
fac,64,37,624,496,157,240,392,92,9,8,28,20,32,96,23,8,3934,28,6,32,36,80,8,192,96,21,254,618,1776,2528,1525357872664783,1525357873011574,346791
fac,64,37,624,496,157,240,392,92,9,8,28,20,32,96,23,8,3185,28,17,32,36,80,8,192,96,21,254,618,1776,2528,1525357868077470,1525357868298875,221405
fac,160080,37,616,496,150,216,392,92,9,8,28,18,32,88,23,8,1442,28,6,32,36,64,8,192,72,21,254,598,1752,2423,1525357880031565,1525357880075413,43848
hs,55312,37,624,496,155,240,392,92,9,8,28,20,32,96,23,8,6903,28,7,32,36,80,8,192,96,20,254,609,1776,2669,1525357905355825,1525357905359701,3876
hs,497552,37,624,496,155,240,392,92,9,8,28,20,32,96,23,8,62185,28,8,32,36,80,8,192,96,20,254,609,1776,2669,1525357911451796,1525357911481872,30076
fac,160064,37,616,496,150,216,392,92,9,8,28,18,32,88,23,8,4687,28,11,32,36,64,8,192,72,21,254,598,1752,2423,1525357814074611,1525357814576241,501630
hs,532096,37,624,496,155,240,392,92,9,8,28,20,32,96,23,8,66503,28,1,32,36,80,8,192,96,20,254,609,1776,2669,1525357905173582,1525357905205465,31883
fac,160064,37,616,496,150,216,392,92,9,8,28,18,32,88,23,8,1403,28,9,32,36,64,8,192,72,21,254,598,1752,2423,1525357882207052,1525357882248557,41505
fac,160080,37,616,496,150,216,392,92,9,8,28,18,32,88,23,8,4810,28,4,32,36,64,8,192,72,21,254,598,1752,2423,1525357832264924,1525357832797434,532510
fac,160080,37,616,496,150,216,392,92,9,8,28,18,32,88,23,8,1334,28,13,32,36,64,8,192,72,21,254,598,1752,2423,1525357898812404,1525357898851377,38973
bub,50576,37,624,496,155,240,360,84,9,8,28,20,32,96,23,8,6311,28,18,32,36,80,8,192,96,21,254,603,1752,2358,1525357730610526,1525357730786670,176144
hs,64,37,632,496,162,264,392,92,9,8,28,22,32,104,23,8,15129,28,4,32,36,96,8,192,120,20,254,629,1800,2758,1525357907756883,1525357907765468,8585
hs,64,37,632,496,162,264,392,92,9,8,28,22,32,104,23,8,43023,28,6,32,36,96,8,192,120,20,254,629,1800,2758,1525357912215947,1525357912237134,21187
hs,64,37,632,496,162,264,392,92,9,8,28,22,32,104,23,8,67269,28,16,32,36,96,8,192,120,20,254,629,1800,2758,1525357910262860,1525357910295730,32870
fac,64,37,624,496,157,240,392,92,9,8,28,20,32,96,23,8,503,28,15,32,36,80,8,192,96,21,254,618,1776,2528,1525357800140994,1525357800147084,6090
fac,64,37,624,496,157,240,392,92,9,8,28,20,32,96,23,8,1887,28,6,32,36,80,8,192,96,21,254,618,1776,2528,1525357822767068,1525357822843203,76135
hs,140640,37,624,496,155,240,392,92,9,8,28,20,32,96,23,8,17569,28,4,32,36,80,8,192,96,20,254,609,1776,2669,1525357909052239,1525357909061695,9456
fac,64,37,624,496,157,240,392,92,9,8,28,20,32,96,23,8,1953,28,9,32,36,80,8,192,96,21,254,618,1776,2528,1525357881704344,1525357881785945,81601
mat,2247360,37,624,496,155,240,360,84,9,8,28,20,32,96,23,8,306,28,6,32,36,80,8,192,96,21,254,612,1800,2534,1525357942861683,1525357943221520,359837
fac,160080,37,616,496,150,216,392,92,9,8,28,18,32,88,23,8,880,28,16,32,36,64,8,192,72,21,254,598,1752,2423,1525357848623803,1525357848643278,19475
hs,679200,37,624,496,155,240,392,92,9,8,28,20,32,96,23,8,84891,28,9,32,36,80,8,192,96,20,254,609,1776,2669,1525357906179795,1525357906219676,39881
hs,689744,37,624,496,155,240,392,92,9,8,28,20,32,96,23,8,86210,28,2,32,36,80,8,192,96,20,254,609,1776,2669,1525357906889234,1525357906930101,40867
fac,64,37,624,496,157,240,392,92,9,8,28,20,32,96,23,8,2481,28,14,32,36,80,8,192,96,21,254,618,1776,2528,1525357880581651,1525357880712062,130411
bub,12064,37,624,496,155,240,360,84,9,8,28,20,32,96,23,8,1497,28,15,32,36,80,8,192,96,21,254,603,1752,2358,1525357737943817,1525357737956909,13092
hs,408128,37,624,496,155,240,392,92,9,8,28,20,32,96,23,8,51008,28,10,32,36,80,8,192,96,20,254,609,1776,2669,1525357922171202,1525357922197168,25966
fac,160064,37,616,496,150,216,392,92,9,8,28,18,32,88,23,8,880,28,10,32,36,64,8,192,72,21,254,598,1752,2423,1525357893524490,1525357893544397,19907
bub,75616,37,624,496,155,240,360,84,9,8,28,20,32,96,23,8,9442,28,5,32,36,80,8,192,96,21,254,603,1752,2358,1525357705550768,1525357705940597,389829
hs,64,37,632,496,162,264,392,92,9,8,28,22,32,104,23,8,3340,28,11,32,36,96,8,192,120,20,254,629,1800,2758,1525357915338784,1525357915340546,1762
hs,64,37,632,496,162,264,392,92,9,8,28,22,32,104,23,8,28275,28,9,32,36,96,8,192,120,20,254,629,1800,2758,1525357907467685,1525357907481253,13568
fac,160064,37,616,496,150,216,392,92,9,8,28,18,32,88,23,8,2951,28,17,32,36,64,8,192,72,21,254,598,1752,2423,1525357818112209,1525357818301860,189651
hs,432400,37,624,496,155,240,392,92,9,8,28,20,32,96,23,8,54039,28,6,32,36,80,8,192,96,20,254,609,1776,2669,1525357916783030,1525357916809201,26171
fac,64,37,624,496,157,240,392,92,9,8,28,20,32,96,23,8,815,28,3,32,36,80,8,192,96,21,254,618,1776,2528,1525357839881113,1525357839895881,14768
bub,64,37,632,496,162,264,360,84,9,8,28,22,32,104,23,8,1749,28,6,32,36,96,8,192,120,21,254,623,1776,2431,1525357785618743,1525357785639594,20851
mat,1314240,37,624,496,155,240,360,84,9,8,28,20,32,96,23,8,234,28,4,32,36,80,8,192,96,21,254,612,1800,2534,1525357932200986,1525357932364569,163583
fac,160080,37,616,496,150,216,392,92,9,8,28,18,32,88,23,8,4965,28,7,32,36,64,8,192,72,21,254,598,1752,2423,1525357890852604,1525357891420613,568009
hs,64,37,632,496,162,264,392,92,9,8,28,22,32,104,23,8,26199,28,8,32,36,96,8,192,120,20,254,629,1800,2758,1525357914868971,1525357914883081,14110
fac,64,37,624,496,157,240,392,92,9,8,28,20,32,96,23,8,4693,28,2,32,36,80,8,192,96,21,254,618,1776,2528,1525357890329510,1525357890836891,507381
mat,705728,37,632,496,162,264,368,84,9,8,28,22,32,104,23,8,210,28,5,32,36,96,8,192,120,21,254,632,1824,2695,1525357929964495,1525357930057175,92680
bub,56944,37,624,496,155,240,360,84,9,8,28,20,32,96,23,8,7109,28,18,32,36,80,8,192,96,21,254,603,1752,2358,1525357759423421,1525357759645792,222371
hs,432400,37,624,496,155,240,392,92,9,8,28,20,32,96,23,8,54039,28,6,32,36,80,8,192,96,20,254,609,1776,2669,1525357916783030,1525357916809201,26171
hs,64,37,632,496,162,264,392,92,9,8,28,22,32,104,23,8,20428,28,7,32,36,96,8,192,120,20,254,629,1800,2758,1525357923460103,1525357923471250,11147
bub,63008,37,624,496,155,240,360,84,9,8,28,20,32,96,23,8,7866,28,12,32,36,80,8,192,96,21,254,603,1752,2358,1525357727814759,1525357728086179,271420
fac,160064,37,616,496,150,216,392,92,9,8,28,18,32,88,23,8,1246,28,6,32,36,64,8,192,72,21,254,598,1752,2423,1525357846096347,1525357846130985,34638
bub,77680,37,624,496,155,240,360,84,9,8,28,20,32,96,23,8,9700,28,1,32,36,80,8,192,96,21,254,603,1752,2358,1525357727385568,1525357727799731,414163
hs,64,37,632,496,162,264,392,92,9,8,28,22,32,104,23,8,47260,28,17,32,36,96,8,192,120,20,254,629,1800,2758,1525357906687696,1525357906710423,22727
mat,1647552,37,624,496,155,240,360,84,9,8,28,20,32,96,23,8,262,28,6,32,36,80,8,192,96,21,254,612,1800,2534,1525357930834268,1525357931063146,228878
hs,64,37,632,496,162,264,392,92,9,8,28,22,32,104,23,8,30765,28,4,32,36,96,8,192,120,20,254,629,1800,2758,1525357919855729,1525357919872712,16983
bub,77168,37,624,496,155,240,360,84,9,8,28,20,32,96,23,8,9638,28,16,32,36,80,8,192,96,21,254,603,1752,2358,1525357708621868,1525357709028002,406134
bub,64,37,632,496,162,264,360,84,9,8,28,22,32,104,23,8,4341,28,6,32,36,96,8,192,120,21,254,623,1776,2431,1525357703263043,1525357703358989,95946
fac,160080,37,616,496,150,216,392,92,9,8,28,18,32,88,23,8,1701,28,19,32,36,64,8,192,72,21,254,598,1752,2423,1525357872560538,1525357872622271,61733
mat,891264,37,632,496,162,264,368,84,9,8,28,22,32,104,23,8,236,28,2,32,36,96,8,192,120,21,254,632,1824,2695,1525357926984001,1525357927114097,130096
bub,64,37,632,496,162,264,360,84,9,8,28,22,32,104,23,8,5933,28,18,32,36,96,8,192,120,21,254,623,1776,2431,1525357768945900,1525357769117846,171946
hs,176816,37,624,496,155,240,392,92,9,8,28,20,32,96,23,8,22093,28,15,32,36,80,8,192,96,20,254,609,1776,2669,1525357911596066,1525357911607841,11775
hs,64,37,632,496,162,264,392,92,9,8,28,22,32,104,23,8,67269,28,16,32,36,96,8,192,120,20,254,629,1800,2758,1525357910262860,1525357910295730,32870
hs,478800,37,624,496,155,240,392,92,9,8,28,20,32,96,23,8,59842,28,13,32,36,80,8,192,96,20,254,609,1776,2669,1525357908297704,1525357908327655,29951
fac,160080,37,616,496,150,216,392,92,9,8,28,18,32,88,23,8,1090,28,12,32,36,64,8,192,72,21,254,598,1752,2423,1525357817364645,1525357817391915,27270
hs,209664,37,624,496,155,240,392,92,9,8,28,20,32,96,23,8,26197,28,14,32,36,80,8,192,96,20,254,609,1776,2669,1525357920547031,1525357920561170,14139
bub,76288,37,624,496,155,240,360,84,9,8,28,20,32,96,23,8,9528,28,19,32,36,80,8,192,96,21,254,603,1752,2358,1525357746417192,1525357746816161,398969
hs,408032,37,624,496,155,240,392,92,9,8,28,20,32,96,23,8,50995,28,10,32,36,80,8,192,96,20,254,609,1776,2669,1525357906373112,1525357906398454,25342
mat,1318024,37,632,496,162,264,368,84,9,8,28,22,32,104,23,8,287,28,10,32,36,96,8,192,120,21,254,632,1824,2727,1525357931361231,1525357931619257,258026
bub,73104,37,624,496,155,240,360,84,9,8,28,20,32,96,23,8,9130,28,18,32,36,80,8,192,96,21,254,603,1752,2358,1525357706343679,1525357706717805,374126
hs,64,37,632,496,162,264,392,92,9,8,28,22,32,104,23,8,65104,28,19,32,36,96,8,192,120,20,254,629,1800,2758,1525357905251281,1525357905282422,31141
bub,70896,37,624,496,155,240,360,84,9,8,28,20,32,96,23,8,8854,28,16,32,36,80,8,192,96,21,254,603,1752,2358,1525357784094038,1525357784437812,343774
hs,336816,37,624,496,155,240,392,92,9,8,28,20,32,96,23,8,42094,28,6,32,36,80,8,192,96,20,254,609,1776,2669,1525357905851389,1525357905872013,20624
hs,360000,37,624,496,155,240,392,92,9,8,28,20,32,96,23,8,44989,28,18,32,36,80,8,192,96,20,254,609,1776,2669,1525357911021251,1525357911045480,24229
fac,160080,37,616,496,150,216,392,92,9,8,28,18,32,88,23,8,3274,28,7,32,36,64,8,192,72,21,254,598,1752,2423,1525357882262047,1525357882497460,235413
hs,64,37,632,496,162,264,392,92,9,8,28,22,32,104,23,8,14583,28,2,32,36,96,8,192,120,20,254,629,1800,2758,1525357911209616,1525357911216995,7379
fac,160080,37,616,496,150,216,392,92,9,8,28,18,32,88,23,8,1751,28,18,32,36,64,8,192,72,21,254,598,1752,2423,1525357881056986,1525357881124274,67288
mat,2262088,37,624,496,155,240,360,84,9,8,28,20,32,96,23,8,307,28,7,32,36,80,8,192,96,21,254,612,1800,2534,1525357958889078,1525357959214151,325073
bub,67232,37,624,496,155,240,360,84,9,8,28,20,32,96,23,8,8395,28,19,32,36,80,8,192,96,21,254,603,1752,2358,1525357779403175,1525357779713854,310679
bub,15488,37,624,496,155,240,360,84,9,8,28,20,32,96,23,8,1928,28,3,32,36,80,8,192,96,21,254,603,1752,2358,1525357774384038,1525357774403720,19682
fac,160064,37,616,496,150,216,392,92,9,8,28,18,32,88,23,8,4969,28,8,32,36,64,8,192,72,21,254,598,1752,2423,1525357863136372,1525357863705185,568813
bub,64,37,632,496,162,264,360,84,9,8,28,22,32,104,23,8,8468,28,15,32,36,96,8,192,120,21,254,623,1776,2431,1525357789596127,1525357789947914,351787
hs,64,37,632,496,162,264,392,92,9,8,28,22,32,104,23,8,54259,28,11,32,36,96,8,192,120,20,254,629,1800,2758,1525357907426870,1525357907453449,26579
hs,72176,37,624,496,155,240,392,92,9,8,28,20,32,96,23,8,9013,28,5,32,36,80,8,192,96,20,254,609,1776,2669,1525357919919094,1525357919924131,5037
hs,64,37,632,496,162,264,392,92,9,8,28,22,32,104,23,8,4668,28,17,32,36,96,8,192,120,20,254,629,1800,2758,1525357922051187,1525357922053799,2612
fac,64,37,624,496,157,240,392,92,9,8,28,20,32,96,23,8,1824,28,11,32,36,80,8,192,96,21,254,618,1776,2528,1525357899945060,1525357900012836,67776
fac,64,37,624,496,157,240,392,92,9,8,28,20,32,96,23,8,2312,28,19,32,36,80,8,192,96,21,254,618,1776,2528,1525357892653251,1525357892768447,115196
bub,64,37,632,496,162,264,360,84,9,8,28,22,32,104,23,8,6411,28,14,32,36,96,8,192,120,21,254,623,1776,2431,1525357714829528,1525357715030689,201161
bub,18672,37,624,496,155,240,360,84,9,8,28,20,32,96,23,8,2326,28,5,32,36,80,8,192,96,21,254,603,1752,2358,1525357781480887,1525357781510004,29117
bub,64,37,632,496,162,264,360,84,9,8,28,22,32,104,23,8,9110,28,17,32,36,96,8,192,120,21,254,623,1776,2431,1525357718191085,1525357718598507,407422
bub,20560,37,624,496,155,240,360,84,9,8,28,20,32,96,23,8,2559,28,12,32,36,80,8,192,96,21,254,603,1752,2358,1525357751924997,1525357751957440,32443
hs,740640,37,624,496,155,240,392,92,9,8,28,20,32,96,23,8,92572,28,4,32,36,80,8,192,96,20,254,609,1776,2669,1525357924402788,1525357924446188,43400
hs,497552,37,624,496,155,240,392,92,9,8,28,20,32,96,23,8,62185,28,8,32,36,80,8,192,96,20,254,609,1776,2669,1525357911451796,1525357911481872,30076
hs,327072,37,624,496,155,240,392,92,9,8,28,20,32,96,23,8,40874,28,15,32,36,80,8,192,96,20,254,609,1776,2669,1525357911850067,1525357911870837,20770
fac,160064,37,616,496,150,216,392,92,9,8,28,18,32,88,23,8,3890,28,18,32,36,64,8,192,72,21,254,598,1752,2423,1525357856276274,1525357856615429,339155
mat,1922248,37,624,496,155,240,360,84,9,8,28,20,32,96,23,8,283,28,3,32,36,80,8,192,96,21,254,612,1800,2534,1525357965278109,1525357965513085,234976
hs,611424,37,624,496,155,240,392,92,9,8,28,20,32,96,23,8,76417,28,19,32,36,80,8,192,96,20,254,609,1776,2669,1525357906635166,1525357906672244,37078
fac,160064,37,616,496,150,216,392,92,9,8,28,18,32,88,23,8,2727,28,16,32,36,64,8,192,72,21,254,598,1752,2423,1525357815979921,1525357816140383,160462
hs,209664,37,624,496,155,240,392,92,9,8,28,20,32,96,23,8,26197,28,14,32,36,80,8,192,96,20,254,609,1776,2669,1525357920547031,1525357920561170,14139
hs,606240,37,624,496,155,240,392,92,9,8,28,20,32,96,23,8,75772,28,18,32,36,80,8,192,96,20,254,609,1776,2669,1525357910585534,1525357910622007,36473
fac,160064,37,616,496,150,216,392,92,9,8,28,18,32,88,23,8,4415,28,14,32,36,64,8,192,72,21,254,598,1752,2423,1525357816650982,1525357817094536,443554
hs,64,37,632,496,162,264,392,92,9,8,28,22,32,104,23,8,19122,28,1,32,36,96,8,192,120,20,254,629,1800,2758,1525357915312397,1525357915324881,12484
hs,64,37,632,496,162,264,392,92,9,8,28,22,32,104,23,8,79046,28,12,32,36,96,8,192,120,20,254,629,1800,2758,1525357915752022,1525357915790155,38133
bub,12016,37,624,496,155,240,360,84,9,8,28,20,32,96,23,8,1491,28,7,32,36,80,8,192,96,21,254,603,1752,2358,1525357724567365,1525357724581759,14394
mat,839368,37,624,496,155,240,360,84,9,8,28,20,32,96,23,8,187,28,10,32,36,80,8,192,96,21,254,612,1800,2534,1525357932098389,1525357932181450,83061
bub,54672,37,624,496,155,240,360,84,9,8,28,20,32,96,23,8,6823,28,16,32,36,80,8,192,96,21,254,603,1752,2358,1525357739496554,1525357739701318,204764
bub,64,37,632,496,162,264,360,84,9,8,28,22,32,104,23,8,3535,28,18,32,36,96,8,192,120,21,254,623,1776,2431,1525357712194121,1525357712257202,63081
hs,80640,37,624,496,155,240,392,92,9,8,28,20,32,96,23,8,10070,28,6,32,36,80,8,192,96,20,254,609,1776,2669,1525357907229868,1525357907236082,6214
fac,160080,37,616,496,150,216,392,92,9,8,28,18,32,88,23,8,1250,28,13,32,36,64,8,192,72,21,254,598,1752,2423,1525357807681413,1525357807716802,35389
mat,290496,37,624,496,155,240,360,84,9,8,28,20,32,96,23,8,110,28,15,32,36,80,8,192,96,21,254,612,1800,2502,1525357947065887,1525357947086085,20198
bub,16320,37,624,496,155,240,360,84,9,8,28,20,32,96,23,8,2031,28,13,32,36,80,8,192,96,21,254,603,1752,2358,1525357731613476,1525357731637438,23962
fac,160080,37,616,496,150,216,392,92,9,8,28,18,32,88,23,8,4810,28,4,32,36,64,8,192,72,21,254,598,1752,2423,1525357832264924,1525357832797434,532510
bub,64,37,632,496,162,264,360,84,9,8,28,22,32,104,23,8,8931,28,17,32,36,96,8,192,120,21,254,623,1776,2431,1525357700805554,1525357701201662,396108
mat,1721472,37,632,496,162,264,368,84,9,8,28,22,32,104,23,8,328,28,18,32,36,96,8,192,120,21,254,632,1824,2743,1525357960938302,1525357961357367,419065
hs,64,37,632,496,162,264,392,92,9,8,28,22,32,104,23,8,3653,28,19,32,36,96,8,192,120,20,254,629,1800,2758,1525357922651395,1525357922652980,1585
bub,64,37,632,496,162,264,360,84,9,8,28,22,32,104,23,8,9935,28,10,32,36,96,8,192,120,21,254,623,1776,2431,1525357749433634,1525357749917320,483686
fac,160080,37,616,496,150,216,392,92,9,8,28,18,32,88,23,8,880,28,16,32,36,64,8,192,72,21,254,598,1752,2423,1525357848623803,1525357848643278,19475
fac,64,37,624,496,157,240,392,92,9,8,28,20,32,96,23,8,1731,28,19,32,36,80,8,192,96,21,254,618,1776,2528,1525357831702352,1525357831765691,63339
mat,2351368,37,624,496,155,240,360,84,9,8,28,20,32,96,23,8,313,28,2,32,36,80,8,192,96,21,254,612,1800,2534,1525357935851040,1525357936209476,358436
fac,160080,37,616,496,150,216,392,92,9,8,28,18,32,88,23,8,1476,28,16,32,36,64,8,192,72,21,254,598,1752,2423,1525357873232780,1525357873279502,46722
fac,160080,37,616,496,150,216,392,92,9,8,28,18,32,88,23,8,1535,28,2,32,36,64,8,192,72,21,254,598,1752,2423,1525357885078733,1525357885129456,50723
bub,64,37,632,496,162,264,360,84,9,8,28,22,32,104,23,8,9935,28,10,32,36,96,8,192,120,21,254,623,1776,2431,1525357749433634,1525357749917320,483686
fac,160064,37,616,496,150,216,392,92,9,8,28,18,32,88,23,8,2184,28,8,32,36,64,8,192,72,21,254,598,1752,2423,1525357889023237,1525357889125702,102465
hs,542912,37,624,496,155,240,392,92,9,8,28,20,32,96,23,8,67854,28,1,32,36,80,8,192,96,20,254,609,1776,2669,1525357905697441,1525357905728048,30607
fac,160064,37,616,496,150,216,392,92,9,8,28,18,32,88,23,8,1089,28,19,32,36,64,8,192,72,21,254,598,1752,2423,1525357836466553,1525357836495006,28453
bub,26256,37,624,496,155,240,360,84,9,8,28,20,32,96,23,8,3271,28,9,32,36,80,8,192,96,21,254,603,1752,2358,1525357731360380,1525357731410726,50346
hs,777056,37,624,496,155,240,392,92,9,8,28,20,32,96,23,8,97123,28,11,32,36,80,8,192,96,20,254,609,1776,2669,1525357909863025,1525357909909521,46496
hs,64,37,632,496,162,264,392,92,9,8,28,22,32,104,23,8,75658,28,7,32,36,96,8,192,120,20,254,629,1800,2758,1525357911988527,1525357912024744,36217
fac,160080,37,616,496,150,216,392,92,9,8,28,18,32,88,23,8,702,28,7,32,36,64,8,192,72,21,254,598,1752,2423,1525357813056699,1525357813070151,13452
bub,35152,37,624,496,155,240,360,84,9,8,28,20,32,96,23,8,4383,28,6,32,36,80,8,192,96,21,254,603,1752,2358,1525357788561132,1525357788647660,86528
mat,1327232,37,632,496,162,264,368,84,9,8,28,22,32,104,23,8,288,28,9,32,36,96,8,192,120,21,254,632,1824,2727,1525357948761106,1525357949074650,313544
fac,160080,37,616,496,150,216,392,92,9,8,28,18,32,88,23,8,2442,28,1,32,36,64,8,192,72,21,254,598,1752,2423,1525357844275828,1525357844404157,128329
mat,2473096,37,624,496,155,240,360,84,9,8,28,20,32,96,23,8,321,28,13,32,36,80,8,192,96,21,254,612,1800,2598,1525357942274687,1525357942661282,386595
fac,160080,37,616,496,150,216,392,92,9,8,28,18,32,88,23,8,565,28,7,32,36,64,8,192,72,21,254,598,1752,2423,1525357892783861,1525357892792446,8585
bub,69296,37,624,496,155,240,360,84,9,8,28,20,32,96,23,8,8654,28,11,32,36,80,8,192,96,21,254,603,1752,2358,1525357740423430,1525357740751665,328235
bub,64,37,632,496,162,264,360,84,9,8,28,22,32,104,23,8,5498,28,19,32,36,96,8,192,120,21,254,623,1776,2431,1525357717499193,1525357717647384,148191
hs,64,37,632,496,162,264,392,92,9,8,28,22,32,104,23,8,44993,28,2,32,36,96,8,192,120,20,254,629,1800,2758,1525357924000420,1525357924022326,21906
hs,660112,37,624,496,155,240,392,92,9,8,28,20,32,96,23,8,82505,28,17,32,36,80,8,192,96,20,254,609,1776,2669,1525357913549412,1525357913589666,40254
fac,160064,37,616,496,150,216,392,92,9,8,28,18,32,88,23,8,2582,28,12,32,36,64,8,192,72,21,254,598,1752,2423,1525357797023211,1525357797166420,143209
hs,519952,37,624,496,155,240,392,92,9,8,28,20,32,96,23,8,64985,28,11,32,36,80,8,192,96,20,254,609,1776,2669,1525357922380654,1525357922413003,32349
bub,47584,37,624,496,155,240,360,84,9,8,28,20,32,96,23,8,5939,28,6,32,36,80,8,192,96,21,254,603,1752,2358,1525357752899546,1525357753054287,154741
bub,51840,37,624,496,155,240,360,84,9,8,28,20,32,96,23,8,6471,28,2,32,36,80,8,192,96,21,254,603,1752,2358,1525357773026248,1525357773211036,184788
bub,64,37,632,496,162,264,360,84,9,8,28,22,32,104,23,8,9279,28,6,32,36,96,8,192,120,21,254,623,1776,2431,1525357755845388,1525357756266520,421132
fac,160080,37,616,496,150,216,392,92,9,8,28,18,32,88,23,8,1932,28,10,32,36,64,8,192,72,21,254,598,1752,2423,1525357849204375,1525357849284080,79705
mat,884832,37,624,496,155,240,360,84,9,8,28,20,32,96,23,8,192,28,6,32,36,80,8,192,96,21,254,612,1800,2582,1525357940975027,1525357941071979,96952
hs,64,37,632,496,162,264,392,92,9,8,28,22,32,104,23,8,79046,28,12,32,36,96,8,192,120,20,254,629,1800,2758,1525357915752022,1525357915790155,38133
hs,64,37,632,496,162,264,392,92,9,8,28,22,32,104,23,8,93024,28,7,32,36,96,8,192,120,20,254,629,1800,2758,1525357917829722,1525357917874452,44730
hs,64,37,632,496,162,264,392,92,9,8,28,22,32,104,23,8,43187,28,12,32,36,96,8,192,120,20,254,629,1800,2758,1525357925789831,1525357925811595,21764
bub,75760,37,624,496,155,240,360,84,9,8,28,20,32,96,23,8,9459,28,19,32,36,80,8,192,96,21,254,603,1752,2358,1525357776919853,1525357777311877,392024
fac,160064,37,616,496,150,216,392,92,9,8,28,18,32,88,23,8,1320,28,4,32,36,64,8,192,72,21,254,598,1752,2423,1525357830693375,1525357830731661,38286
hs,64,37,632,496,162,264,392,92,9,8,28,22,32,104,23,8,11274,28,16,32,36,96,8,192,120,20,254,629,1800,2758,1525357908703694,1525357908710611,6917
hs,64,37,632,496,162,264,392,92,9,8,28,22,32,104,23,8,32494,28,14,32,36,96,8,192,120,20,254,629,1800,2758,1525357914333155,1525357914350736,17581
fac,160080,37,616,496,150,216,392,92,9,8,28,18,32,88,23,8,1903,28,17,32,36,64,8,192,72,21,254,598,1752,2423,1525357875144591,1525357875221223,76632
mat,393312,37,624,496,155,240,360,84,9,8,28,20,32,96,23,8,128,28,8,32,36,80,8,192,96,21,254,612,1800,2518,1525357965096106,1525357965125138,29032
bub,25408,37,624,496,155,240,360,84,9,8,28,20,32,96,23,8,3165,28,16,32,36,80,8,192,96,21,254,603,1752,2358,1525357704445555,1525357704492762,47207
hs,552480,37,624,496,155,240,392,92,9,8,28,20,32,96,23,8,69050,28,1,32,36,80,8,192,96,20,254,609,1776,2669,1525357919128596,1525357919161555,32959
hs,64,37,632,496,162,264,392,92,9,8,28,22,32,104,23,8,39047,28,5,32,36,96,8,192,120,20,254,629,1800,2758,1525357921507520,1525357921527842,20322
bub,37776,37,624,496,155,240,360,84,9,8,28,20,32,96,23,8,4713,28,18,32,36,80,8,192,96,21,254,603,1752,2358,1525357788662278,1525357788762702,100424
mat,894088,37,624,496,155,240,360,84,9,8,28,20,32,96,23,8,193,28,12,32,36,80,8,192,96,21,254,612,1800,2598,1525357940175076,1525357940260611,85535
mat,2262088,37,624,496,155,240,360,84,9,8,28,20,32,96,23,8,307,28,7,32,36,80,8,192,96,21,254,612,1800,2534,1525357958889078,1525357959214151,325073
bub,64,37,632,496,162,264,360,84,9,8,28,22,32,104,23,8,1137,28,3,32,36,96,8,192,120,21,254,623,1776,2431,1525357779934558,1525357779945058,10500
fac,160080,37,616,496,150,216,392,92,9,8,28,18,32,88,23,8,1018,28,9,32,36,64,8,192,72,21,254,598,1752,2423,1525357805520123,1525357805544820,24697
bub,64,37,632,496,162,264,360,84,9,8,28,22,32,104,23,8,1996,28,9,32,36,96,8,192,120,21,254,623,1776,2431,1525357779894797,1525357779920226,25429
fac,64,37,624,496,157,240,392,92,9,8,28,20,32,96,23,8,3458,28,11,32,36,80,8,192,96,21,254,618,1776,2528,1525357850456376,1525357850721318,264942
mat,1976968,37,624,496,155,240,360,84,9,8,28,20,32,96,23,8,287,28,6,32,36,80,8,192,96,21,254,612,1800,2598,1525357973706271,1525357973982526,276255
bub,41232,37,624,496,155,240,360,84,9,8,28,20,32,96,23,8,5144,28,8,32,36,80,8,192,96,21,254,603,1752,2358,1525357720271483,1525357720388638,117155
fac,160064,37,616,496,150,216,392,92,9,8,28,18,32,88,23,8,3690,28,7,32,36,64,8,192,72,21,254,598,1752,2423,1525357873294814,1525357873597653,302839
bub,26464,37,624,496,155,240,360,84,9,8,28,20,32,96,23,8,3299,28,9,32,36,80,8,192,96,21,254,603,1752,2358,1525357749367691,1525357749418704,51013
hs,451872,37,624,496,155,240,392,92,9,8,28,20,32,96,23,8,56475,28,13,32,36,80,8,192,96,20,254,609,1776,2669,1525357924206121,1525357924233928,27807
bub,64,37,632,496,162,264,360,84,9,8,28,22,32,104,23,8,8371,28,2,32,36,96,8,192,120,21,254,623,1776,2431,1525357751511816,1525357751856949,345133
hs,64,37,632,496,162,264,392,92,9,8,28,22,32,104,23,8,15396,28,2,32,36,96,8,192,120,20,254,629,1800,2758,1525357917602195,1525357917610382,8187
hs,64,37,632,496,162,264,392,92,9,8,28,22,32,104,23,8,7077,28,19,32,36,96,8,192,120,20,254,629,1800,2758,1525357907693237,1525357907697055,3818
hs,297088,37,624,496,155,240,392,92,9,8,28,20,32,96,23,8,37125,28,10,32,36,80,8,192,96,20,254,609,1776,2669,1525357913651976,1525357913671320,19344
hs,406480,37,624,496,155,240,392,92,9,8,28,20,32,96,23,8,50799,28,8,32,36,80,8,192,96,20,254,609,1776,2669,1525357916148961,1525357916175245,26284
hs,64,37,632,496,162,264,392,92,9,8,28,22,32,104,23,8,45328,28,16,32,36,96,8,192,120,20,254,629,1800,2758,1525357923359122,1525357923382064,22942
hs,64,37,632,496,162,264,392,92,9,8,28,22,32,104,23,8,30028,28,1,32,36,96,8,192,120,20,254,629,1800,2758,1525357913519046,1525357913533512,14466
bub,35808,37,624,496,155,240,360,84,9,8,28,20,32,96,23,8,4468,28,7,32,36,80,8,192,96,21,254,603,1752,2358,1525357778428561,1525357778518058,89497
hs,55312,37,624,496,155,240,392,92,9,8,28,20,32,96,23,8,6903,28,7,32,36,80,8,192,96,20,254,609,1776,2669,1525357905355825,1525357905359701,3876
hs,645680,37,624,496,155,240,392,92,9,8,28,20,32,96,23,8,80702,28,13,32,36,80,8,192,96,20,254,609,1776,2669,1525357919239709,1525357919278986,39277
hs,437904,37,624,496,155,240,392,92,9,8,28,20,32,96,23,8,54728,28,17,32,36,80,8,192,96,20,254,609,1776,2669,1525357913024818,1525357913051047,26229
mat,1622496,37,624,496,155,240,360,84,9,8,28,20,32,96,23,8,260,28,1,32,36,80,8,192,96,21,254,612,1800,2582,1525357978031485,1525357978222842,191357
bub,45328,37,624,496,155,240,360,84,9,8,28,20,32,96,23,8,5656,28,17,32,36,80,8,192,96,21,254,603,1752,2358,1525357777372177,1525357777512689,140512
bub,76320,37,624,496,155,240,360,84,9,8,28,20,32,96,23,8,9530,28,4,32,36,80,8,192,96,21,254,603,1752,2358,1525357774650573,1525357775050588,400015
hs,553312,37,624,496,155,240,392,92,9,8,28,20,32,96,23,8,69155,28,6,32,36,80,8,192,96,20,254,609,1776,2669,1525357922797484,1525357922831820,34336
bub,37424,37,624,496,155,240,360,84,9,8,28,20,32,96,23,8,4670,28,7,32,36,80,8,192,96,21,254,603,1752,2358,1525357721049240,1525357721146268,97028
bub,64,37,632,496,162,264,360,84,9,8,28,22,32,104,23,8,8323,28,2,32,36,96,8,192,120,21,254,623,1776,2431,1525357723490723,1525357723831189,340466
hs,594032,37,624,496,155,240,392,92,9,8,28,20,32,96,23,8,74246,28,2,32,36,80,8,192,96,20,254,609,1776,2669,1525357918246289,1525357918282287,35998
hs,88320,37,624,496,155,240,392,92,9,8,28,20,32,96,23,8,11031,28,6,32,36,80,8,192,96,20,254,609,1776,2669,1525357919938515,1525357919945146,6631
mat,576712,37,624,496,155,240,360,84,9,8,28,20,32,96,23,8,155,28,18,32,36,80,8,192,96,21,254,612,1800,2630,1525357955112295,1525357955165452,53157
hs,152864,37,624,496,155,240,392,92,9,8,28,20,32,96,23,8,19099,28,18,32,36,80,8,192,96,20,254,609,1776,2669,1525357907205014,1525357907214855,9841
bub,27952,37,624,496,155,240,360,84,9,8,28,20,32,96,23,8,3485,28,5,32,36,80,8,192,96,21,254,603,1752,2358,1525357768874680,1525357768931248,56568
bub,37712,37,624,496,155,240,360,84,9,8,28,20,32,96,23,8,4703,28,1,32,36,80,8,192,96,21,254,603,1752,2358,1525357720158271,1525357720256243,97972
hs,64,37,632,496,162,264,392,92,9,8,28,22,32,104,23,8,1538,28,16,32,36,96,8,192,120,20,254,629,1800,2758,1525357921664901,1525357921665490,589
bub,23264,37,624,496,155,240,360,84,9,8,28,20,32,96,23,8,2898,28,8,32,36,80,8,192,96,21,254,603,1752,2358,1525357759005759,1525357759046036,40277
hs,622000,37,624,496,155,240,392,92,9,8,28,20,32,96,23,8,77740,28,8,32,36,80,8,192,96,20,254,609,1776,2669,1525357916890014,1525357916927047,37033
bub,12624,37,624,496,155,240,360,84,9,8,28,20,32,96,23,8,1568,28,5,32,36,80,8,192,96,21,254,603,1752,2358,1525357744788437,1525357744804280,15843
bub,37424,37,624,496,155,240,360,84,9,8,28,20,32,96,23,8,4670,28,7,32,36,80,8,192,96,21,254,603,1752,2358,1525357721049240,1525357721146268,97028
fac,160080,37,616,496,150,216,392,92,9,8,28,18,32,88,23,8,1365,28,5,32,36,64,8,192,72,21,254,598,1752,2423,1525357800789920,1525357800831928,42008
mat,2661448,37,624,496,155,240,360,84,9,8,28,20,32,96,23,8,333,28,15,32,36,80,8,192,96,21,254,612,1800,2678,1525357928876426,1525357929385394,508968
bub,39888,37,624,496,155,240,360,84,9,8,28,20,32,96,23,8,4978,28,17,32,36,80,8,192,96,21,254,603,1752,2358,1525357794527561,1525357794637676,110115
hs,64,37,632,496,162,264,392,92,9,8,28,22,32,104,23,8,55877,28,16,32,36,96,8,192,120,20,254,629,1800,2758,1525357911408955,1525357911435401,26446
hs,698960,37,624,496,155,240,392,92,9,8,28,20,32,96,23,8,87359,28,13,32,36,80,8,192,96,20,254,609,1776,2669,1525357918141937,1525357918185013,43076
fac,160064,37,616,496,150,216,392,92,9,8,28,18,32,88,23,8,916,28,1,32,36,64,8,192,72,21,254,598,1752,2423,1525357824527841,1525357824548126,20285
bub,56080,37,624,496,155,240,360,84,9,8,28,20,32,96,23,8,7002,28,14,32,36,80,8,192,96,21,254,603,1752,2358,1525357755208147,1525357755425593,217446
hs,540464,37,624,496,155,240,392,92,9,8,28,20,32,96,23,8,67547,28,2,32,36,80,8,192,96,20,254,609,1776,2669,1525357923902291,1525357923935532,33241
bub,34848,37,624,496,155,240,360,84,9,8,28,20,32,96,23,8,4345,28,5,32,36,80,8,192,96,21,254,603,1752,2358,1525357705115993,1525357705200783,84790
fac,160064,37,616,496,150,216,392,92,9,8,28,18,32,88,23,8,1524,28,4,32,36,64,8,192,72,21,254,598,1752,2423,1525357843585261,1525357843637078,51817
hs,542912,37,624,496,155,240,392,92,9,8,28,20,32,96,23,8,67854,28,1,32,36,80,8,192,96,20,254,609,1776,2669,1525357905697441,1525357905728048,30607
bub,64,37,632,496,162,264,360,84,9,8,28,22,32,104,23,8,6277,28,3,32,36,96,8,192,120,21,254,623,1776,2431,1525357765451519,1525357765645090,193571
mat,679104,37,632,496,162,264,368,84,9,8,28,22,32,104,23,8,206,28,7,32,36,96,8,192,120,21,254,632,1824,2695,1525357976089675,1525357976175735,86060
bub,64,37,632,496,162,264,360,84,9,8,28,22,32,104,23,8,1888,28,9,32,36,96,8,192,120,21,254,623,1776,2431,1525357768439110,1525357768461459,22349
bub,46416,37,624,496,155,240,360,84,9,8,28,20,32,96,23,8,5793,28,3,32,36,80,8,192,96,21,254,603,1752,2358,1525357794893432,1525357795041629,148197
hs,660992,37,624,496,155,240,392,92,9,8,28,20,32,96,23,8,82615,28,17,32,36,80,8,192,96,20,254,609,1776,2669,1525357913847185,1525357913885448,38263
fac,64,37,624,496,157,240,392,92,9,8,28,20,32,96,23,8,3514,28,5,32,36,80,8,192,96,21,254,618,1776,2528,1525357874502911,1525357874776465,273554
bub,79824,37,624,496,155,240,360,84,9,8,28,20,32,96,23,8,9969,28,17,32,36,80,8,192,96,21,254,603,1752,2358,1525357739766443,1525357740200714,434271
mat,1132224,37,632,496,162,264,368,84,9,8,28,22,32,104,23,8,266,28,17,32,36,96,8,192,120,21,254,632,1824,2695,1525357952516108,1525357952703081,186973
bub,59728,37,624,496,155,240,360,84,9,8,28,20,32,96,23,8,7455,28,15,32,36,80,8,192,96,21,254,603,1752,2358,1525357731652136,1525357731894754,242618
fac,160080,37,616,496,150,216,392,92,9,8,28,18,32,88,23,8,1587,28,2,32,36,64,8,192,72,21,254,598,1752,2423,1525357883772855,1525357883826258,53403
bub,64,37,632,496,162,264,360,84,9,8,28,22,32,104,23,8,7519,28,8,32,36,96,8,192,120,21,254,623,1776,2431,1525357778133235,1525357778412572,279337
mat,1476192,37,624,496,155,240,360,84,9,8,28,20,32,96,23,8,248,28,6,32,36,80,8,192,96,21,254,612,1800,2582,1525357939329044,1525357939489771,160727
hs,594032,37,624,496,155,240,392,92,9,8,28,20,32,96,23,8,74246,28,2,32,36,80,8,192,96,20,254,609,1776,2669,1525357918246289,1525357918282287,35998
mat,984192,37,632,496,162,264,368,84,9,8,28,22,32,104,23,8,248,28,7,32,36,96,8,192,120,21,254,632,1824,2727,1525357974907776,1525357975058202,150426
bub,22336,37,624,496,155,240,360,84,9,8,28,20,32,96,23,8,2784,28,17,32,36,80,8,192,96,21,254,603,1752,2358,1525357737460795,1525357737499465,38670
bub,64,37,632,496,162,264,360,84,9,8,28,22,32,104,23,8,8879,28,11,32,36,96,8,192,120,21,254,623,1776,2431,1525357729024619,1525357729411844,387225
mat,409728,37,632,496,162,264,368,84,9,8,28,22,32,104,23,8,160,28,18,32,36,96,8,192,120,21,254,632,1824,2727,1525357976848330,1525357976904879,56549
mat,1868296,37,624,496,155,240,360,84,9,8,28,20,32,96,23,8,279,28,5,32,36,80,8,192,96,21,254,612,1800,2630,1525357941691409,1525357941966211,274802
hs,64,37,632,496,162,264,392,92,9,8,28,22,32,104,23,8,10645,28,10,32,36,96,8,192,120,20,254,629,1800,2758,1525357907812304,1525357907817633,5329
hs,689744,37,624,496,155,240,392,92,9,8,28,20,32,96,23,8,86210,28,2,32,36,80,8,192,96,20,254,609,1776,2669,1525357906889234,1525357906930101,40867
bub,47328,37,624,496,155,240,360,84,9,8,28,20,32,96,23,8,5906,28,16,32,36,80,8,192,96,21,254,603,1752,2358,1525357715687209,1525357715841926,154717
hs,200832,37,624,496,155,240,392,92,9,8,28,20,32,96,23,8,25095,28,16,32,36,80,8,192,96,20,254,609,1776,2669,1525357913327448,1525357913341956,14508
fac,64,37,624,496,157,240,392,92,9,8,28,20,32,96,23,8,1461,28,12,32,36,80,8,192,96,21,254,618,1776,2528,1525357852989020,1525357853034632,45612
hs,21232,37,624,496,155,240,392,92,9,8,28,20,32,96,23,8,2643,28,2,32,36,80,8,192,96,20,254,609,1776,2669,1525357908987342,1525357908988317,975
fac,160064,37,616,496,150,216,392,92,9,8,28,18,32,88,23,8,2968,28,13,32,36,64,8,192,72,21,254,598,1752,2423,1525357832059279,1525357832251424,192145
bub,17152,37,624,496,155,240,360,84,9,8,28,20,32,96,23,8,2133,28,16,32,36,80,8,192,96,21,254,603,1752,2358,1525357709626421,1525357709651664,25243
fac,160080,37,616,496,150,216,392,92,9,8,28,18,32,88,23,8,2781,28,15,32,36,64,8,192,72,21,254,598,1752,2423,1525357887719338,1525357887885377,166039
fac,64,37,624,496,157,240,392,92,9,8,28,20,32,96,23,8,1790,28,17,32,36,80,8,192,96,21,254,618,1776,2528,1525357846015920,1525357846082044,66124
hs,151056,37,624,496,155,240,392,92,9,8,28,20,32,96,23,8,18871,28,6,32,36,80,8,192,96,20,254,609,1776,2669,1525357925052045,1525357925062468,10423
fac,160064,37,616,496,150,216,392,92,9,8,28,18,32,88,23,8,4719,28,3,32,36,64,8,192,72,21,254,598,1752,2423,1525357870502791,1525357871011591,508800
fac,64,37,624,496,157,240,392,92,9,8,28,20,32,96,23,8,785,28,15,32,36,80,8,192,96,21,254,618,1776,2528,1525357845919386,1525357845934232,14846
hs,64,37,632,496,162,264,392,92,9,8,28,22,32,104,23,8,19122,28,1,32,36,96,8,192,120,20,254,629,1800,2758,1525357915312397,1525357915324881,12484
bub,77344,37,624,496,155,240,360,84,9,8,28,20,32,96,23,8,9659,28,7,32,36,80,8,192,96,21,254,603,1752,2358,1525357726958880,1525357727368314,409434
fac,160080,37,616,496,150,216,392,92,9,8,28,18,32,88,23,8,1792,28,11,32,36,64,8,192,72,21,254,598,1752,2423,1525357815601267,1525357815671375,70108
mat,2321416,37,624,496,155,240,360,84,9,8,28,20,32,96,23,8,311,28,19,32,36,80,8,192,96,21,254,612,1800,2534,1525357965536934,1525357965912794,375860
mat,710112,37,624,496,155,240,360,84,9,8,28,20,32,96,23,8,172,28,1,32,36,80,8,192,96,21,254,612,1800,2534,1525357961844012,1525357961901460,57448
mat,1698240,37,624,496,155,240,360,84,9,8,28,20,32,96,23,8,266,28,6,32,36,80,8,192,96,21,254,612,1800,2534,1525357949095077,1525357949327666,232589
bub,54448,37,624,496,155,240,360,84,9,8,28,20,32,96,23,8,6798,28,15,32,36,80,8,192,96,21,254,603,1752,2358,1525357743202307,1525357743404758,202451
fac,160064,37,616,496,150,216,392,92,9,8,28,18,32,88,23,8,2268,28,3,32,36,64,8,192,72,21,254,598,1752,2423,1525357835900883,1525357836010830,109947
hs,64,37,632,496,162,264,392,92,9,8,28,22,32,104,23,8,7077,28,19,32,36,96,8,192,120,20,254,629,1800,2758,1525357907693237,1525357907697055,3818
hs,270560,37,624,496,155,240,392,92,9,8,28,20,32,96,23,8,33809,28,7,32,36,80,8,192,96,20,254,609,1776,2669,1525357908957548,1525357908974246,16698
mat,769096,37,624,496,155,240,360,84,9,8,28,20,32,96,23,8,179,28,5,32,36,80,8,192,96,21,254,612,1800,2534,1525357974155531,1525357974218832,63301
bub,77424,37,624,496,155,240,360,84,9,8,28,20,32,96,23,8,9669,28,6,32,36,80,8,192,96,21,254,603,1752,2358,1525357770970582,1525357771381791,411209
bub,57200,37,624,496,155,240,360,84,9,8,28,20,32,96,23,8,7139,28,7,32,36,80,8,192,96,21,254,603,1752,2358,1525357771395080,1525357771618841,223761
bub,64,37,632,496,162,264,360,84,9,8,28,22,32,104,23,8,4280,28,7,32,36,96,8,192,120,21,254,623,1776,2431,1525357743071869,1525357743164744,92875
bub,20512,37,624,496,155,240,360,84,9,8,28,20,32,96,23,8,2554,28,5,32,36,80,8,192,96,21,254,603,1752,2358,1525357706908623,1525357706942218,33595
hs,537984,37,624,496,155,240,392,92,9,8,28,20,32,96,23,8,67238,28,6,32,36,80,8,192,96,20,254,609,1776,2669,1525357909005203,1525357909037042,31839
mat,812640,37,624,496,155,240,360,84,9,8,28,20,32,96,23,8,184,28,1,32,36,80,8,192,96,21,254,612,1800,2534,1525357945068253,1525357945137356,69103
mat,1106824,37,632,496,162,264,368,84,9,8,28,22,32,104,23,8,263,28,1,32,36,96,8,192,120,21,254,632,1824,2695,1525357988342708,1525357988526027,183319
hs,199696,37,624,496,155,240,392,92,9,8,28,20,32,96,23,8,24954,28,11,32,36,80,8,192,96,20,254,609,1776,2669,1525357922744940,1525357922758101,13161
bub,10304,37,624,496,155,240,360,84,9,8,28,20,32,96,23,8,1277,28,16,32,36,80,8,192,96,21,254,603,1752,2358,1525357775065338,1525357775075168,9830
hs,64,37,632,496,162,264,392,92,9,8,28,22,32,104,23,8,81912,28,2,32,36,96,8,192,120,20,254,629,1800,2758,1525357921075902,1525357921114527,38625
bub,64,37,632,496,162,264,360,84,9,8,28,22,32,104,23,8,1645,28,19,32,36,96,8,192,120,21,254,623,1776,2431,1525357768844387,1525357768862250,17863
hs,64,37,632,496,162,264,392,92,9,8,28,22,32,104,23,8,21326,28,16,32,36,96,8,192,120,20,254,629,1800,2758,1525357922720709,1525357922731093,10384
fac,160064,37,616,496,150,216,392,92,9,8,28,18,32,88,23,8,1399,28,3,32,36,64,8,192,72,21,254,598,1752,2423,1525357829427393,1525357829470720,43327
fac,64,37,624,496,157,240,392,92,9,8,28,20,32,96,23,8,1606,28,11,32,36,80,8,192,96,21,254,618,1776,2528,1525357845947161,1525357846002528,55367
mat,645600,37,624,496,155,240,360,84,9,8,28,20,32,96,23,8,164,28,4,32,36,80,8,192,96,21,254,612,1800,2630,1525357960591626,1525357960657389,65763
fac,160064,37,616,496,150,216,392,92,9,8,28,18,32,88,23,8,2951,28,17,32,36,64,8,192,72,21,254,598,1752,2423,1525357818112209,1525357818301860,189651
bub,64,37,632,496,162,264,360,84,9,8,28,22,32,104,23,8,6469,28,10,32,36,96,8,192,120,21,254,623,1776,2431,1525357725506599,1525357725711179,204580
fac,160064,37,616,496,150,216,392,92,9,8,28,18,32,88,23,8,1447,28,4,32,36,64,8,192,72,21,254,598,1752,2423,1525357871026209,1525357871070110,43901
hs,64,37,632,496,162,264,392,92,9,8,28,22,32,104,23,8,59436,28,18,32,36,96,8,192,120,20,254,629,1800,2758,1525357924088883,1525357924117227,28344
bub,64,37,632,496,162,264,360,84,9,8,28,22,32,104,23,8,7612,28,5,32,36,96,8,192,120,21,254,623,1776,2431,1525357762907849,1525357763193437,285588
hs,701728,37,624,496,155,240,392,92,9,8,28,20,32,96,23,8,87707,28,6,32,36,80,8,192,96,20,254,609,1776,2669,1525357913159654,1525357913198954,39300
fac,160080,37,616,496,150,216,392,92,9,8,28,18,32,88,23,8,1906,28,14,32,36,64,8,192,72,21,254,598,1752,2423,1525357864400341,1525357864478081,77740
fac,160064,37,616,496,150,216,392,92,9,8,28,18,32,88,23,8,2814,28,18,32,36,64,8,192,72,21,254,598,1752,2423,1525357873026192,1525357873198332,172140
hs,675552,37,624,496,155,240,392,92,9,8,28,20,32,96,23,8,84435,28,17,32,36,80,8,192,96,20,254,609,1776,2669,1525357925734993,1525357925774410,39417
bub,56960,37,624,496,155,240,360,84,9,8,28,20,32,96,23,8,7109,28,16,32,36,80,8,192,96,21,254,603,1752,2358,1525357770733330,1525357770956052,222722
bub,14528,37,624,496,155,240,360,84,9,8,28,20,32,96,23,8,1808,28,10,32,36,80,8,192,96,21,254,603,1752,2358,1525357761323696,1525357761342076,18380
bub,36480,37,624,496,155,240,360,84,9,8,28,20,32,96,23,8,4552,28,2,32,36,80,8,192,96,21,254,603,1752,2358,1525357722489014,1525357722583650,94636
hs,59744,37,624,496,155,240,392,92,9,8,28,20,32,96,23,8,7460,28,10,32,36,80,8,192,96,20,254,609,1776,2669,1525357908049755,1525357908052937,3182
mat,328648,37,624,496,155,240,360,84,9,8,28,20,32,96,23,8,117,28,8,32,36,80,8,192,96,21,254,612,1800,2662,1525357999405178,1525357999431210,26032
hs,64,37,632,496,162,264,392,92,9,8,28,22,32,104,23,8,8606,28,9,32,36,96,8,192,120,20,254,629,1800,2758,1525357906757750,1525357906761905,4155
bub,64,37,632,496,162,264,360,84,9,8,28,22,32,104,23,8,2217,28,6,32,36,96,8,192,120,21,254,623,1776,2431,1525357713034786,1525357713064417,29631
hs,101552,37,624,496,155,240,392,92,9,8,28,20,32,96,23,8,12686,28,11,32,36,80,8,192,96,20,254,609,1776,2669,1525357924286116,1525357924292698,6582
bub,44432,37,624,496,155,240,360,84,9,8,28,20,32,96,23,8,5543,28,6,32,36,80,8,192,96,21,254,603,1752,2358,1525357766119357,1525357766255014,135657
bub,64,37,632,496,162,264,360,84,9,8,28,22,32,104,23,8,1490,28,2,32,36,96,8,192,120,21,254,623,1776,2431,1525357774417601,1525357774433722,16121
mat,653512,37,624,496,155,240,360,84,9,8,28,20,32,96,23,8,165,28,13,32,36,80,8,192,96,21,254,612,1800,2630,1525357995627400,1525357995685580,58180
bub,31440,37,624,496,155,240,360,84,9,8,28,20,32,96,23,8,3922,28,19,32,36,80,8,192,96,21,254,603,1752,2358,1525357766341456,1525357766411796,70340
hs,64,37,632,496,162,264,392,92,9,8,28,22,32,104,23,8,43187,28,12,32,36,96,8,192,120,20,254,629,1800,2758,1525357925789831,1525357925811595,21764
bub,12064,37,624,496,155,240,360,84,9,8,28,20,32,96,23,8,1497,28,15,32,36,80,8,192,96,21,254,603,1752,2358,1525357737943817,1525357737956909,13092
bub,63104,37,624,496,155,240,360,84,9,8,28,20,32,96,23,8,7877,28,11,32,36,80,8,192,96,21,254,603,1752,2358,1525357709991030,1525357710263400,272370
hs,631008,37,624,496,155,240,392,92,9,8,28,20,32,96,23,8,78867,28,7,32,36,80,8,192,96,20,254,609,1776,2669,1525357908503220,1525357908540611,37391
bub,63008,37,624,496,155,240,360,84,9,8,28,20,32,96,23,8,7866,28,12,32,36,80,8,192,96,21,254,603,1752,2358,1525357727814759,1525357728086179,271420
mat,984192,37,632,496,162,264,368,84,9,8,28,22,32,104,23,8,248,28,3,32,36,96,8,192,120,21,254,632,1824,2727,1525357977478326,1525357977628199,149873
fac,160064,37,616,496,150,216,392,92,9,8,28,18,32,88,23,8,3243,28,2,32,36,64,8,192,72,21,254,598,1752,2423,1525357824228465,1525357824456545,228080
bub,77680,37,624,496,155,240,360,84,9,8,28,20,32,96,23,8,9700,28,1,32,36,80,8,192,96,21,254,603,1752,2358,1525357727385568,1525357727799731,414163
mat,2677440,37,624,496,155,240,360,84,9,8,28,20,32,96,23,8,334,28,1,32,36,80,8,192,96,21,254,612,1800,2534,1525357936771767,1525357937240405,468638
fac,160080,37,616,496,150,216,392,92,9,8,28,18,32,88,23,8,3700,28,5,32,36,64,8,192,72,21,254,598,1752,2423,1525357864081409,1525357864385020,303611
mat,1175176,37,632,496,162,264,368,84,9,8,28,22,32,104,23,8,271,28,4,32,36,96,8,192,120,21,254,632,1824,2695,1525357980449074,1525357980652801,203727
hs,64,37,632,496,162,264,392,92,9,8,28,22,32,104,23,8,35525,28,4,32,36,96,8,192,120,20,254,629,1800,2758,1525357906415333,1525357906435099,19766
bub,64,37,632,496,162,264,360,84,9,8,28,22,32,104,23,8,1645,28,19,32,36,96,8,192,120,21,254,623,1776,2431,1525357768844387,1525357768862250,17863
mat,693696,37,624,496,155,240,360,84,9,8,28,20,32,96,23,8,170,28,12,32,36,80,8,192,96,21,254,612,1800,2534,1525357974082242,1525357974138446,56204
hs,64,37,632,496,162,264,392,92,9,8,28,22,32,104,23,8,15129,28,4,32,36,96,8,192,120,20,254,629,1800,2758,1525357907756883,1525357907765468,8585
hs,286320,37,624,496,155,240,392,92,9,8,28,20,32,96,23,8,35782,28,4,32,36,80,8,192,96,20,254,609,1776,2669,1525357917273410,1525357917291028,17618
hs,64,37,632,496,162,264,392,92,9,8,28,22,32,104,23,8,91252,28,15,32,36,96,8,192,120,20,254,629,1800,2758,1525357907016494,1525357907058828,42334
fac,64,37,624,496,157,240,392,92,9,8,28,20,32,96,23,8,1193,28,12,32,36,80,8,192,96,21,254,618,1776,2528,1525357809204055,1525357809237225,33170
hs,64,37,632,496,162,264,392,92,9,8,28,22,32,104,23,8,98384,28,16,32,36,96,8,192,120,20,254,629,1800,2758,1525357914458611,1525357914505510,46899
mat,1597632,37,624,496,155,240,360,84,9,8,28,20,32,96,23,8,258,28,18,32,36,80,8,192,96,21,254,612,1800,2582,1525357934829030,1525357935016242,187212
bub,64,37,632,496,162,264,360,84,9,8,28,22,32,104,23,8,8431,28,14,32,36,96,8,192,120,21,254,623,1776,2431,1525357764056701,1525357764406093,349392
bub,40592,37,624,496,155,240,360,84,9,8,28,20,32,96,23,8,5063,28,11,32,36,80,8,192,96,21,254,603,1752,2358,1525357743420994,1525357743533802,112808
fac,160064,37,616,496,150,216,392,92,9,8,28,18,32,88,23,8,4744,28,4,32,36,64,8,192,72,21,254,598,1752,2423,1525357889140325,1525357889659027,518702
hs,376016,37,624,496,155,240,392,92,9,8,28,20,32,96,23,8,46994,28,6,32,36,80,8,192,96,20,254,609,1776,2669,1525357912683743,1525357912705484,21741
mat,409728,37,632,496,162,264,368,84,9,8,28,22,32,104,23,8,160,28,18,32,36,96,8,192,120,21,254,632,1824,2727,1525357976848330,1525357976904879,56549
hs,64,37,632,496,162,264,392,92,9,8,28,22,32,104,23,8,89476,28,8,32,36,96,8,192,120,20,254,629,1800,2758,1525357912042277,1525357912084033,41756
bub,78528,37,624,496,155,240,360,84,9,8,28,20,32,96,23,8,9807,28,14,32,36,80,8,192,96,21,254,603,1752,2358,1525357743865556,1525357744285727,420171
bub,59968,37,624,496,155,240,360,84,9,8,28,20,32,96,23,8,7488,28,13,32,36,80,8,192,96,21,254,603,1752,2358,1525357750122596,1525357750369958,247362
bub,64864,37,624,496,155,240,360,84,9,8,28,20,32,96,23,8,8100,28,18,32,36,80,8,192,96,21,254,603,1752,2358,1525357748995942,1525357749285143,289201
hs,64,37,632,496,162,264,392,92,9,8,28,22,32,104,23,8,32324,28,1,32,36,96,8,192,120,20,254,629,1800,2758,1525357921780568,1525357921797805,17237
fac,64,37,624,496,157,240,392,92,9,8,28,20,32,96,23,8,2312,28,19,32,36,80,8,192,96,21,254,618,1776,2528,1525357892653251,1525357892768447,115196
bub,64,37,632,496,162,264,360,84,9,8,28,22,32,104,23,8,1137,28,3,32,36,96,8,192,120,21,254,623,1776,2431,1525357779934558,1525357779945058,10500
fac,64,37,624,496,157,240,392,92,9,8,28,20,32,96,23,8,3910,28,14,32,36,80,8,192,96,21,254,618,1776,2528,1525357843918203,1525357844260310,342107
mat,1452480,37,624,496,155,240,360,84,9,8,28,20,32,96,23,8,246,28,8,32,36,80,8,192,96,21,254,612,1800,2534,1525357937261554,1525357937446437,184883
hs,64,37,632,496,162,264,392,92,9,8,28,22,32,104,23,8,76710,28,3,32,36,96,8,192,120,20,254,629,1800,2758,1525357911158071,1525357911194885,36814
bub,64,37,632,496,162,264,360,84,9,8,28,22,32,104,23,8,9110,28,17,32,36,96,8,192,120,21,254,623,1776,2431,1525357718191085,1525357718598507,407422
bub,79552,37,624,496,155,240,360,84,9,8,28,20,32,96,23,8,9933,28,11,32,36,80,8,192,96,21,254,603,1752,2358,1525357767991970,1525357768423129,431159
hs,389728,37,624,496,155,240,392,92,9,8,28,20,32,96,23,8,48705,28,14,32,36,80,8,192,96,20,254,609,1776,2669,1525357907385932,1525357907411420,25488
hs,64,37,632,496,162,264,392,92,9,8,28,22,32,104,23,8,72741,28,14,32,36,96,8,192,120,20,254,629,1800,2758,1525357922448742,1525357922482140,33398
hs,64,37,632,496,162,264,392,92,9,8,28,22,32,104,23,8,50718,28,14,32,36,96,8,192,120,20,254,629,1800,2758,1525357906594084,1525357906617868,23784
fac,64,37,624,496,157,240,392,92,9,8,28,20,32,96,23,8,3642,28,12,32,36,80,8,192,96,21,254,618,1776,2528,1525357805685717,1525357805980303,294586
mat,1008712,37,624,496,155,240,360,84,9,8,28,20,32,96,23,8,205,28,14,32,36,80,8,192,96,21,254,612,1800,2678,1525357981806380,1525357981959111,152731
mat,1106824,37,632,496,162,264,368,84,9,8,28,22,32,104,23,8,263,28,17,32,36,96,8,192,120,21,254,632,1824,2695,1525358003237033,1525358003420624,183591
fac,64,37,624,496,157,240,392,92,9,8,28,20,32,96,23,8,4570,28,16,32,36,80,8,192,96,21,254,618,1776,2528,1525357876526702,1525357877003906,477204
bub,74672,37,624,496,155,240,360,84,9,8,28,20,32,96,23,8,9324,28,1,32,36,80,8,192,96,21,254,603,1752,2358,1525357732139632,1525357732522202,382570
bub,47328,37,624,496,155,240,360,84,9,8,28,20,32,96,23,8,5906,28,16,32,36,80,8,192,96,21,254,603,1752,2358,1525357715687209,1525357715841926,154717
hs,64,37,632,496,162,264,392,92,9,8,28,22,32,104,23,8,38711,28,18,32,36,96,8,192,120,20,254,629,1800,2758,1525357912181511,1525357912201415,19904
bub,12064,37,624,496,155,240,360,84,9,8,28,20,32,96,23,8,1497,28,15,32,36,80,8,192,96,21,254,603,1752,2358,1525357737943817,1525357737956909,13092
bub,35152,37,624,496,155,240,360,84,9,8,28,20,32,96,23,8,4383,28,6,32,36,80,8,192,96,21,254,603,1752,2358,1525357788561132,1525357788647660,86528
hs,356000,37,624,496,155,240,392,92,9,8,28,20,32,96,23,8,44489,28,15,32,36,80,8,192,96,20,254,609,1776,2669,1525357911541315,1525357911564137,22822
hs,725040,37,624,496,155,240,392,92,9,8,28,20,32,96,23,8,90621,28,4,32,36,80,8,192,96,20,254,609,1776,2669,1525357916469574,1525357916512446,42872
hs,95232,37,624,496,155,240,392,92,9,8,28,20,32,96,23,8,11895,28,18,32,36,80,8,192,96,20,254,609,1776,2669,1525357910025349,1525357910032598,7249
bub,59968,37,624,496,155,240,360,84,9,8,28,20,32,96,23,8,7488,28,13,32,36,80,8,192,96,21,254,603,1752,2358,1525357750122596,1525357750369958,247362
bub,64,37,632,496,162,264,360,84,9,8,28,22,32,104,23,8,2495,28,3,32,36,96,8,192,120,21,254,623,1776,2431,1525357739715703,1525357739751270,35567
mat,1841608,37,624,496,155,240,360,84,9,8,28,20,32,96,23,8,277,28,8,32,36,80,8,192,96,21,254,612,1800,2534,1525357952275442,1525357952495931,220489
mat,857416,37,624,496,155,240,360,84,9,8,28,20,32,96,23,8,189,28,11,32,36,80,8,192,96,21,254,612,1800,2614,1525357985806938,1525357985893382,86444
fac,64,37,624,496,157,240,392,92,9,8,28,20,32,96,23,8,2526,28,5,32,36,80,8,192,96,21,254,618,1776,2528,1525357843766015,1525357843902590,136575
mat,306568,37,624,496,155,240,360,84,9,8,28,20,32,96,23,8,113,28,15,32,36,80,8,192,96,21,254,612,1800,2502,1525357976051170,1525357976070894,19724
bub,42256,37,624,496,155,240,360,84,9,8,28,20,32,96,23,8,5274,28,10,32,36,80,8,192,96,21,254,603,1752,2358,1525357737805073,1525357737928806,123733
mat,1669384,37,632,496,162,264,368,84,9,8,28,22,32,104,23,8,323,28,19,32,36,96,8,192,120,21,254,632,1824,2695,1525357978299657,1525357978657114,357457
bub,78528,37,624,496,155,240,360,84,9,8,28,20,32,96,23,8,9807,28,14,32,36,80,8,192,96,21,254,603,1752,2358,1525357743865556,1525357744285727,420171
fac,160080,37,616,496,150,216,392,92,9,8,28,18,32,88,23,8,3629,28,3,32,36,64,8,192,72,21,254,598,1752,2423,1525357844731099,1525357845024419,293320
hs,64,37,632,496,162,264,392,92,9,8,28,22,32,104,23,8,49803,28,18,32,36,96,8,192,120,20,254,629,1800,2758,1525357917746879,1525357917772329,25450
bub,64,37,632,496,162,264,360,84,9,8,28,22,32,104,23,8,6896,28,4,32,36,96,8,192,120,21,254,623,1776,2431,1525357743548925,1525357743782059,233134
hs,606240,37,624,496,155,240,392,92,9,8,28,20,32,96,23,8,75772,28,18,32,36,80,8,192,96,20,254,609,1776,2669,1525357910585534,1525357910622007,36473
fac,64,37,624,496,157,240,392,92,9,8,28,20,32,96,23,8,4672,28,8,32,36,80,8,192,96,21,254,618,1776,2528,1525357869419429,1525357869919553,500124
hs,64,37,632,496,162,264,392,92,9,8,28,22,32,104,23,8,2982,28,3,32,36,96,8,192,120,20,254,629,1800,2758,1525357919886904,1525357919888004,1100
fac,160080,37,616,496,150,216,392,92,9,8,28,18,32,88,23,8,4923,28,3,32,36,64,8,192,72,21,254,598,1752,2423,1525357803268758,1525357803825452,556694
mat,718408,37,624,496,155,240,360,84,9,8,28,20,32,96,23,8,173,28,4,32,36,80,8,192,96,21,254,612,1800,2534,1525357926906001,1525357926963979,57978
hs,64,37,632,496,162,264,392,92,9,8,28,22,32,104,23,8,10645,28,10,32,36,96,8,192,120,20,254,629,1800,2758,1525357907812304,1525357907817633,5329
bub,64,37,632,496,162,264,360,84,9,8,28,22,32,104,23,8,8841,28,5,32,36,96,8,192,120,21,254,623,1776,2431,1525357716881048,1525357717264280,383232
hs,64,37,632,496,162,264,392,92,9,8,28,22,32,104,23,8,35525,28,4,32,36,96,8,192,120,20,254,629,1800,2758,1525357906415333,1525357906435099,19766
mat,760512,37,624,496,155,240,360,84,9,8,28,20,32,96,23,8,178,28,2,32,36,80,8,192,96,21,254,612,1800,2534,1525357942106314,1525357942175569,69255
mat,1236808,37,624,496,155,240,360,84,9,8,28,20,32,96,23,8,227,28,9,32,36,80,8,192,96,21,254,612,1800,2534,1525357930109698,1525357930245312,135614
