bub,63440,37,624,496,155,240,360,84,9,8,28,20,32,96,23,8,7919,28,9,32,36,80,8,192,96,21,254,603,1752,2358,1525357737513868,1525357737789541,275673
bub,19008,37,624,496,155,240,360,84,9,8,28,20,32,96,23,8,2368,28,13,32,36,80,8,192,96,21,254,603,1752,2358,1525357761416407,1525357761445781,29374
fac,64,37,624,496,157,240,392,92,9,8,28,20,32,96,23,8,4700,28,18,32,36,80,8,192,96,21,254,618,1776,2528,1525357902656675,1525357903162346,505671
hs,64,37,632,496,162,264,392,92,9,8,28,22,32,104,23,8,4411,28,4,32,36,96,8,192,120,20,254,629,1800,2758,1525357911257314,1525357911259689,2375
hs,381408,37,624,496,155,240,392,92,9,8,28,20,32,96,23,8,47665,28,11,32,36,80,8,192,96,20,254,609,1776,2669,1525357906974457,1525357906998341,23884
bub,54736,37,624,496,155,240,360,84,9,8,28,20,32,96,23,8,6832,28,17,32,36,80,8,192,96,21,254,603,1752,2358,1525357779182734,1525357779388383,205649
bub,64,37,632,496,162,264,360,84,9,8,28,22,32,104,23,8,6686,28,17,32,36,96,8,192,120,21,254,623,1776,2431,1525357700437797,1525357700665695,227898
hs,64,37,632,496,162,264,392,92,9,8,28,22,32,104,23,8,10645,28,10,32,36,96,8,192,120,20,254,629,1800,2758,1525357907812304,1525357907817633,5329
fac,160064,37,616,496,150,216,392,92,9,8,28,18,32,88,23,8,4087,28,9,32,36,64,8,192,72,21,254,598,1752,2423,1525357826382619,1525357826756852,374233
bub,64,37,632,496,162,264,360,84,9,8,28,22,32,104,23,8,8430,28,16,32,36,96,8,192,120,21,254,623,1776,2431,1525357716515142,1525357716867767,352625
mat,1227784,37,632,496,162,264,368,84,9,8,28,22,32,104,23,8,277,28,6,32,36,96,8,192,120,21,254,632,1824,2695,1525357933548273,1525357933760914,212641
hs,64,37,632,496,162,264,392,92,9,8,28,22,32,104,23,8,22126,28,3,32,36,96,8,192,120,20,254,629,1800,2758,1525357911959913,1525357911972074,12161
fac,160064,37,616,496,150,216,392,92,9,8,28,18,32,88,23,8,2605,28,18,32,36,64,8,192,72,21,254,598,1752,2423,1525357817202363,1525357817348802,146439
fac,160064,37,616,496,150,216,392,92,9,8,28,18,32,88,23,8,4244,28,18,32,36,64,8,192,72,21,254,598,1752,2423,1525357868523932,1525357868932569,408637
bub,64,37,632,496,162,264,360,84,9,8,28,22,32,104,23,8,7856,28,4,32,36,96,8,192,120,21,254,623,1776,2431,1525357740847215,1525357741149690,302475
fac,64,37,624,496,157,240,392,92,9,8,28,20,32,96,23,8,3240,28,7,32,36,80,8,192,96,21,254,618,1776,2528,1525357828752721,1525357828982999,230278
mat,760512,37,632,496,162,264,368,84,9,8,28,22,32,104,23,8,218,28,19,32,36,96,8,192,120,21,254,632,1824,2695,1525357941983892,1525357942087231,103339
bub,78048,37,624,496,155,240,360,84,9,8,28,20,32,96,23,8,9747,28,1,32,36,80,8,192,96,21,254,603,1752,2358,1525357787367161,1525357787783445,416284
bub,20128,37,624,496,155,240,360,84,9,8,28,20,32,96,23,8,2507,28,18,32,36,80,8,192,96,21,254,603,1752,2358,1525357761459407,1525357761490207,30800
fac,160080,37,616,496,150,216,392,92,9,8,28,18,32,88,23,8,2090,28,17,32,36,64,8,192,72,21,254,598,1752,2423,1525357819603921,1525357819695711,91790
hs,64,37,632,496,162,264,392,92,9,8,28,22,32,104,23,8,86426,28,2,32,36,96,8,192,120,20,254,629,1800,2758,1525357918379571,1525357918419707,40136
fac,160080,37,616,496,150,216,392,92,9,8,28,18,32,88,23,8,2835,28,16,32,36,64,8,192,72,21,254,598,1752,2423,1525357850736142,1525357850910125,173983
fac,160080,37,616,496,150,216,392,92,9,8,28,18,32,88,23,8,3192,28,3,32,36,64,8,192,72,21,254,598,1752,2423,1525357878751034,1525357878974010,222976
hs,488160,37,624,496,155,240,392,92,9,8,28,20,32,96,23,8,61010,28,10,32,36,80,8,192,96,20,254,609,1776,2669,1525357917666901,1525357917696530,29629
hs,692544,37,624,496,155,240,392,92,9,8,28,20,32,96,23,8,86557,28,13,32,36,80,8,192,96,20,254,609,1776,2669,1525357906484070,1525357906525568,41498
bub,64,37,632,496,162,264,360,84,9,8,28,22,32,104,23,8,3868,28,9,32,36,96,8,192,120,21,254,623,1776,2431,1525357709535746,1525357709612243,76497
hs,685104,37,624,496,155,240,392,92,9,8,28,20,32,96,23,8,85628,28,12,32,36,80,8,192,96,20,254,609,1776,2669,1525357924618683,1525357924659748,41065
bub,47584,37,624,496,155,240,360,84,9,8,28,20,32,96,23,8,5939,28,6,32,36,80,8,192,96,21,254,603,1752,2358,1525357752899546,1525357753054287,154741
bub,64304,37,624,496,155,240,360,84,9,8,28,20,32,96,23,8,8030,28,19,32,36,80,8,192,96,21,254,603,1752,2358,1525357733276200,1525357733559061,282861
hs,645680,37,624,496,155,240,392,92,9,8,28,20,32,96,23,8,80702,28,13,32,36,80,8,192,96,20,254,609,1776,2669,1525357919239709,1525357919278986,39277
hs,675552,37,624,496,155,240,392,92,9,8,28,20,32,96,23,8,84435,28,17,32,36,80,8,192,96,20,254,609,1776,2669,1525357925734993,1525357925774410,39417
fac,64,37,624,496,157,240,392,92,9,8,28,20,32,96,23,8,4969,28,14,32,36,80,8,192,96,21,254,618,1776,2528,1525357861101196,1525357861670114,568918
bub,64,37,632,496,162,264,360,84,9,8,28,22,32,104,23,8,8931,28,17,32,36,96,8,192,120,21,254,623,1776,2431,1525357700805554,1525357701201662,396108
hs,64,37,632,496,162,264,392,92,9,8,28,22,32,104,23,8,86426,28,2,32,36,96,8,192,120,20,254,629,1800,2758,1525357918379571,1525357918419707,40136
bub,19520,37,624,496,155,240,360,84,9,8,28,20,32,96,23,8,2430,28,12,32,36,80,8,192,96,21,254,603,1752,2358,1525357735575248,1525357735606322,31074
bub,74672,37,624,496,155,240,360,84,9,8,28,20,32,96,23,8,9324,28,1,32,36,80,8,192,96,21,254,603,1752,2358,1525357732139632,1525357732522202,382570
bub,73104,37,624,496,155,240,360,84,9,8,28,20,32,96,23,8,9130,28,18,32,36,80,8,192,96,21,254,603,1752,2358,1525357706343679,1525357706717805,374126
bub,46880,37,624,496,155,240,360,84,9,8,28,20,32,96,23,8,5850,28,3,32,36,80,8,192,96,21,254,603,1752,2358,1525357790793856,1525357790944477,150621
hs,529456,37,624,496,155,240,392,92,9,8,28,20,32,96,23,8,66173,28,10,32,36,80,8,192,96,20,254,609,1776,2669,1525357914522916,1525357914553498,30582
hs,340768,37,624,496,155,240,392,92,9,8,28,20,32,96,23,8,42587,28,17,32,36,80,8,192,96,20,254,609,1776,2669,1525357917891456,1525357917912801,21345
hs,760032,37,624,496,155,240,392,92,9,8,28,20,32,96,23,8,94993,28,12,32,36,80,8,192,96,20,254,609,1776,2669,1525357911064116,1525357911109579,45463
bub,19504,37,624,496,155,240,360,84,9,8,28,20,32,96,23,8,2429,28,13,32,36,80,8,192,96,21,254,603,1752,2358,1525357707792931,1525357707823318,30387
bub,63440,37,624,496,155,240,360,84,9,8,28,20,32,96,23,8,7919,28,9,32,36,80,8,192,96,21,254,603,1752,2358,1525357737513868,1525357737789541,275673
hs,799184,37,624,496,155,240,392,92,9,8,28,20,32,96,23,8,99888,28,7,32,36,80,8,192,96,20,254,609,1776,2669,1525357924794522,1525357924840771,46249
hs,625584,37,624,496,155,240,392,92,9,8,28,20,32,96,23,8,78190,28,16,32,36,80,8,192,96,20,254,609,1776,2669,1525357920889914,1525357920928847,38933
fac,160064,37,616,496,150,216,392,92,9,8,28,18,32,88,23,8,4744,28,4,32,36,64,8,192,72,21,254,598,1752,2423,1525357889140325,1525357889659027,518702
hs,64,37,632,496,162,264,392,92,9,8,28,22,32,104,23,8,83283,28,2,32,36,96,8,192,120,20,254,629,1800,2758,1525357921323243,1525357921363741,40498
bub,31952,37,624,496,155,240,360,84,9,8,28,20,32,96,23,8,3983,28,15,32,36,80,8,192,96,21,254,603,1752,2358,1525357780889508,1525357780961385,71877
fac,64,37,624,496,157,240,392,92,9,8,28,20,32,96,23,8,3623,28,9,32,36,80,8,192,96,21,254,618,1776,2528,1525357818835941,1525357819130270,294329
hs,64,37,632,496,162,264,392,92,9,8,28,22,32,104,23,8,13229,28,4,32,36,96,8,192,120,20,254,629,1800,2758,1525357907305261,1525357907312772,7511
bub,18432,37,624,496,155,240,360,84,9,8,28,20,32,96,23,8,2296,28,16,32,36,80,8,192,96,21,254,603,1752,2358,1525357700765146,1525357700791896,26750
fac,160080,37,616,496,150,216,392,92,9,8,28,18,32,88,23,8,2442,28,1,32,36,64,8,192,72,21,254,598,1752,2423,1525357844275828,1525357844404157,128329
fac,64,37,624,496,157,240,392,92,9,8,28,20,32,96,23,8,717,28,6,32,36,80,8,192,96,21,254,618,1776,2528,1525357856877146,1525357856890931,13785
hs,140640,37,624,496,155,240,392,92,9,8,28,20,32,96,23,8,17569,28,4,32,36,80,8,192,96,20,254,609,1776,2669,1525357909052239,1525357909061695,9456
bub,21040,37,624,496,155,240,360,84,9,8,28,20,32,96,23,8,2622,28,18,32,36,80,8,192,96,21,254,603,1752,2358,1525357708481627,1525357708516512,34885
bub,12944,37,624,496,155,240,360,84,9,8,28,20,32,96,23,8,1609,28,16,32,36,80,8,192,96,21,254,603,1752,2358,1525357784064356,1525357784079257,14901
hs,240912,37,624,496,155,240,392,92,9,8,28,20,32,96,23,8,30105,28,19,32,36,80,8,192,96,20,254,609,1776,2669,1525357909700884,1525357909715708,14824
fac,64,37,624,496,157,240,392,92,9,8,28,20,32,96,23,8,666,28,19,32,36,80,8,192,96,21,254,618,1776,2528,1525357876015923,1525357876027407,11484
fac,160064,37,616,496,150,216,392,92,9,8,28,18,32,88,23,8,4693,28,15,32,36,64,8,192,72,21,254,598,1752,2423,1525357884560939,1525357885064326,503387
bub,51840,37,624,496,155,240,360,84,9,8,28,20,32,96,23,8,6471,28,2,32,36,80,8,192,96,21,254,603,1752,2358,1525357773026248,1525357773211036,184788
bub,64,37,632,496,162,264,360,84,9,8,28,22,32,104,23,8,9954,28,13,32,36,96,8,192,120,21,254,623,1776,2431,1525357757614693,1525357758099790,485097
hs,353184,37,624,496,155,240,392,92,9,8,28,20,32,96,23,8,44140,28,2,32,36,80,8,192,96,20,254,609,1776,2669,1525357916382219,1525357916404098,21879
hs,64,37,632,496,162,264,392,92,9,8,28,22,32,104,23,8,22126,28,3,32,36,96,8,192,120,20,254,629,1800,2758,1525357911959913,1525357911972074,12161
fac,160080,37,616,496,150,216,392,92,9,8,28,18,32,88,23,8,4168,28,13,32,36,64,8,192,72,21,254,598,1752,2423,1525357881801285,1525357882193151,391866
fac,160080,37,616,496,150,216,392,92,9,8,28,18,32,88,23,8,3199,28,7,32,36,64,8,192,72,21,254,598,1752,2423,1525357903176365,1525357903400319,223954
hs,64,37,632,496,162,264,392,92,9,8,28,22,32,104,23,8,33552,28,10,32,36,96,8,192,120,20,254,629,1800,2758,1525357922304237,1525357922322426,18189
bub,64,37,632,496,162,264,360,84,9,8,28,22,32,104,23,8,9091,28,3,32,36,96,8,192,120,21,254,623,1776,2431,1525357736522696,1525357736927939,405243
fac,64,37,624,496,157,240,392,92,9,8,28,20,32,96,23,8,3514,28,5,32,36,80,8,192,96,21,254,618,1776,2528,1525357874502911,1525357874776465,273554
bub,57920,37,624,496,155,240,360,84,9,8,28,20,32,96,23,8,7232,28,19,32,36,80,8,192,96,21,254,603,1752,2358,1525357773226076,1525357773455856,229780
fac,64,37,624,496,157,240,392,92,9,8,28,20,32,96,23,8,3744,28,1,32,36,80,8,192,96,21,254,618,1776,2528,1525357860235758,1525357860548476,312718
hs,146144,37,624,496,155,240,392,92,9,8,28,20,32,96,23,8,18257,28,4,32,36,80,8,192,96,20,254,609,1776,2669,1525357914142043,1525357914151590,9547
bub,64,37,632,496,162,264,360,84,9,8,28,22,32,104,23,8,8430,28,16,32,36,96,8,192,120,21,254,623,1776,2431,1525357716515142,1525357716867767,352625
mat,1801920,37,624,496,155,240,360,84,9,8,28,20,32,96,23,8,274,28,15,32,36,80,8,192,96,21,254,612,1800,2534,1525357930296495,1525357930554661,258166
fac,160080,37,616,496,150,216,392,92,9,8,28,18,32,88,23,8,3336,28,9,32,36,64,8,192,72,21,254,598,1752,2423,1525357799336416,1525357799578889,242473
hs,64,37,632,496,162,264,392,92,9,8,28,22,32,104,23,8,46461,28,7,32,36,96,8,192,120,20,254,629,1800,2758,1525357918487681,1525357918509691,22010
bub,51376,37,624,496,155,240,360,84,9,8,28,20,32,96,23,8,6414,28,1,32,36,80,8,192,96,21,254,603,1752,2358,1525357730801936,1525357730983098,181162
bub,59728,37,624,496,155,240,360,84,9,8,28,20,32,96,23,8,7455,28,15,32,36,80,8,192,96,21,254,603,1752,2358,1525357731652136,1525357731894754,242618
fac,64,37,624,496,157,240,392,92,9,8,28,20,32,96,23,8,1518,28,2,32,36,80,8,192,96,21,254,618,1776,2528,1525357820225033,1525357820274732,49699
hs,594288,37,624,496,155,240,392,92,9,8,28,20,32,96,23,8,74278,28,11,32,36,80,8,192,96,20,254,609,1776,2669,1525357918678363,1525357918713855,35492
fac,160064,37,616,496,150,216,392,92,9,8,28,18,32,88,23,8,3681,28,5,32,36,64,8,192,72,21,254,598,1752,2423,1525357885580148,1525357885881709,301561
fac,64,37,624,496,157,240,392,92,9,8,28,20,32,96,23,8,1628,28,11,32,36,80,8,192,96,21,254,618,1776,2528,1525357871084175,1525357871139659,55484
fac,160080,37,616,496,150,216,392,92,9,8,28,18,32,88,23,8,1708,28,5,32,36,64,8,192,72,21,254,598,1752,2423,1525357903415311,1525357903478483,63172
hs,64,37,632,496,162,264,392,92,9,8,28,22,32,104,23,8,59436,28,18,32,36,96,8,192,120,20,254,629,1800,2758,1525357924088883,1525357924117227,28344
hs,439424,37,624,496,155,240,392,92,9,8,28,20,32,96,23,8,54917,28,16,32,36,80,8,192,96,20,254,609,1776,2669,1525357913943682,1525357913969560,25878
hs,747968,37,624,496,155,240,392,92,9,8,28,20,32,96,23,8,93488,28,15,32,36,80,8,192,96,20,254,609,1776,2669,1525357907129733,1525357907173969,44236
fac,160080,37,616,496,150,216,392,92,9,8,28,18,32,88,23,8,1604,28,13,32,36,64,8,192,72,21,254,598,1752,2423,1525357851474794,1525357851529976,55182
mat,1166528,37,632,496,162,264,368,84,9,8,28,22,32,104,23,8,270,28,14,32,36,96,8,192,120,21,254,632,1824,2695,1525357933330696,1525357933527389,196693
bub,64,37,632,496,162,264,360,84,9,8,28,22,32,104,23,8,9604,28,16,32,36,96,8,192,120,21,254,623,1776,2431,1525357714183342,1525357714637031,453689
bub,10816,37,624,496,155,240,360,84,9,8,28,20,32,96,23,8,1342,28,19,32,36,80,8,192,96,21,254,603,1752,2358,1525357726495796,1525357726509004,13208
hs,596544,37,624,496,155,240,392,92,9,8,28,20,32,96,23,8,74558,28,14,32,36,80,8,192,96,20,254,609,1776,2669,1525357905408151,1525357905445267,37116
hs,64,37,632,496,162,264,392,92,9,8,28,22,32,104,23,8,4668,28,17,32,36,96,8,192,120,20,254,629,1800,2758,1525357922051187,1525357922053799,2612
hs,64,37,632,496,162,264,392,92,9,8,28,22,32,104,23,8,7975,28,8,32,36,96,8,192,120,20,254,629,1800,2758,1525357906844022,1525357906849267,5245
fac,160064,37,616,496,150,216,392,92,9,8,28,18,32,88,23,8,1596,28,19,32,36,64,8,192,72,21,254,598,1752,2423,1525357800070077,1525357800123851,53774
bub,64,37,632,496,162,264,360,84,9,8,28,22,32,104,23,8,4394,28,17,32,36,96,8,192,120,21,254,623,1776,2431,1525357794652929,1525357794750127,97198
hs,64,37,632,496,162,264,392,92,9,8,28,22,32,104,23,8,20046,28,15,32,36,96,8,192,120,20,254,629,1800,2758,1525357920452914,1525357920464299,11385
fac,160064,37,616,496,150,216,392,92,9,8,28,18,32,88,23,8,1965,28,18,32,36,64,8,192,72,21,254,598,1752,2423,1525357893311617,1525357893394359,82742
bub,37712,37,624,496,155,240,360,84,9,8,28,20,32,96,23,8,4703,28,1,32,36,80,8,192,96,21,254,603,1752,2358,1525357720158271,1525357720256243,97972
hs,228912,37,624,496,155,240,392,92,9,8,28,20,32,96,23,8,28606,28,17,32,36,80,8,192,96,20,254,609,1776,2669,1525357925171230,1525357925187555,16325
mat,477256,37,624,496,155,240,360,84,9,8,28,20,32,96,23,8,141,28,17,32,36,80,8,192,96,21,254,612,1800,2534,1525357958717496,1525357958750928,33432
fac,64,37,624,496,157,240,392,92,9,8,28,20,32,96,23,8,2644,28,18,32,36,80,8,192,96,21,254,618,1776,2528,1525357806433111,1525357806581271,148160
bub,77680,37,624,496,155,240,360,84,9,8,28,20,32,96,23,8,9700,28,1,32,36,80,8,192,96,21,254,603,1752,2358,1525357727385568,1525357727799731,414163
hs,111616,37,624,496,155,240,392,92,9,8,28,20,32,96,23,8,13943,28,14,32,36,80,8,192,96,20,254,609,1776,2669,1525357923145645,1525357923152943,7298
bub,64,37,632,496,162,264,360,84,9,8,28,22,32,104,23,8,9525,28,19,32,36,96,8,192,120,21,254,623,1776,2431,1525357719699873,1525357720144708,444835
bub,48704,37,624,496,155,240,360,84,9,8,28,20,32,96,23,8,6077,28,12,32,36,80,8,192,96,21,254,603,1752,2358,1525357712016248,1525357712178969,162721
hs,64,37,632,496,162,264,392,92,9,8,28,22,32,104,23,8,21411,28,18,32,36,96,8,192,120,20,254,629,1800,2758,1525357923333558,1525357923344257,10699
mat,290496,37,624,496,155,240,360,84,9,8,28,20,32,96,23,8,110,28,15,32,36,80,8,192,96,21,254,612,1800,2502,1525357947065887,1525357947086085,20198
hs,64,37,632,496,162,264,392,92,9,8,28,22,32,104,23,8,62090,28,1,32,36,96,8,192,120,20,254,629,1800,2758,1525357919565127,1525357919594384,29257
bub,78000,37,624,496,155,240,360,84,9,8,28,20,32,96,23,8,9740,28,15,32,36,80,8,192,96,21,254,603,1752,2358,1525357735620828,1525357736035534,414706
fac,160080,37,616,496,150,216,392,92,9,8,28,18,32,88,23,8,3192,28,9,32,36,64,8,192,72,21,254,598,1752,2423,1525357808755045,1525357808980099,225054
hs,205504,37,624,496,155,240,392,92,9,8,28,20,32,96,23,8,25679,28,7,32,36,80,8,192,96,20,254,609,1776,2669,1525357922497316,1525357922510701,13385
hs,316416,37,624,496,155,240,392,92,9,8,28,20,32,96,23,8,39544,28,5,32,36,80,8,192,96,20,254,609,1776,2669,1525357913483706,1525357913503696,19990
hs,32336,37,624,496,155,240,392,92,9,8,28,20,32,96,23,8,4034,28,12,32,36,80,8,192,96,20,254,609,1776,2669,1525357920574937,1525357920576530,1593
bub,56288,37,624,496,155,240,360,84,9,8,28,20,32,96,23,8,7025,28,4,32,36,80,8,192,96,21,254,603,1752,2358,1525357721513287,1525357721729705,216418
hs,413632,37,624,496,155,240,392,92,9,8,28,20,32,96,23,8,51696,28,2,32,36,80,8,192,96,20,254,609,1776,2669,1525357918993949,1525357919019325,25376
fac,64,37,624,496,157,240,392,92,9,8,28,20,32,96,23,8,3514,28,5,32,36,80,8,192,96,21,254,618,1776,2528,1525357874502911,1525357874776465,273554
hs,336816,37,624,496,155,240,392,92,9,8,28,20,32,96,23,8,42094,28,6,32,36,80,8,192,96,20,254,609,1776,2669,1525357905851389,1525357905872013,20624
hs,600080,37,624,496,155,240,392,92,9,8,28,20,32,96,23,8,75002,28,4,32,36,80,8,192,96,20,254,609,1776,2669,1525357912932625,1525357912967850,35225
bub,17504,37,624,496,155,240,360,84,9,8,28,20,32,96,23,8,2177,28,9,32,36,80,8,192,96,21,254,603,1752,2358,1525357711087351,1525357711110128,22777
bub,39952,37,624,496,155,240,360,84,9,8,28,20,32,96,23,8,4984,28,1,32,36,80,8,192,96,21,254,603,1752,2358,1525357736185401,1525357736294473,109072
fac,160080,37,616,496,150,216,392,92,9,8,28,18,32,88,23,8,1751,28,18,32,36,64,8,192,72,21,254,598,1752,2423,1525357881056986,1525357881124274,67288
hs,665840,37,624,496,155,240,392,92,9,8,28,20,32,96,23,8,83222,28,10,32,36,80,8,192,96,20,254,609,1776,2669,1525357910756477,1525357910793863,37386
fac,160064,37,616,496,150,216,392,92,9,8,28,18,32,88,23,8,4196,28,11,32,36,64,8,192,72,21,254,598,1752,2423,1525357893587686,1525357893984546,396860
bub,31648,37,624,496,155,240,360,84,9,8,28,20,32,96,23,8,3947,28,5,32,36,80,8,192,96,21,254,603,1752,2358,1525357772939875,1525357773010453,70578
hs,597216,37,624,496,155,240,392,92,9,8,28,20,32,96,23,8,74643,28,7,32,36,80,8,192,96,20,254,609,1776,2669,1525357912444272,1525357912479911,35639
fac,160064,37,616,496,150,216,392,92,9,8,28,18,32,88,23,8,4732,28,3,32,36,64,8,192,72,21,254,598,1752,2423,1525357897337013,1525357897850081,513068
bub,77696,37,624,496,155,240,360,84,9,8,28,20,32,96,23,8,9702,28,2,32,36,80,8,192,96,21,254,603,1752,2358,1525357775464675,1525357775878016,413341
fac,160080,37,616,496,150,216,392,92,9,8,28,18,32,88,23,8,1792,28,11,32,36,64,8,192,72,21,254,598,1752,2423,1525357815601267,1525357815671375,70108
fac,160064,37,616,496,150,216,392,92,9,8,28,18,32,88,23,8,1447,28,4,32,36,64,8,192,72,21,254,598,1752,2423,1525357871026209,1525357871070110,43901
bub,64,37,632,496,162,264,360,84,9,8,28,22,32,104,23,8,2202,28,4,32,36,96,8,192,120,21,254,623,1776,2431,1525357777327097,1525357777356455,29358
bub,63728,37,624,496,155,240,360,84,9,8,28,20,32,96,23,8,7956,28,11,32,36,80,8,192,96,21,254,603,1752,2358,1525357751220279,1525357751497468,277189
bub,42800,37,624,496,155,240,360,84,9,8,28,20,32,96,23,8,5339,28,15,32,36,80,8,192,96,21,254,603,1752,2358,1525357731999892,1525357732124665,124773
fac,160064,37,616,496,150,216,392,92,9,8,28,18,32,88,23,8,2951,28,17,32,36,64,8,192,72,21,254,598,1752,2423,1525357818112209,1525357818301860,189651
hs,604400,37,624,496,155,240,392,92,9,8,28,20,32,96,23,8,75541,28,19,32,36,80,8,192,96,20,254,609,1776,2669,1525357918624454,1525357918661473,37019
fac,64,37,624,496,157,240,392,92,9,8,28,20,32,96,23,8,3185,28,17,32,36,80,8,192,96,21,254,618,1776,2528,1525357868077470,1525357868298875,221405
bub,59728,37,624,496,155,240,360,84,9,8,28,20,32,96,23,8,7455,28,15,32,36,80,8,192,96,21,254,603,1752,2358,1525357731652136,1525357731894754,242618
mat,525792,37,624,496,155,240,360,84,9,8,28,20,32,96,23,8,148,28,11,32,36,80,8,192,96,21,254,612,1800,2630,1525357963321544,1525357963371934,50390
mat,374664,37,632,496,162,264,368,84,9,8,28,22,32,104,23,8,153,28,9,32,36,96,8,192,120,21,254,632,1824,2743,1525357948692727,1525357948737625,44898
bub,11968,37,624,496,155,240,360,84,9,8,28,20,32,96,23,8,1486,28,13,32,36,80,8,192,96,21,254,603,1752,2358,1525357726153184,1525357726169900,16716
fac,160064,37,616,496,150,216,392,92,9,8,28,18,32,88,23,8,3702,28,10,32,36,64,8,192,72,21,254,598,1752,2423,1525357900028660,1525357900332956,304296
hs,783232,37,624,496,155,240,392,92,9,8,28,20,32,96,23,8,97894,28,15,32,36,80,8,192,96,20,254,609,1776,2669,1525357910371072,1525357910416956,45884
fac,160080,37,616,496,150,216,392,92,9,8,28,18,32,88,23,8,2083,28,8,32,36,64,8,192,72,21,254,598,1752,2423,1525357902548054,1525357902641058,93004
bub,64,37,632,496,162,264,360,84,9,8,28,22,32,104,23,8,1071,28,10,32,36,96,8,192,120,21,254,623,1776,2431,1525357743180101,1525357743189205,9104
fac,160064,37,616,496,150,216,392,92,9,8,28,18,32,88,23,8,2461,28,6,32,36,64,8,192,72,21,254,598,1752,2423,1525357836509254,1525357836638481,129227
fac,64,37,624,496,157,240,392,92,9,8,28,20,32,96,23,8,4889,28,17,32,36,80,8,192,96,21,254,618,1776,2528,1525357837106485,1525357837656264,549779
bub,78000,37,624,496,155,240,360,84,9,8,28,20,32,96,23,8,9740,28,15,32,36,80,8,192,96,21,254,603,1752,2358,1525357735620828,1525357736035534,414706
fac,160080,37,616,496,150,216,392,92,9,8,28,18,32,88,23,8,1848,28,13,32,36,64,8,192,72,21,254,598,1752,2423,1525357892566732,1525357892638576,71844
mat,363208,37,624,496,155,240,360,84,9,8,28,20,32,96,23,8,123,28,3,32,36,80,8,192,96,21,254,612,1800,2502,1525357929483744,1525357929507030,23286
hs,370656,37,624,496,155,240,392,92,9,8,28,20,32,96,23,8,46323,28,14,32,36,80,8,192,96,20,254,609,1776,2669,1525357925502178,1525357925526352,24174
bub,71904,37,624,496,155,240,360,84,9,8,28,20,32,96,23,8,8980,28,9,32,36,80,8,192,96,21,254,603,1752,2358,1525357748628877,1525357748981730,352853
mat,1672800,37,624,496,155,240,360,84,9,8,28,20,32,96,23,8,264,28,7,32,36,80,8,192,96,21,254,612,1800,2582,1525357938542634,1525357938735926,193292
fac,160080,37,616,496,150,216,392,92,9,8,28,18,32,88,23,8,1932,28,10,32,36,64,8,192,72,21,254,598,1752,2423,1525357849204375,1525357849284080,79705
mat,290496,37,624,496,155,240,360,84,9,8,28,20,32,96,23,8,110,28,15,32,36,80,8,192,96,21,254,612,1800,2502,1525357947065887,1525357947086085,20198
fac,160064,37,616,496,150,216,392,92,9,8,28,18,32,88,23,8,916,28,1,32,36,64,8,192,72,21,254,598,1752,2423,1525357824527841,1525357824548126,20285
hs,478800,37,624,496,155,240,392,92,9,8,28,20,32,96,23,8,59842,28,13,32,36,80,8,192,96,20,254,609,1776,2669,1525357908297704,1525357908327655,29951
hs,177744,37,624,496,155,240,392,92,9,8,28,20,32,96,23,8,22210,28,16,32,36,80,8,192,96,20,254,609,1776,2669,1525357922624270,1525357922638928,14658
fac,160064,37,616,496,150,216,392,92,9,8,28,18,32,88,23,8,3013,28,2,32,36,64,8,192,72,21,254,598,1752,2423,1525357808991385,1525357809188016,196631
fac,160064,37,616,496,150,216,392,92,9,8,28,18,32,88,23,8,2981,28,10,32,36,64,8,192,72,21,254,598,1752,2423,1525357836652997,1525357836845164,192167
fac,64,37,624,496,157,240,392,92,9,8,28,20,32,96,23,8,4908,28,16,32,36,80,8,192,96,21,254,618,1776,2528,1525357855101719,1525357855657812,556093
fac,64,37,624,496,157,240,392,92,9,8,28,20,32,96,23,8,2648,28,16,32,36,80,8,192,96,21,254,618,1776,2528,1525357823830055,1525357823982336,152281
bub,72784,37,624,496,155,240,360,84,9,8,28,20,32,96,23,8,9087,28,5,32,36,80,8,192,96,21,254,603,1752,2358,1525357750383692,1525357750745702,362010
hs,516928,37,624,496,155,240,392,92,9,8,28,20,32,96,23,8,64607,28,7,32,36,80,8,192,96,20,254,609,1776,2669,1525357919442103,1525357919473846,31743
bub,72784,37,624,496,155,240,360,84,9,8,28,20,32,96,23,8,9087,28,5,32,36,80,8,192,96,21,254,603,1752,2358,1525357750383692,1525357750745702,362010
fac,64,37,624,496,157,240,392,92,9,8,28,20,32,96,23,8,1887,28,6,32,36,80,8,192,96,21,254,618,1776,2528,1525357822767068,1525357822843203,76135
bub,22160,37,624,496,155,240,360,84,9,8,28,20,32,96,23,8,2762,28,7,32,36,80,8,192,96,21,254,603,1752,2358,1525357762367838,1525357762404904,37066
fac,64,37,624,496,157,240,392,92,9,8,28,20,32,96,23,8,1957,28,2,32,36,80,8,192,96,21,254,618,1776,2528,1525357800844495,1525357800925771,81276
fac,64,37,624,496,157,240,392,92,9,8,28,20,32,96,23,8,2986,28,2,32,36,80,8,192,96,21,254,618,1776,2528,1525357896728618,1525357896922591,193973
bub,64,37,632,496,162,264,360,84,9,8,28,22,32,104,23,8,7223,28,2,32,36,96,8,192,120,21,254,623,1776,2431,1525357745082191,1525357745338151,255960
bub,50576,37,624,496,155,240,360,84,9,8,28,20,32,96,23,8,6311,28,18,32,36,80,8,192,96,21,254,603,1752,2358,1525357730610526,1525357730786670,176144
fac,160080,37,616,496,150,216,392,92,9,8,28,18,32,88,23,8,945,28,17,32,36,64,8,192,72,21,254,598,1752,2423,1525357867266973,1525357867287499,20526
mat,2519520,37,624,496,155,240,360,84,9,8,28,20,32,96,23,8,324,28,7,32,36,80,8,192,96,21,254,612,1800,2662,1525357966515219,1525357966948938,433719
bub,32912,37,624,496,155,240,360,84,9,8,28,20,32,96,23,8,4105,28,1,32,36,80,8,192,96,21,254,603,1752,2358,1525357702725083,1525357702799638,74555
bub,68240,37,624,496,155,240,360,84,9,8,28,20,32,96,23,8,8521,28,5,32,36,80,8,192,96,21,254,603,1752,2358,1525357758113383,1525357758432432,319049
hs,569024,37,624,496,155,240,392,92,9,8,28,20,32,96,23,8,71119,28,3,32,36,80,8,192,96,20,254,609,1776,2669,1525357907862688,1525357907897027,34339
hs,200832,37,624,496,155,240,392,92,9,8,28,20,32,96,23,8,25095,28,16,32,36,80,8,192,96,20,254,609,1776,2669,1525357913327448,1525357913341956,14508
fac,160064,37,616,496,150,216,392,92,9,8,28,18,32,88,23,8,2461,28,6,32,36,64,8,192,72,21,254,598,1752,2423,1525357836509254,1525357836638481,129227
fac,64,37,624,496,157,240,392,92,9,8,28,20,32,96,23,8,4524,28,6,32,36,80,8,192,96,21,254,618,1776,2528,1525357904189462,1525357904656685,467223
bub,47584,37,624,496,155,240,360,84,9,8,28,20,32,96,23,8,5939,28,6,32,36,80,8,192,96,21,254,603,1752,2358,1525357752899546,1525357753054287,154741
mat,484032,37,624,496,155,240,360,84,9,8,28,20,32,96,23,8,142,28,5,32,36,80,8,192,96,21,254,612,1800,2534,1525357959230417,1525357959270278,39861
fac,160064,37,616,496,150,216,392,92,9,8,28,18,32,88,23,8,2821,28,1,32,36,64,8,192,72,21,254,598,1752,2423,1525357859348933,1525357859521262,172329
hs,64,37,632,496,162,264,392,92,9,8,28,22,32,104,23,8,42010,28,14,32,36,96,8,192,120,20,254,629,1800,2758,1525357915153457,1525357915173850,20393
fac,160080,37,616,496,150,216,392,92,9,8,28,18,32,88,23,8,2943,28,3,32,36,64,8,192,72,21,254,598,1752,2423,1525357873661959,1525357873850210,188251
mat,622216,37,624,496,155,240,360,84,9,8,28,20,32,96,23,8,161,28,7,32,36,80,8,192,96,21,254,612,1800,2598,1525357947101254,1525357947154421,53167
bub,57200,37,624,496,155,240,360,84,9,8,28,20,32,96,23,8,7139,28,7,32,36,80,8,192,96,21,254,603,1752,2358,1525357771395080,1525357771618841,223761
fac,160080,37,616,496,150,216,392,92,9,8,28,18,32,88,23,8,700,28,6,32,36,64,8,192,72,21,254,598,1752,2423,1525357887624081,1525357887636747,12666
hs,64,37,632,496,162,264,392,92,9,8,28,22,32,104,23,8,35335,28,1,32,36,96,8,192,120,20,254,629,1800,2758,1525357920480639,1525357920499859,19220
hs,117312,37,624,496,155,240,392,92,9,8,28,20,32,96,23,8,14653,28,7,32,36,80,8,192,96,20,254,609,1776,2669,1525357920429498,1525357920438142,8644
fac,64,37,624,496,157,240,392,92,9,8,28,20,32,96,23,8,4707,28,13,32,36,80,8,192,96,21,254,618,1776,2528,1525357847358615,1525357847867243,508628
hs,64,37,632,496,162,264,392,92,9,8,28,22,32,104,23,8,84497,28,8,32,36,96,8,192,120,20,254,629,1800,2758,1525357912875198,1525357912914158,38960
bub,68704,37,624,496,155,240,360,84,9,8,28,20,32,96,23,8,8578,28,10,32,36,80,8,192,96,21,254,603,1752,2358,1525357772601850,1525357772926040,324190
fac,160080,37,616,496,150,216,392,92,9,8,28,18,32,88,23,8,710,28,3,32,36,64,8,192,72,21,254,598,1752,2423,1525357870309667,1525357870323023,13356
hs,488160,37,624,496,155,240,392,92,9,8,28,20,32,96,23,8,61010,28,10,32,36,80,8,192,96,20,254,609,1776,2669,1525357917666901,1525357917696530,29629
hs,487344,37,624,496,155,240,392,92,9,8,28,20,32,96,23,8,60910,28,10,32,36,80,8,192,96,20,254,609,1776,2669,1525357914193039,1525357914223816,30777
fac,160064,37,616,496,150,216,392,92,9,8,28,18,32,88,23,8,965,28,6,32,36,64,8,192,72,21,254,598,1752,2423,1525357864594530,1525357864618038,23508
hs,423760,37,624,496,155,240,392,92,9,8,28,20,32,96,23,8,52960,28,15,32,36,80,8,192,96,20,254,609,1776,2669,1525357912541925,1525357912567217,25292
bub,23504,37,624,496,155,240,360,84,9,8,28,20,32,96,23,8,2929,28,13,32,36,80,8,192,96,21,254,603,1752,2358,1525357715045518,1525357715088368,42850
mat,197256,37,632,496,162,264,368,84,9,8,28,22,32,104,23,8,111,28,19,32,36,96,8,192,120,21,254,632,1824,2663,1525357930073318,1525357930091701,18383
hs,64,37,632,496,162,264,392,92,9,8,28,22,32,104,23,8,21411,28,18,32,36,96,8,192,120,20,254,629,1800,2758,1525357923333558,1525357923344257,10699
mat,450568,37,624,496,155,240,360,84,9,8,28,20,32,96,23,8,137,28,18,32,36,80,8,192,96,21,254,612,1800,2598,1525357947834577,1525357947870026,35449
mat,1775712,37,624,496,155,240,360,84,9,8,28,20,32,96,23,8,272,28,9,32,36,80,8,192,96,21,254,612,1800,2582,1525357941230338,1525357941500532,270194
hs,64,37,632,496,162,264,392,92,9,8,28,22,32,104,23,8,34755,28,4,32,36,96,8,192,120,20,254,629,1800,2758,1525357909765163,1525357909782178,17015
bub,55008,37,624,496,155,240,360,84,9,8,28,20,32,96,23,8,6865,28,6,32,36,80,8,192,96,21,254,603,1752,2358,1525357772378156,1525357772586768,208612
fac,160080,37,616,496,150,216,392,92,9,8,28,18,32,88,23,8,4703,28,10,32,36,64,8,192,72,21,254,598,1752,2423,1525357806623562,1525357807129661,506099
mat,868744,37,632,496,162,264,368,84,9,8,28,22,32,104,23,8,233,28,12,32,36,96,8,192,120,21,254,632,1824,2695,1525357938196712,1525357938323438,126726
hs,64,37,632,496,162,264,392,92,9,8,28,22,32,104,23,8,65131,28,18,32,36,96,8,192,120,20,254,629,1800,2758,1525357921866527,1525357921897589,31062
hs,376016,37,624,496,155,240,392,92,9,8,28,20,32,96,23,8,46994,28,6,32,36,80,8,192,96,20,254,609,1776,2669,1525357912683743,1525357912705484,21741
fac,64,37,624,496,157,240,392,92,9,8,28,20,32,96,23,8,3642,28,12,32,36,80,8,192,96,21,254,618,1776,2528,1525357805685717,1525357805980303,294586
fac,64,37,624,496,157,240,392,92,9,8,28,20,32,96,23,8,4073,28,10,32,36,80,8,192,96,21,254,618,1776,2528,1525357821226196,1525357821599366,373170
fac,64,37,624,496,157,240,392,92,9,8,28,20,32,96,23,8,4908,28,16,32,36,80,8,192,96,21,254,618,1776,2528,1525357855101719,1525357855657812,556093
bub,53056,37,624,496,155,240,360,84,9,8,28,20,32,96,23,8,6623,28,3,32,36,80,8,192,96,21,254,603,1752,2358,1525357711333812,1525357711526071,192259
mat,1685512,37,624,496,155,240,360,84,9,8,28,20,32,96,23,8,265,28,11,32,36,80,8,192,96,21,254,612,1800,2598,1525357927135416,1525357927362284,226868
fac,160080,37,616,496,150,216,392,92,9,8,28,18,32,88,23,8,4635,28,1,32,36,64,8,192,72,21,254,598,1752,2423,1525357892806228,1525357893296516,490288
hs,631008,37,624,496,155,240,392,92,9,8,28,20,32,96,23,8,78867,28,7,32,36,80,8,192,96,20,254,609,1776,2669,1525357908503220,1525357908540611,37391
fac,160080,37,616,496,150,216,392,92,9,8,28,18,32,88,23,8,4381,28,2,32,36,64,8,192,72,21,254,598,1752,2423,1525357828194980,1525357828629030,434050
hs,64,37,632,496,162,264,392,92,9,8,28,22,32,104,23,8,83357,28,14,32,36,96,8,192,120,20,254,629,1800,2758,1525357921453663,1525357921493329,39666
hs,634688,37,624,496,155,240,392,92,9,8,28,20,32,96,23,8,79328,28,9,32,36,80,8,192,96,20,254,609,1776,2669,1525357911354853,1525357911391059,36206
mat,922080,37,624,496,155,240,360,84,9,8,28,20,32,96,23,8,196,28,10,32,36,80,8,192,96,21,254,612,1800,2534,1525357963897157,1525357963978459,81302
fac,160080,37,616,496,150,216,392,92,9,8,28,18,32,88,23,8,1808,28,9,32,36,64,8,192,72,21,254,598,1752,2423,1525357878435858,1525357878505161,69303
hs,64,37,632,496,162,264,392,92,9,8,28,22,32,104,23,8,75014,28,17,32,36,96,8,192,120,20,254,629,1800,2758,1525357912821110,1525357912857479,36369
fac,64,37,624,496,157,240,392,92,9,8,28,20,32,96,23,8,785,28,15,32,36,80,8,192,96,21,254,618,1776,2528,1525357845919386,1525357845934232,14846
bub,64,37,632,496,162,264,360,84,9,8,28,22,32,104,23,8,5610,28,5,32,36,96,8,192,120,21,254,623,1776,2431,1525357793544683,1525357793698168,153485
hs,64,37,632,496,162,264,392,92,9,8,28,22,32,104,23,8,65127,28,12,32,36,96,8,192,120,20,254,629,1800,2758,1525357917993536,1525357918024036,30500
mat,1710984,37,632,496,162,264,368,84,9,8,28,22,32,104,23,8,327,28,7,32,36,96,8,192,120,21,254,632,1824,2695,1525357980678162,1525357981079188,401026
mat,1647552,37,624,496,155,240,360,84,9,8,28,20,32,96,23,8,262,28,8,32,36,80,8,192,96,21,254,612,1800,2534,1525357946746866,1525357946975118,228252
bub,64,37,632,496,162,264,360,84,9,8,28,22,32,104,23,8,3323,28,16,32,36,96,8,192,120,21,254,623,1776,2431,1525357701755221,1525357701812756,57535
hs,723568,37,624,496,155,240,392,92,9,8,28,20,32,96,23,8,90437,28,2,32,36,80,8,192,96,20,254,609,1776,2669,1525357914762497,1525357914807201,44704
fac,160080,37,616,496,150,216,392,92,9,8,28,18,32,88,23,8,2083,28,8,32,36,64,8,192,72,21,254,598,1752,2423,1525357902548054,1525357902641058,93004
fac,64,37,624,496,157,240,392,92,9,8,28,20,32,96,23,8,4676,28,15,32,36,80,8,192,96,21,254,618,1776,2528,1525357851544016,1525357852042902,498886
bub,77744,37,624,496,155,240,360,84,9,8,28,20,32,96,23,8,9707,28,16,32,36,80,8,192,96,21,254,603,1752,2358,1525357744299923,1525357744714150,414227
hs,231424,37,624,496,155,240,392,92,9,8,28,20,32,96,23,8,28919,28,6,32,36,80,8,192,96,20,254,609,1776,2669,1525357916527160,1525357916542374,15214
fac,160080,37,616,496,150,216,392,92,9,8,28,18,32,88,23,8,4923,28,3,32,36,64,8,192,72,21,254,598,1752,2423,1525357803268758,1525357803825452,556694
hs,140640,37,624,496,155,240,392,92,9,8,28,20,32,96,23,8,17569,28,4,32,36,80,8,192,96,20,254,609,1776,2669,1525357909052239,1525357909061695,9456
hs,64,37,632,496,162,264,392,92,9,8,28,22,32,104,23,8,32494,28,14,32,36,96,8,192,120,20,254,629,1800,2758,1525357914333155,1525357914350736,17581
hs,553920,37,624,496,155,240,392,92,9,8,28,20,32,96,23,8,69232,28,7,32,36,80,8,192,96,20,254,609,1776,2669,1525357915263196,1525357915296743,33547
mat,211720,37,632,496,162,264,368,84,9,8,28,22,32,104,23,8,115,28,13,32,36,96,8,192,120,21,254,632,1824,2663,1525357938752140,1525357938773038,20898
hs,21232,37,624,496,155,240,392,92,9,8,28,20,32,96,23,8,2643,28,2,32,36,80,8,192,96,20,254,609,1776,2669,1525357908987342,1525357908988317,975
bub,30656,37,624,496,155,240,360,84,9,8,28,20,32,96,23,8,3824,28,5,32,36,80,8,192,96,21,254,603,1752,2358,1525357760622975,1525357760689567,66592
hs,103392,37,624,496,155,240,392,92,9,8,28,20,32,96,23,8,12915,28,7,32,36,80,8,192,96,20,254,609,1776,2669,1525357908066145,1525357908072855,6710
fac,64,37,624,496,157,240,392,92,9,8,28,20,32,96,23,8,2170,28,2,32,36,80,8,192,96,21,254,618,1776,2528,1525357887900251,1525357887999413,99162
mat,249792,37,624,496,155,240,360,84,9,8,28,20,32,96,23,8,102,28,10,32,36,80,8,192,96,21,254,612,1800,2502,1525357960004860,1525357960020814,15954
mat,350592,37,632,496,162,264,368,84,9,8,28,22,32,104,23,8,148,28,18,32,36,96,8,192,120,21,254,632,1824,2743,1525357977940914,1525357977979516,38602
fac,64,37,624,496,157,240,392,92,9,8,28,20,32,96,23,8,2054,28,10,32,36,80,8,192,96,21,254,618,1776,2528,1525357805150469,1525357805239332,88863
hs,64,37,632,496,162,264,392,92,9,8,28,22,32,104,23,8,72741,28,14,32,36,96,8,192,120,20,254,629,1800,2758,1525357922448742,1525357922482140,33398
fac,160080,37,616,496,150,216,392,92,9,8,28,18,32,88,23,8,3888,28,8,32,36,64,8,192,72,21,254,598,1752,2423,1525357840560002,1525357840899514,339512
bub,66624,37,624,496,155,240,360,84,9,8,28,20,32,96,23,8,8320,28,16,32,36,80,8,192,96,21,254,603,1752,2358,1525357792186140,1525357792490039,303899
bub,64,37,632,496,162,264,360,84,9,8,28,22,32,104,23,8,2407,28,11,32,36,96,8,192,120,21,254,623,1776,2431,1525357731569286,1525357731600317,31031
fac,160064,37,616,496,150,216,392,92,9,8,28,18,32,88,23,8,3702,28,10,32,36,64,8,192,72,21,254,598,1752,2423,1525357900028660,1525357900332956,304296
hs,64,37,632,496,162,264,392,92,9,8,28,22,32,104,23,8,57903,28,2,32,36,96,8,192,120,20,254,629,1800,2758,1525357909497304,1525357909526521,29217
fac,64,37,624,496,157,240,392,92,9,8,28,20,32,96,23,8,4930,28,1,32,36,80,8,192,96,21,254,618,1776,2528,1525357821614831,1525357822175144,560313
bub,22944,37,624,496,155,240,360,84,9,8,28,20,32,96,23,8,2859,28,11,32,36,80,8,192,96,21,254,603,1752,2358,1525357766615628,1525357766656288,40660
hs,547040,37,624,496,155,240,392,92,9,8,28,20,32,96,23,8,68370,28,8,32,36,80,8,192,96,20,254,609,1776,2669,1525357908652286,1525357908688339,36053
mat,2366400,37,624,496,155,240,360,84,9,8,28,20,32,96,23,8,314,28,14,32,36,80,8,192,96,21,254,612,1800,2534,1525357937744278,1525357938131527,387249
hs,160128,37,624,496,155,240,392,92,9,8,28,20,32,96,23,8,20006,28,1,32,36,80,8,192,96,20,254,609,1776,2669,1525357921425959,1525357921438040,12081
fac,64,37,624,496,157,240,392,92,9,8,28,20,32,96,23,8,1797,28,6,32,36,80,8,192,96,21,254,618,1776,2528,1525357853581996,1525357853651270,69274
fac,64,37,624,496,157,240,392,92,9,8,28,20,32,96,23,8,3311,28,15,32,36,80,8,192,96,21,254,618,1776,2528,1525357858935962,1525357859176960,240998
bub,73456,37,624,496,155,240,360,84,9,8,28,20,32,96,23,8,9174,28,3,32,36,80,8,192,96,21,254,603,1752,2358,1525357795055949,1525357795425820,369871
fac,160080,37,616,496,150,216,392,92,9,8,28,18,32,88,23,8,1848,28,13,32,36,64,8,192,72,21,254,598,1752,2423,1525357892566732,1525357892638576,71844
hs,486688,37,624,496,155,240,392,92,9,8,28,20,32,96,23,8,60826,28,11,32,36,80,8,192,96,20,254,609,1776,2669,1525357907528482,1525357907557150,28668
fac,160064,37,616,496,150,216,392,92,9,8,28,18,32,88,23,8,1320,28,4,32,36,64,8,192,72,21,254,598,1752,2423,1525357830693375,1525357830731661,38286
mat,2247360,37,624,496,155,240,360,84,9,8,28,20,32,96,23,8,306,28,6,32,36,80,8,192,96,21,254,612,1800,2534,1525357942861683,1525357943221520,359837
bub,63728,37,624,496,155,240,360,84,9,8,28,20,32,96,23,8,7956,28,11,32,36,80,8,192,96,21,254,603,1752,2358,1525357751220279,1525357751497468,277189
fac,160080,37,616,496,150,216,392,92,9,8,28,18,32,88,23,8,1007,28,10,32,36,64,8,192,72,21,254,598,1752,2423,1525357867705516,1525357867730566,25050
hs,689744,37,624,496,155,240,392,92,9,8,28,20,32,96,23,8,86210,28,2,32,36,80,8,192,96,20,254,609,1776,2669,1525357906889234,1525357906930101,40867
bub,72784,37,624,496,155,240,360,84,9,8,28,20,32,96,23,8,9089,28,11,32,36,80,8,192,96,21,254,603,1752,2358,1525357782853286,1525357783216902,363616
bub,76896,37,624,496,155,240,360,84,9,8,28,20,32,96,23,8,9604,28,10,32,36,80,8,192,96,21,254,603,1752,2358,1525357713765491,1525357714169038,403547
hs,777056,37,624,496,155,240,392,92,9,8,28,20,32,96,23,8,97123,28,11,32,36,80,8,192,96,20,254,609,1776,2669,1525357909863025,1525357909909521,46496
mat,1175176,37,632,496,162,264,368,84,9,8,28,22,32,104,23,8,271,28,4,32,36,96,8,192,120,21,254,632,1824,2695,1525357980449074,1525357980652801,203727
bub,64,37,632,496,162,264,360,84,9,8,28,22,32,104,23,8,1899,28,1,32,36,96,8,192,120,21,254,623,1776,2431,1525357781522958,1525357781545654,22696
fac,64,37,624,496,157,240,392,92,9,8,28,20,32,96,23,8,2503,28,17,32,36,80,8,192,96,21,254,618,1776,2528,1525357843435371,1525357843570126,134755
mat,2351368,37,624,496,155,240,360,84,9,8,28,20,32,96,23,8,313,28,8,32,36,80,8,192,96,21,254,612,1800,2534,1525357956627106,1525357956967339,340233
fac,64,37,624,496,157,240,392,92,9,8,28,20,32,96,23,8,1648,28,1,32,36,80,8,192,96,21,254,618,1776,2528,1525357849134054,1525357849190085,56031
mat,1817224,37,632,496,162,264,368,84,9,8,28,22,32,104,23,8,337,28,8,32,36,96,8,192,120,21,254,632,1824,2695,1525357950398141,1525357950859116,460975
bub,26464,37,624,496,155,240,360,84,9,8,28,20,32,96,23,8,3299,28,9,32,36,80,8,192,96,21,254,603,1752,2358,1525357749367691,1525357749418704,51013
fac,160080,37,616,496,150,216,392,92,9,8,28,18,32,88,23,8,758,28,10,32,36,64,8,192,72,21,254,598,1752,2423,1525357883496045,1525357883509828,13783
bub,64,37,632,496,162,264,360,84,9,8,28,22,32,104,23,8,9279,28,6,32,36,96,8,192,120,21,254,623,1776,2431,1525357755845388,1525357756266520,421132
fac,160080,37,616,496,150,216,392,92,9,8,28,18,32,88,23,8,4386,28,2,32,36,64,8,192,72,21,254,598,1752,2423,1525357895338810,1525357895774683,435873
hs,64,37,632,496,162,264,392,92,9,8,28,22,32,104,23,8,88882,28,1,32,36,96,8,192,120,20,254,629,1800,2758,1525357910112939,1525357910154904,41965
fac,64,37,624,496,157,240,392,92,9,8,28,20,32,96,23,8,2982,28,12,32,36,80,8,192,96,21,254,618,1776,2528,1525357840352052,1525357840545607,193555
fac,64,37,624,496,157,240,392,92,9,8,28,20,32,96,23,8,2526,28,5,32,36,80,8,192,96,21,254,618,1776,2528,1525357843766015,1525357843902590,136575
fac,64,37,624,496,157,240,392,92,9,8,28,20,32,96,23,8,2106,28,11,32,36,80,8,192,96,21,254,618,1776,2528,1525357856167647,1525357856262059,94412
hs,64,37,632,496,162,264,392,92,9,8,28,22,32,104,23,8,89933,28,8,32,36,96,8,192,120,20,254,629,1800,2758,1525357905113445,1525357905155601,42156
fac,160064,37,616,496,150,216,392,92,9,8,28,18,32,88,23,8,4593,28,8,32,36,64,8,192,72,21,254,598,1752,2423,1525357866770179,1525357867251278,481099
fac,64,37,624,496,157,240,392,92,9,8,28,20,32,96,23,8,1311,28,14,32,36,80,8,192,96,21,254,618,1776,2528,1525357865279490,1525357865316033,36543
fac,160080,37,616,496,150,216,392,92,9,8,28,18,32,88,23,8,2809,28,9,32,36,64,8,192,72,21,254,598,1752,2423,1525357887324901,1525357887497625,172724
fac,64,37,624,496,157,240,392,92,9,8,28,20,32,96,23,8,3279,28,17,32,36,80,8,192,96,21,254,618,1776,2528,1525357883522871,1525357883758651,235780
bub,73728,37,624,496,155,240,360,84,9,8,28,20,32,96,23,8,9208,28,18,32,36,80,8,192,96,21,254,603,1752,2358,1525357705956774,1525357706328158,371384
fac,160064,37,616,496,150,216,392,92,9,8,28,18,32,88,23,8,4593,28,8,32,36,64,8,192,72,21,254,598,1752,2423,1525357866770179,1525357867251278,481099
bub,23808,37,624,496,155,240,360,84,9,8,28,20,32,96,23,8,2967,28,9,32,36,80,8,192,96,21,254,603,1752,2358,1525357782411432,1525357782454435,43003
fac,160080,37,616,496,150,216,392,92,9,8,28,18,32,88,23,8,3700,28,5,32,36,64,8,192,72,21,254,598,1752,2423,1525357864081409,1525357864385020,303611
fac,160064,37,616,496,150,216,392,92,9,8,28,18,32,88,23,8,3527,28,14,32,36,64,8,192,72,21,254,598,1752,2423,1525357886730393,1525357887004742,274349
bub,64,37,632,496,162,264,360,84,9,8,28,22,32,104,23,8,1391,28,19,32,36,96,8,192,120,21,254,623,1776,2431,1525357763447780,1525357763461096,13316
hs,419248,37,624,496,155,240,392,92,9,8,28,20,32,96,23,8,52398,28,17,32,36,80,8,192,96,20,254,609,1776,2669,1525357919609649,1525357919635748,26099
bub,35264,37,624,496,155,240,360,84,9,8,28,20,32,96,23,8,4400,28,19,32,36,80,8,192,96,21,254,603,1752,2358,1525357712272050,1525357712358663,86613
fac,160080,37,616,496,150,216,392,92,9,8,28,18,32,88,23,8,3336,28,9,32,36,64,8,192,72,21,254,598,1752,2423,1525357799336416,1525357799578889,242473
hs,64,37,632,496,162,264,392,92,9,8,28,22,32,104,23,8,86656,28,13,32,36,96,8,192,120,20,254,629,1800,2758,1525357916660814,1525357916703503,42689
mat,1336800,37,624,496,155,240,360,84,9,8,28,20,32,96,23,8,236,28,10,32,36,80,8,192,96,21,254,612,1800,2534,1525357937575074,1525357937721229,146155
hs,146144,37,624,496,155,240,392,92,9,8,28,20,32,96,23,8,18257,28,4,32,36,80,8,192,96,20,254,609,1776,2669,1525357914142043,1525357914151590,9547
bub,56832,37,624,496,155,240,360,84,9,8,28,20,32,96,23,8,7094,28,14,32,36,80,8,192,96,21,254,603,1752,2358,1525357732635834,1525357732856680,220846
bub,22336,37,624,496,155,240,360,84,9,8,28,20,32,96,23,8,2784,28,17,32,36,80,8,192,96,21,254,603,1752,2358,1525357737460795,1525357737499465,38670
bub,64,37,632,496,162,264,360,84,9,8,28,22,32,104,23,8,8283,28,10,32,36,96,8,192,120,21,254,623,1776,2431,1525357741908700,1525357742246152,337452
fac,160064,37,616,496,150,216,392,92,9,8,28,18,32,88,23,8,3980,28,17,32,36,64,8,192,72,21,254,598,1752,2423,1525357869935377,1525357870293690,358313
hs,64,37,632,496,162,264,392,92,9,8,28,22,32,104,23,8,46461,28,7,32,36,96,8,192,120,20,254,629,1800,2758,1525357918487681,1525357918509691,22010
bub,45760,37,624,496,155,240,360,84,9,8,28,20,32,96,23,8,5712,28,4,32,36,80,8,192,96,21,254,603,1752,2358,1525357731200201,1525357731344564,144363
bub,64,37,632,496,162,264,360,84,9,8,28,22,32,104,23,8,8009,28,13,32,36,96,8,192,120,21,254,623,1776,2431,1525357732945962,1525357733261944,315982
hs,64,37,632,496,162,264,392,92,9,8,28,22,32,104,23,8,36032,28,12,32,36,96,8,192,120,20,254,629,1800,2758,1525357908815066,1525357908833905,18839
mat,803848,37,624,496,155,240,360,84,9,8,28,20,32,96,23,8,183,28,15,32,36,80,8,192,96,21,254,612,1800,2534,1525357949344357,1525357949410825,66468
mat,1428960,37,624,496,155,240,360,84,9,8,28,20,32,96,23,8,244,28,10,32,36,80,8,192,96,21,254,612,1800,2534,1525357953095951,1525357953249549,153598
hs,64,37,632,496,162,264,392,92,9,8,28,22,32,104,23,8,84137,28,5,32,36,96,8,192,120,20,254,629,1800,2758,1525357924563160,1525357924603687,40527
fac,160080,37,616,496,150,216,392,92,9,8,28,18,32,88,23,8,1090,28,12,32,36,64,8,192,72,21,254,598,1752,2423,1525357817364645,1525357817391915,27270
hs,689520,37,624,496,155,240,392,92,9,8,28,20,32,96,23,8,86180,28,3,32,36,80,8,192,96,20,254,609,1776,2669,1525357920106758,1525357920148774,42016
mat,1161696,37,624,496,155,240,360,84,9,8,28,20,32,96,23,8,220,28,12,32,36,80,8,192,96,21,254,612,1800,2534,1525357968578795,1525357968692843,114048
bub,47584,37,624,496,155,240,360,84,9,8,28,20,32,96,23,8,5939,28,6,32,36,80,8,192,96,21,254,603,1752,2358,1525357752899546,1525357753054287,154741
mat,477256,37,624,496,155,240,360,84,9,8,28,20,32,96,23,8,141,28,17,32,36,80,8,192,96,21,254,612,1800,2534,1525357958717496,1525357958750928,33432
fac,64,37,624,496,157,240,392,92,9,8,28,20,32,96,23,8,1120,28,8,32,36,80,8,192,96,21,254,618,1776,2528,1525357853539576,1525357853567816,28240
hs,64,37,632,496,162,264,392,92,9,8,28,22,32,104,23,8,7975,28,8,32,36,96,8,192,120,20,254,629,1800,2758,1525357906844022,1525357906849267,5245
bub,17088,37,624,496,155,240,360,84,9,8,28,20,32,96,23,8,2125,28,19,32,36,80,8,192,96,21,254,603,1752,2358,1525357701719707,1525357701741896,22189
bub,59488,37,624,496,155,240,360,84,9,8,28,20,32,96,23,8,7428,28,11,32,36,80,8,192,96,21,254,603,1752,2358,1525357699400155,1525357699641200,241045
fac,64,37,624,496,157,240,392,92,9,8,28,20,32,96,23,8,4391,28,5,32,36,80,8,192,96,21,254,618,1776,2528,1525357837879786,1525357838319296,439510
fac,160064,37,616,496,150,216,392,92,9,8,28,18,32,88,23,8,1475,28,18,32,36,64,8,192,72,21,254,598,1752,2423,1525357835030639,1525357835076765,46126
fac,160064,37,616,496,150,216,392,92,9,8,28,18,32,88,23,8,965,28,6,32,36,64,8,192,72,21,254,598,1752,2423,1525357864594530,1525357864618038,23508
hs,64,37,632,496,162,264,392,92,9,8,28,22,32,104,23,8,68642,28,13,32,36,96,8,192,120,20,254,629,1800,2758,1525357908907066,1525357908939707,32641
hs,64,37,632,496,162,264,392,92,9,8,28,22,32,104,23,8,62090,28,1,32,36,96,8,192,120,20,254,629,1800,2758,1525357919565127,1525357919594384,29257
hs,229952,37,624,496,155,240,392,92,9,8,28,20,32,96,23,8,28733,28,8,32,36,80,8,192,96,20,254,609,1776,2669,1525357909293056,1525357909309104,16048
fac,160064,37,616,496,150,216,392,92,9,8,28,18,32,88,23,8,3779,28,4,32,36,64,8,192,72,21,254,598,1752,2423,1525357867745012,1525357868063061,318049
bub,13488,37,624,496,155,240,360,84,9,8,28,20,32,96,23,8,1677,28,10,32,36,80,8,192,96,21,254,603,1752,2358,1525357724688383,1525357724705383,17000
fac,64,37,624,496,157,240,392,92,9,8,28,20,32,96,23,8,769,28,6,32,36,80,8,192,96,21,254,618,1776,2528,1525357834147413,1525357834163552,16139
hs,64,37,632,496,162,264,392,92,9,8,28,22,32,104,23,8,15689,28,15,32,36,96,8,192,120,20,254,629,1800,2758,1525357919539564,1525357919549338,9774
bub,64,37,632,496,162,264,360,84,9,8,28,22,32,104,23,8,8283,28,10,32,36,96,8,192,120,21,254,623,1776,2431,1525357741908700,1525357742246152,337452
fac,160064,37,616,496,150,216,392,92,9,8,28,18,32,88,23,8,2361,28,8,32,36,64,8,192,72,21,254,598,1752,2423,1525357873862643,1525357873982538,119895
mat,1371016,37,624,496,155,240,360,84,9,8,28,20,32,96,23,8,239,28,10,32,36,80,8,192,96,21,254,612,1800,2534,1525357944077726,1525357944233525,155799
fac,64,37,624,496,157,240,392,92,9,8,28,20,32,96,23,8,2871,28,11,32,36,80,8,192,96,21,254,618,1776,2528,1525357874952295,1525357875130380,178085
fac,64,37,624,496,157,240,392,92,9,8,28,20,32,96,23,8,1879,28,19,32,36,80,8,192,96,21,254,618,1776,2528,1525357902299915,1525357902372387,72472
fac,64,37,624,496,157,240,392,92,9,8,28,20,32,96,23,8,3332,28,11,32,36,80,8,192,96,21,254,618,1776,2528,1525357881445425,1525357881688407,242982
fac,64,37,624,496,157,240,392,92,9,8,28,20,32,96,23,8,1585,28,2,32,36,80,8,192,96,21,254,618,1776,2528,1525357884034380,1525357884087376,52996
hs,51040,37,624,496,155,240,392,92,9,8,28,20,32,96,23,8,6370,28,8,32,36,80,8,192,96,20,254,609,1776,2669,1525357915187535,1525357915190201,2666
bub,64,37,632,496,162,264,360,84,9,8,28,22,32,104,23,8,7242,28,2,32,36,96,8,192,120,21,254,623,1776,2431,1525357748072325,1525357748329908,257583
hs,64,37,632,496,162,264,392,92,9,8,28,22,32,104,23,8,20428,28,7,32,36,96,8,192,120,20,254,629,1800,2758,1525357923460103,1525357923471250,11147
bub,64,37,632,496,162,264,360,84,9,8,28,22,32,104,23,8,8767,28,8,32,36,96,8,192,120,21,254,623,1776,2431,1525357703588860,1525357703965609,376749
bub,19008,37,624,496,155,240,360,84,9,8,28,20,32,96,23,8,2368,28,13,32,36,80,8,192,96,21,254,603,1752,2358,1525357761416407,1525357761445781,29374
hs,64,37,632,496,162,264,392,92,9,8,28,22,32,104,23,8,49803,28,18,32,36,96,8,192,120,20,254,629,1800,2758,1525357917746879,1525357917772329,25450
fac,64,37,624,496,157,240,392,92,9,8,28,20,32,96,23,8,2644,28,18,32,36,80,8,192,96,21,254,618,1776,2528,1525357806433111,1525357806581271,148160
hs,200832,37,624,496,155,240,392,92,9,8,28,20,32,96,23,8,25095,28,16,32,36,80,8,192,96,20,254,609,1776,2669,1525357913327448,1525357913341956,14508
bub,52704,37,624,496,155,240,360,84,9,8,28,20,32,96,23,8,6580,28,19,32,36,80,8,192,96,21,254,603,1752,2358,1525357751016060,1525357751205337,189277
bub,45584,37,624,496,155,240,360,84,9,8,28,20,32,96,23,8,5689,28,5,32,36,80,8,192,96,21,254,603,1752,2358,1525357758847480,1525357758990210,142730
hs,191552,37,624,496,155,240,392,92,9,8,28,20,32,96,23,8,23934,28,15,32,36,80,8,192,96,20,254,609,1776,2669,1525357924965027,1525357924979098,14071
hs,389728,37,624,496,155,240,392,92,9,8,28,20,32,96,23,8,48705,28,14,32,36,80,8,192,96,20,254,609,1776,2669,1525357907385932,1525357907411420,25488
mat,1685512,37,624,496,155,240,360,84,9,8,28,20,32,96,23,8,265,28,7,32,36,80,8,192,96,21,254,612,1800,2598,1525357955695675,1525357955912656,216981
bub,73904,37,624,496,155,240,360,84,9,8,28,20,32,96,23,8,9229,28,10,32,36,80,8,192,96,21,254,603,1752,2358,1525357756281195,1525357756653746,372551
bub,64,37,632,496,162,264,360,84,9,8,28,22,32,104,23,8,7469,28,10,32,36,96,8,192,120,21,254,623,1776,2431,1525357762618594,1525357762892667,274073
bub,30352,37,624,496,155,240,360,84,9,8,28,20,32,96,23,8,3783,28,4,32,36,80,8,192,96,21,254,603,1752,2358,1525357726415490,1525357726480458,64968
bub,40592,37,624,496,155,240,360,84,9,8,28,20,32,96,23,8,5063,28,11,32,36,80,8,192,96,21,254,603,1752,2358,1525357743420994,1525357743533802,112808
hs,700944,37,624,496,155,240,392,92,9,8,28,20,32,96,23,8,87607,28,18,32,36,80,8,192,96,20,254,609,1776,2669,1525357917438842,1525357917481443,42601
fac,64,37,624,496,157,240,392,92,9,8,28,20,32,96,23,8,4603,28,19,32,36,80,8,192,96,21,254,618,1776,2528,1525357897863672,1525357898347536,483864
fac,160080,37,616,496,150,216,392,92,9,8,28,18,32,88,23,8,1751,28,18,32,36,64,8,192,72,21,254,598,1752,2423,1525357881056986,1525357881124274,67288
mat,1963200,37,624,496,155,240,360,84,9,8,28,20,32,96,23,8,286,28,12,32,36,80,8,192,96,21,254,612,1800,2534,1525357980134555,1525357980426886,292331
hs,200144,37,624,496,155,240,392,92,9,8,28,20,32,96,23,8,25008,28,10,32,36,80,8,192,96,20,254,609,1776,2669,1525357913408412,1525357913422286,13874
bub,64,37,632,496,162,264,360,84,9,8,28,22,32,104,23,8,7403,28,5,32,36,96,8,192,120,21,254,623,1776,2431,1525357795525348,1525357795794875,269527
hs,64,37,632,496,162,264,392,92,9,8,28,22,32,104,23,8,34784,28,18,32,36,96,8,192,120,20,254,629,1800,2758,1525357914728233,1525357914746840,18607
mat,693696,37,624,496,155,240,360,84,9,8,28,20,32,96,23,8,170,28,5,32,36,80,8,192,96,21,254,612,1800,2534,1525357974677373,1525357974732947,55574
hs,749936,37,624,496,155,240,392,92,9,8,28,20,32,96,23,8,93731,28,17,32,36,80,8,192,96,20,254,609,1776,2669,1525357914079916,1525357914125671,45755
fac,160064,37,616,496,150,216,392,92,9,8,28,18,32,88,23,8,3836,28,18,32,36,64,8,192,72,21,254,598,1752,2423,1525357888681862,1525357889009960,328098
bub,64,37,632,496,162,264,360,84,9,8,28,22,32,104,23,8,7612,28,5,32,36,96,8,192,120,21,254,623,1776,2431,1525357762907849,1525357763193437,285588
bub,64,37,632,496,162,264,360,84,9,8,28,22,32,104,23,8,2217,28,8,32,36,96,8,192,120,21,254,623,1776,2431,1525357766575004,1525357766603409,28405
mat,1963200,37,624,496,155,240,360,84,9,8,28,20,32,96,23,8,286,28,12,32,36,80,8,192,96,21,254,612,1800,2534,1525357980134555,1525357980426886,292331
mat,530112,37,632,496,162,264,368,84,9,8,28,22,32,104,23,8,182,28,16,32,36,96,8,192,120,21,254,632,1824,2695,1525357969355274,1525357969417585,62311
fac,64,37,624,496,157,240,392,92,9,8,28,20,32,96,23,8,4889,28,17,32,36,80,8,192,96,21,254,618,1776,2528,1525357837106485,1525357837656264,549779
mat,2411848,37,624,496,155,240,360,84,9,8,28,20,32,96,23,8,317,28,1,32,36,80,8,192,96,21,254,612,1800,2534,1525357972465507,1525357972867015,401508
mat,418272,37,624,496,155,240,360,84,9,8,28,20,32,96,23,8,132,28,11,32,36,80,8,192,96,21,254,612,1800,2582,1525357938491825,1525357938522546,30721
bub,75328,37,624,496,155,240,360,84,9,8,28,20,32,96,23,8,9405,28,4,32,36,80,8,192,96,21,254,603,1752,2358,1525357764910784,1525357765298756,387972
hs,64,37,632,496,162,264,392,92,9,8,28,22,32,104,23,8,52210,28,2,32,36,96,8,192,120,20,254,629,1800,2758,1525357914293211,1525357914318810,25599
mat,891264,37,632,496,162,264,368,84,9,8,28,22,32,104,23,8,236,28,2,32,36,96,8,192,120,21,254,632,1824,2695,1525357926984001,1525357927114097,130096
hs,692544,37,624,496,155,240,392,92,9,8,28,20,32,96,23,8,86557,28,13,32,36,80,8,192,96,20,254,609,1776,2669,1525357906484070,1525357906525568,41498
mat,1572960,37,624,496,155,240,360,84,9,8,28,20,32,96,23,8,256,28,2,32,36,80,8,192,96,21,254,612,1800,2534,1525357996904720,1525357997107501,202781
fac,160064,37,616,496,150,216,392,92,9,8,28,18,32,88,23,8,3980,28,17,32,36,64,8,192,72,21,254,598,1752,2423,1525357869935377,1525357870293690,358313
hs,64,37,632,496,162,264,392,92,9,8,28,22,32,104,23,8,46888,28,13,32,36,96,8,192,120,20,254,629,1800,2758,1525357915404581,1525357915428146,23565
mat,2473096,37,624,496,155,240,360,84,9,8,28,20,32,96,23,8,321,28,13,32,36,80,8,192,96,21,254,612,1800,2598,1525357942274687,1525357942661282,386595
hs,497552,37,624,496,155,240,392,92,9,8,28,20,32,96,23,8,62185,28,8,32,36,80,8,192,96,20,254,609,1776,2669,1525357911451796,1525357911481872,30076
mat,884832,37,624,496,155,240,360,84,9,8,28,20,32,96,23,8,192,28,3,32,36,80,8,192,96,21,254,612,1800,2582,1525357966394762,1525357966491917,97155
fac,160064,37,616,496,150,216,392,92,9,8,28,18,32,88,23,8,826,28,10,32,36,64,8,192,72,21,254,598,1752,2423,1525357874921115,1525357874938806,17691
bub,23504,37,624,496,155,240,360,84,9,8,28,20,32,96,23,8,2929,28,13,32,36,80,8,192,96,21,254,603,1752,2358,1525357715045518,1525357715088368,42850
mat,1371016,37,624,496,155,240,360,84,9,8,28,20,32,96,23,8,239,28,10,32,36,80,8,192,96,21,254,612,1800,2534,1525357944077726,1525357944233525,155799
hs,470528,37,624,496,155,240,392,92,9,8,28,20,32,96,23,8,58808,28,12,32,36,80,8,192,96,20,254,609,1776,2669,1525357917519111,1525357917547950,28839
bub,64,37,632,496,162,264,360,84,9,8,28,22,32,104,23,8,6797,28,15,32,36,96,8,192,120,21,254,623,1776,2431,1525357796483318,1525357796710130,226812
bub,31360,37,624,496,155,240,360,84,9,8,28,20,32,96,23,8,3910,28,2,32,36,80,8,192,96,21,254,603,1752,2358,1525357779985515,1525357780054911,69396
hs,45664,37,624,496,155,240,392,92,9,8,28,20,32,96,23,8,5700,28,12,32,36,80,8,192,96,20,254,609,1776,2669,1525357911579474,1525357911582118,2644
hs,64,37,632,496,162,264,392,92,9,8,28,22,32,104,23,8,81552,28,17,32,36,96,8,192,120,20,254,629,1800,2758,1525357910313543,1525357910352208,38665
bub,24512,37,624,496,155,240,360,84,9,8,28,20,32,96,23,8,3056,28,12,32,36,80,8,192,96,21,254,603,1752,2358,1525357774448188,1525357774492101,43913
hs,464288,37,624,496,155,240,392,92,9,8,28,20,32,96,23,8,58025,28,7,32,36,80,8,192,96,20,254,609,1776,2669,1525357907712872,1525357907742397,29525
bub,64,37,632,496,162,264,360,84,9,8,28,22,32,104,23,8,9963,28,3,32,36,96,8,192,120,21,254,623,1776,2431,1525357725005781,1525357725491233,485452
fac,160080,37,616,496,150,216,392,92,9,8,28,18,32,88,23,8,1701,28,19,32,36,64,8,192,72,21,254,598,1752,2423,1525357872560538,1525357872622271,61733
bub,15488,37,624,496,155,240,360,84,9,8,28,20,32,96,23,8,1928,28,3,32,36,80,8,192,96,21,254,603,1752,2358,1525357774384038,1525357774403720,19682
mat,817344,37,632,496,162,264,368,84,9,8,28,22,32,104,23,8,226,28,14,32,36,96,8,192,120,21,254,632,1824,2695,1525357958150417,1525357958264162,113745
bub,19680,37,624,496,155,240,360,84,9,8,28,20,32,96,23,8,2450,28,17,32,36,80,8,192,96,21,254,603,1752,2358,1525357751973517,1525357752003807,30290
mat,735112,37,624,496,155,240,360,84,9,8,28,20,32,96,23,8,175,28,11,32,36,80,8,192,96,21,254,612,1800,2534,1525357941151912,1525357941210364,58452
fac,64,37,624,496,157,240,392,92,9,8,28,20,32,96,23,8,4700,28,18,32,36,80,8,192,96,21,254,618,1776,2528,1525357902656675,1525357903162346,505671
