1,64,37,632,496,162,264,360,84,9,8,28,22,32,104,23,8,1411,28,32,36,96,8,192,120,21,254,623,1776,2431,2,48,37,616,496,150,216,368,84,9,8,28,18,32,88,23,8,34,28,32,36,64,8,192,72,21,254,585,1704,2039,3,2661448,37,624,496,155,240,360,84,9,8,28,20,32,96,23,8,333,28,32,36,80,8,192,96,21,254,612,1800,2678,4,64,37,640,496,189,288,400,92,9,8,28,24,48,112,23,8,93539,28,32,36,112,8,192,144,20,254,655,1824,3227,6,1,15,3
1,65680,37,624,496,155,240,360,84,9,8,28,20,32,96,23,8,8200,28,32,36,80,8,192,96,21,254,603,1752,2358,2,48,37,616,496,150,216,368,84,9,8,28,18,32,88,23,8,35,28,32,36,64,8,192,72,21,254,585,1704,2039,3,1018560,37,624,496,155,240,360,84,9,8,28,20,32,96,23,8,206,28,32,36,80,8,192,96,21,254,612,1800,2534,4,779104,37,632,496,182,264,400,92,9,8,28,22,48,104,23,8,97379,28,32,36,96,8,192,120,20,254,635,1800,3122,15,11,17,2
1,56208,37,624,496,155,240,360,84,9,8,28,20,32,96,23,8,7015,28,32,36,80,8,192,96,21,254,603,1752,2358,2,48,37,616,496,150,216,368,84,9,8,28,18,32,88,23,8,29,28,32,36,64,8,192,72,21,254,585,1704,2039,3,186752,37,632,496,162,264,368,84,9,8,28,22,32,104,23,8,108,28,32,36,96,8,192,120,21,254,632,1824,2743,4,738800,37,632,496,182,264,400,92,9,8,28,22,48,104,23,8,92339,28,32,36,96,8,192,120,20,254,635,1800,3122,6,1,15,3
1,34192,37,624,496,155,240,360,84,9,8,28,20,32,96,23,8,4264,28,32,36,80,8,192,96,21,254,603,1752,2358,2,48,37,616,496,150,216,368,84,9,8,28,18,32,88,23,8,31,28,32,36,64,8,192,72,21,254,585,1704,2039,3,1140672,37,624,496,155,240,360,84,9,8,28,20,32,96,23,8,218,28,32,36,80,8,192,96,21,254,612,1800,2534,4,699040,37,632,496,182,264,400,92,9,8,28,22,48,104,23,8,87369,28,32,36,96,8,192,120,20,254,635,1800,3122,6,1,15,3
1,63040,37,624,496,155,240,360,84,9,8,28,20,32,96,23,8,7870,28,32,36,80,8,192,96,21,254,603,1752,2358,2,48,37,616,496,150,216,368,84,9,8,28,18,32,88,23,8,35,28,32,36,64,8,192,72,21,254,585,1704,2039,3,384520,37,632,496,162,264,368,84,9,8,28,22,32,104,23,8,155,28,32,36,96,8,192,120,21,254,632,1824,2743,4,64,37,640,496,189,288,400,92,9,8,28,24,48,112,23,8,21349,28,32,36,112,8,192,144,20,254,655,1824,3227,6,1,15,3
1,72768,37,624,496,155,240,360,84,9,8,28,20,32,96,23,8,9085,28,32,36,80,8,192,96,21,254,603,1752,2358,2,48,37,616,496,150,216,368,84,9,8,28,18,32,88,23,8,34,28,32,36,64,8,192,72,21,254,585,1704,2039,3,653512,37,624,496,155,240,360,84,9,8,28,20,32,96,23,8,165,28,32,36,80,8,192,96,21,254,612,1800,2630,4,719984,37,632,496,182,264,400,92,9,8,28,22,48,104,23,8,89988,28,32,36,96,8,192,120,20,254,635,1800,3122,-11,8,-1,18
1,64,37,632,496,162,264,360,84,9,8,28,22,32,104,23,8,4264,28,32,36,96,8,192,120,21,254,623,1776,2431,2,48,37,616,496,150,216,368,84,9,8,28,18,32,88,23,8,31,28,32,36,64,8,192,72,21,254,585,1704,2039,3,760512,37,632,496,162,264,368,84,9,8,28,22,32,104,23,8,218,28,32,36,96,8,192,120,21,254,632,1824,2695,4,64,37,640,496,189,288,400,92,9,8,28,24,48,112,23,8,87369,28,32,36,112,8,192,144,20,254,655,1824,3227,6,1,15,3
1,41136,37,624,496,155,240,360,84,9,8,28,20,32,96,23,8,5133,28,32,36,80,8,192,96,21,254,603,1752,2358,2,48,37,616,496,150,216,368,84,9,8,28,18,32,88,23,8,34,28,32,36,64,8,192,72,21,254,585,1704,2039,3,254144,37,632,496,162,264,368,84,9,8,28,22,32,104,23,8,126,28,32,36,96,8,192,120,21,254,632,1824,2695,4,508752,37,632,496,182,264,400,92,9,8,28,22,48,104,23,8,63584,28,32,36,96,8,192,120,20,254,635,1800,3122,-2,17,-1,12
1,56192,37,624,496,155,240,360,84,9,8,28,20,32,96,23,8,7015,28,32,36,80,8,192,96,21,254,603,1752,2358,2,48,37,616,496,150,216,368,84,9,8,28,18,32,88,23,8,29,28,32,36,64,8,192,72,21,254,585,1704,2039,3,280032,37,624,496,155,240,360,84,9,8,28,20,32,96,23,8,108,28,32,36,80,8,192,96,21,254,612,1800,2630,4,64,37,640,496,189,288,400,92,9,8,28,24,48,112,23,8,92339,28,32,36,112,8,192,144,20,254,655,1824,3227,6,1,15,3
1,64,37,632,496,162,264,360,84,9,8,28,22,32,104,23,8,9489,28,32,36,96,8,192,120,21,254,623,1776,2431,2,48,37,616,496,150,216,368,84,9,8,28,18,32,88,23,8,33,28,32,36,64,8,192,72,21,254,585,1704,2039,3,345696,37,624,496,155,240,360,84,9,8,28,20,32,96,23,8,120,28,32,36,80,8,192,96,21,254,612,1800,2566,4,64,37,640,496,189,288,400,92,9,8,28,24,48,112,23,8,26686,28,32,36,112,8,192,144,20,254,655,1824,3227,6,1,15,3
1,64,37,632,496,162,264,360,84,9,8,28,22,32,104,23,8,8829,28,32,36,96,8,192,120,21,254,623,1776,2431,2,48,37,616,496,150,216,368,84,9,8,28,18,32,88,23,8,35,28,32,36,64,8,192,72,21,254,585,1704,2039,3,1524192,37,624,496,155,240,360,84,9,8,28,20,32,96,23,8,252,28,32,36,80,8,192,96,21,254,612,1800,2582,4,345936,37,632,496,182,264,400,92,9,8,28,22,48,104,23,8,43234,28,32,36,96,8,192,120,20,254,635,1800,3122,6,1,15,3
1,64,37,632,496,162,264,360,84,9,8,28,22,32,104,23,8,6947,28,32,36,96,8,192,120,21,254,623,1776,2431,2,48,37,616,496,150,216,368,84,9,8,28,18,32,88,23,8,34,28,32,36,64,8,192,72,21,254,585,1704,2039,3,786376,37,624,496,155,240,360,84,9,8,28,20,32,96,23,8,181,28,32,36,80,8,192,96,21,254,612,1800,2534,4,64,37,640,496,189,288,400,92,9,8,28,24,48,112,23,8,77398,28,32,36,112,8,192,144,20,254,655,1824,3227,14,15,2,-13
1,64,37,632,496,162,264,360,84,9,8,28,22,32,104,23,8,3176,28,32,36,96,8,192,120,21,254,623,1776,2431,2,48,37,616,496,150,216,368,84,9,8,28,18,32,88,23,8,32,28,32,36,64,8,192,72,21,254,585,1704,2039,3,1476192,37,624,496,155,240,360,84,9,8,28,20,32,96,23,8,248,28,32,36,80,8,192,96,21,254,612,1800,2582,4,554864,37,632,496,182,264,400,92,9,8,28,22,48,104,23,8,69347,28,32,36,96,8,192,120,20,254,635,1800,3122,-11,8,-1,18
1,77712,37,624,496,155,240,360,84,9,8,28,20,32,96,23,8,9705,28,32,36,80,8,192,96,21,254,603,1752,2358,2,48,37,616,496,150,216,368,84,9,8,28,18,32,88,23,8,31,28,32,36,64,8,192,72,21,254,585,1704,2039,3,1018560,37,624,496,155,240,360,84,9,8,28,20,32,96,23,8,206,28,32,36,80,8,192,96,21,254,612,1800,2534,4,796464,37,632,496,182,264,400,92,9,8,28,22,48,104,23,8,99547,28,32,36,96,8,192,120,20,254,635,1800,3122,-11,8,-1,18
1,64,37,632,496,162,264,360,84,9,8,28,22,32,104,23,8,5405,28,32,36,96,8,192,120,21,254,623,1776,2431,2,48,37,616,496,150,216,368,84,9,8,28,18,32,88,23,8,33,28,32,36,64,8,192,72,21,254,585,1704,2039,3,1056904,37,632,496,162,264,368,84,9,8,28,22,32,104,23,8,257,28,32,36,96,8,192,120,21,254,632,1824,2711,4,372736,37,632,496,182,264,400,92,9,8,28,22,48,104,23,8,46582,28,32,36,96,8,192,120,20,254,635,1800,3122,19,-7,-15,19
1,31856,37,624,496,155,240,360,84,9,8,28,20,32,96,23,8,3972,28,32,36,80,8,192,96,21,254,603,1752,2358,2,48,37,616,496,150,216,368,84,9,8,28,18,32,88,23,8,34,28,32,36,64,8,192,72,21,254,585,1704,2039,3,653512,37,624,496,155,240,360,84,9,8,28,20,32,96,23,8,165,28,32,36,80,8,192,96,21,254,612,1800,2630,4,658464,37,632,496,182,264,400,92,9,8,28,22,48,104,23,8,82298,28,32,36,96,8,192,120,20,254,635,1800,3122,-2,17,-1,12
1,64,37,632,496,162,264,360,84,9,8,28,22,32,104,23,8,5438,28,32,36,96,8,192,120,21,254,623,1776,2431,2,48,37,616,496,150,216,368,84,9,8,28,18,32,88,23,8,33,28,32,36,64,8,192,72,21,254,585,1704,2039,3,1672800,37,624,496,155,240,360,84,9,8,28,20,32,96,23,8,264,28,32,36,80,8,192,96,21,254,612,1800,2582,4,484864,37,632,496,182,264,400,92,9,8,28,22,48,104,23,8,60599,28,32,36,96,8,192,120,20,254,635,1800,3122,19,-7,-15,19
1,29648,37,624,496,155,240,360,84,9,8,28,20,32,96,23,8,3697,28,32,36,80,8,192,96,21,254,603,1752,2358,2,48,37,616,496,150,216,368,84,9,8,28,18,32,88,23,8,35,28,32,36,64,8,192,72,21,254,585,1704,2039,3,645600,37,624,496,155,240,360,84,9,8,28,20,32,96,23,8,164,28,32,36,80,8,192,96,21,254,612,1800,2630,4,538672,37,632,496,182,264,400,92,9,8,28,22,48,104,23,8,67323,28,32,36,96,8,192,120,20,254,635,1800,3122,6,1,15,3
1,64,37,632,496,162,264,360,84,9,8,28,22,32,104,23,8,5382,28,32,36,96,8,192,120,21,254,623,1776,2431,2,48,37,616,496,150,216,368,84,9,8,28,18,32,88,23,8,31,28,32,36,64,8,192,72,21,254,585,1704,2039,3,1618112,37,632,496,162,264,368,84,9,8,28,22,32,104,23,8,318,28,32,36,96,8,192,120,21,254,632,1824,2695,4,64,37,640,496,189,288,400,92,9,8,28,24,48,112,23,8,73964,28,32,36,112,8,192,144,20,254,655,1824,3227,19,-7,-15,19
1,64,37,632,496,162,264,360,84,9,8,28,22,32,104,23,8,5405,28,32,36,96,8,192,120,21,254,623,1776,2431,2,48,37,616,496,150,216,368,84,9,8,28,18,32,88,23,8,33,28,32,36,64,8,192,72,21,254,585,1704,2039,3,1585288,37,624,496,155,240,360,84,9,8,28,20,32,96,23,8,257,28,32,36,80,8,192,96,21,254,612,1800,2550,4,372736,37,632,496,182,264,400,92,9,8,28,22,48,104,23,8,46582,28,32,36,96,8,192,120,20,254,635,1800,3122,6,1,15,3
1,43120,37,624,496,155,240,360,84,9,8,28,20,32,96,23,8,5382,28,32,36,80,8,192,96,21,254,603,1752,2358,2,48,37,616,496,150,216,368,84,9,8,28,18,32,88,23,8,31,28,32,36,64,8,192,72,21,254,585,1704,2039,3,1618112,37,632,496,162,264,368,84,9,8,28,22,32,104,23,8,318,28,32,36,96,8,192,120,21,254,632,1824,2695,4,591792,37,632,496,182,264,400,92,9,8,28,22,48,104,23,8,73964,28,32,36,96,8,192,120,20,254,635,1800,3122,19,-7,-15,19
1,68064,37,624,496,155,240,360,84,9,8,28,20,32,96,23,8,8497,28,32,36,80,8,192,96,21,254,603,1752,2358,2,48,37,616,496,150,216,368,84,9,8,28,18,32,88,23,8,32,28,32,36,64,8,192,72,21,254,585,1704,2039,3,389504,37,632,496,162,264,368,84,9,8,28,22,32,104,23,8,156,28,32,36,96,8,192,120,21,254,632,1824,2695,4,444528,37,632,496,182,264,400,92,9,8,28,22,48,104,23,8,55556,28,32,36,96,8,192,120,20,254,635,1800,3122,6,1,15,3
1,64,37,632,496,162,264,360,84,9,8,28,22,32,104,23,8,3317,28,32,36,96,8,192,120,21,254,623,1776,2431,2,48,37,616,496,150,216,368,84,9,8,28,18,32,88,23,8,34,28,32,36,64,8,192,72,21,254,585,1704,2039,3,1500096,37,624,496,155,240,360,84,9,8,28,20,32,96,23,8,250,28,32,36,80,8,192,96,21,254,612,1800,2534,4,194272,37,632,496,182,264,400,92,9,8,28,22,48,104,23,8,24276,28,32,36,96,8,192,120,20,254,635,1800,3122,6,1,15,3
1,43136,37,624,496,155,240,360,84,9,8,28,20,32,96,23,8,5382,28,32,36,80,8,192,96,21,254,603,1752,2358,2,48,37,616,496,150,216,368,84,9,8,28,18,32,88,23,8,31,28,32,36,64,8,192,72,21,254,585,1704,2039,3,2427072,37,624,496,155,240,360,84,9,8,28,20,32,96,23,8,318,28,32,36,80,8,192,96,21,254,612,1800,2534,4,591792,37,632,496,182,264,400,92,9,8,28,22,48,104,23,8,73964,28,32,36,96,8,192,120,20,254,635,1800,3122,6,1,15,3
1,17696,37,624,496,155,240,360,84,9,8,28,20,32,96,23,8,2201,28,32,36,80,8,192,96,21,254,603,1752,2358,2,48,37,616,496,150,216,368,84,9,8,28,18,32,88,23,8,36,28,32,36,64,8,192,72,21,254,585,1704,2039,3,769096,37,624,496,155,240,360,84,9,8,28,20,32,96,23,8,179,28,32,36,80,8,192,96,21,254,612,1800,2534,4,588816,37,632,496,182,264,400,92,9,8,28,22,48,104,23,8,73592,28,32,36,96,8,192,120,20,254,635,1800,3122,14,15,2,-13
1,47232,37,624,496,155,240,360,84,9,8,28,20,32,96,23,8,5894,28,32,36,80,8,192,96,21,254,603,1752,2358,2,48,37,616,496,150,216,368,84,9,8,28,18,32,88,23,8,29,28,32,36,64,8,192,72,21,254,585,1704,2039,3,701896,37,624,496,155,240,360,84,9,8,28,20,32,96,23,8,171,28,32,36,80,8,192,96,21,254,612,1800,2678,4,64,37,640,496,189,288,400,92,9,8,28,24,48,112,23,8,52637,28,32,36,112,8,192,144,20,254,655,1824,3227,6,1,15,3
1,64,37,632,496,162,264,360,84,9,8,28,22,32,104,23,8,5148,28,32,36,96,8,192,120,21,254,623,1776,2431,2,48,37,616,496,150,216,368,84,9,8,28,18,32,88,23,8,36,28,32,36,64,8,192,72,21,254,585,1704,2039,3,1908672,37,624,496,155,240,360,84,9,8,28,20,32,96,23,8,282,28,32,36,80,8,192,96,21,254,612,1800,2534,4,64,37,640,496,189,288,400,92,9,8,28,24,48,112,23,8,92750,28,32,36,112,8,192,144,20,254,655,1824,3227,14,15,2,-13
1,43584,37,624,496,155,240,360,84,9,8,28,20,32,96,23,8,5438,28,32,36,80,8,192,96,21,254,603,1752,2358,2,48,37,616,496,150,216,368,84,9,8,28,18,32,88,23,8,33,28,32,36,64,8,192,72,21,254,585,1704,2039,3,1115264,37,632,496,162,264,368,84,9,8,28,22,32,104,23,8,264,28,32,36,96,8,192,120,21,254,632,1824,2727,4,484880,37,632,496,182,264,400,92,9,8,28,22,48,104,23,8,60599,28,32,36,96,8,192,120,20,254,635,1800,3122,19,-7,-15,19
1,64,37,632,496,162,264,360,84,9,8,28,22,32,104,23,8,5148,28,32,36,96,8,192,120,21,254,623,1776,2431,2,48,37,616,496,150,216,368,84,9,8,28,18,32,88,23,8,36,28,32,36,64,8,192,72,21,254,585,1704,2039,3,1908672,37,624,496,155,240,360,84,9,8,28,20,32,96,23,8,282,28,32,36,80,8,192,96,21,254,612,1800,2534,4,742080,37,632,496,182,264,400,92,9,8,28,22,48,104,23,8,92750,28,32,36,96,8,192,120,20,254,635,1800,3122,14,15,2,-13
1,41664,37,624,496,155,240,360,84,9,8,28,20,32,96,23,8,5200,28,32,36,80,8,192,96,21,254,603,1752,2358,2,48,37,616,496,150,216,368,84,9,8,28,18,32,88,23,8,32,28,32,36,64,8,192,72,21,254,585,1704,2039,3,518728,37,624,496,155,240,360,84,9,8,28,20,32,96,23,8,147,28,32,36,80,8,192,96,21,254,612,1800,2646,4,723936,37,632,496,182,264,400,92,9,8,28,22,48,104,23,8,90483,28,32,36,96,8,192,120,20,254,635,1800,3122,6,1,15,3
1,64,37,632,496,162,264,360,84,9,8,28,22,32,104,23,8,9085,28,32,36,96,8,192,120,21,254,623,1776,2431,2,48,37,616,496,150,216,368,84,9,8,28,18,32,88,23,8,34,28,32,36,64,8,192,72,21,254,585,1704,2039,3,653512,37,624,496,155,240,360,84,9,8,28,20,32,96,23,8,165,28,32,36,80,8,192,96,21,254,612,1800,2630,4,64,37,640,496,189,288,400,92,9,8,28,24,48,112,23,8,89988,28,32,36,112,8,192,144,20,254,655,1824,3227,6,1,15,3
1,64,37,632,496,162,264,360,84,9,8,28,22,32,104,23,8,2318,28,32,36,96,8,192,120,21,254,623,1776,2431,2,48,37,616,496,150,216,368,84,9,8,28,18,32,88,23,8,34,28,32,36,64,8,192,72,21,254,585,1704,2039,3,821512,37,624,496,155,240,360,84,9,8,28,20,32,96,23,8,185,28,32,36,80,8,192,96,21,254,612,1800,2678,4,64,37,640,496,189,288,400,92,9,8,28,24,48,112,23,8,43523,28,32,36,112,8,192,144,20,254,655,1824,3227,-2,17,-1,12
1,64,37,632,496,162,264,360,84,9,8,28,22,32,104,23,8,2798,28,32,36,96,8,192,120,21,254,623,1776,2431,2,48,37,616,496,150,216,368,84,9,8,28,18,32,88,23,8,35,28,32,36,64,8,192,72,21,254,585,1704,2039,3,891264,37,632,496,162,264,368,84,9,8,28,22,32,104,23,8,236,28,32,36,96,8,192,120,21,254,632,1824,2695,4,196528,37,632,496,182,264,400,92,9,8,28,22,48,104,23,8,24555,28,32,36,96,8,192,120,20,254,635,1800,3122,6,1,15,3
1,64,37,632,496,162,264,360,84,9,8,28,22,32,104,23,8,5355,28,32,36,96,8,192,120,21,254,623,1776,2431,2,48,37,616,496,150,216,368,84,9,8,28,18,32,88,23,8,33,28,32,36,64,8,192,72,21,254,585,1704,2039,3,1788808,37,624,496,155,240,360,84,9,8,28,20,32,96,23,8,273,28,32,36,80,8,192,96,21,254,612,1800,2534,4,383952,37,632,496,182,264,400,92,9,8,28,22,48,104,23,8,47984,28,32,36,96,8,192,120,20,254,635,1800,3122,6,1,15,3
1,64,37,632,496,162,264,360,84,9,8,28,22,32,104,23,8,5894,28,32,36,96,8,192,120,21,254,623,1776,2431,2,48,37,616,496,150,216,368,84,9,8,28,18,32,88,23,8,29,28,32,36,64,8,192,72,21,254,585,1704,2039,3,467976,37,632,496,162,264,368,84,9,8,28,22,32,104,23,8,171,28,32,36,96,8,192,120,21,254,632,1824,2775,4,64,37,640,496,189,288,400,92,9,8,28,24,48,112,23,8,52637,28,32,36,112,8,192,144,20,254,655,1824,3227,6,1,15,3
1,64,37,632,496,162,264,360,84,9,8,28,22,32,104,23,8,9982,28,32,36,96,8,192,120,21,254,623,1776,2431,2,48,37,616,496,150,216,368,84,9,8,28,18,32,88,23,8,36,28,32,36,64,8,192,72,21,254,585,1704,2039,3,1622496,37,624,496,155,240,360,84,9,8,28,20,32,96,23,8,260,28,32,36,80,8,192,96,21,254,612,1800,2582,4,655136,37,632,496,182,264,400,92,9,8,28,22,48,104,23,8,81881,28,32,36,96,8,192,120,20,254,635,1800,3122,6,1,15,3
1,64,37,632,496,162,264,360,84,9,8,28,22,32,104,23,8,3088,28,32,36,96,8,192,120,21,254,623,1776,2431,2,48,37,616,496,150,216,368,84,9,8,28,18,32,88,23,8,34,28,32,36,64,8,192,72,21,254,585,1704,2039,3,589952,37,632,496,162,264,368,84,9,8,28,22,32,104,23,8,192,28,32,36,96,8,192,120,21,254,632,1824,2711,4,122544,37,632,496,182,264,400,92,9,8,28,22,48,104,23,8,15307,28,32,36,96,8,192,120,20,254,635,1800,3122,-2,17,-1,12
1,62048,37,624,496,155,240,360,84,9,8,28,20,32,96,23,8,7745,28,32,36,80,8,192,96,21,254,603,1752,2358,2,48,37,616,496,150,216,368,84,9,8,28,18,32,88,23,8,29,28,32,36,64,8,192,72,21,254,585,1704,2039,3,309256,37,632,496,162,264,368,84,9,8,28,22,32,104,23,8,139,28,32,36,96,8,192,120,21,254,632,1824,2695,4,738320,37,632,496,182,264,400,92,9,8,28,22,48,104,23,8,92279,28,32,36,96,8,192,120,20,254,635,1800,3122,6,1,15,3
1,65680,37,624,496,155,240,360,84,9,8,28,20,32,96,23,8,8200,28,32,36,80,8,192,96,21,254,603,1752,2358,2,48,37,616,496,150,216,368,84,9,8,28,18,32,88,23,8,35,28,32,36,64,8,192,72,21,254,585,1704,2039,3,1018560,37,624,496,155,240,360,84,9,8,28,20,32,96,23,8,206,28,32,36,80,8,192,96,21,254,612,1800,2534,4,779104,37,632,496,182,264,400,92,9,8,28,22,48,104,23,8,97379,28,32,36,96,8,192,120,20,254,635,1800,3122,15,11,17,2
1,39248,37,624,496,155,240,360,84,9,8,28,20,32,96,23,8,4896,28,32,36,80,8,192,96,21,254,603,1752,2358,2,48,37,616,496,150,216,368,84,9,8,28,18,32,88,23,8,36,28,32,36,64,8,192,72,21,254,585,1704,2039,3,891264,37,632,496,162,264,368,84,9,8,28,22,32,104,23,8,236,28,32,36,96,8,192,120,21,254,632,1824,2695,4,641424,37,632,496,182,264,400,92,9,8,28,22,48,104,23,8,80170,28,32,36,96,8,192,120,20,254,635,1800,3122,6,1,15,3
1,64,37,632,496,162,264,360,84,9,8,28,22,32,104,23,8,9367,28,32,36,96,8,192,120,21,254,623,1776,2431,2,48,37,616,496,150,216,368,84,9,8,28,18,32,88,23,8,33,28,32,36,64,8,192,72,21,254,585,1704,2039,3,861312,37,632,496,162,264,368,84,9,8,28,22,32,104,23,8,232,28,32,36,96,8,192,120,21,254,632,1824,2695,4,358160,37,632,496,182,264,400,92,9,8,28,22,48,104,23,8,44760,28,32,36,96,8,192,120,20,254,635,1800,3122,6,1,15,3
1,36960,37,624,496,155,240,360,84,9,8,28,20,32,96,23,8,4612,28,32,36,80,8,192,96,21,254,603,1752,2358,2,48,37,616,496,150,216,368,84,9,8,28,18,32,88,23,8,31,28,32,36,64,8,192,72,21,254,585,1704,2039,3,1149312,37,632,496,162,264,368,84,9,8,28,22,32,104,23,8,268,28,32,36,96,8,192,120,21,254,632,1824,2695,4,727184,37,632,496,182,264,400,92,9,8,28,22,48,104,23,8,90888,28,32,36,96,8,192,120,20,254,635,1800,3122,6,1,15,3
1,64,37,632,496,162,264,360,84,9,8,28,22,32,104,23,8,3758,28,32,36,96,8,192,120,21,254,623,1776,2431,2,48,37,616,496,150,216,368,84,9,8,28,18,32,88,23,8,35,28,32,36,64,8,192,72,21,254,585,1704,2039,3,1371016,37,624,496,155,240,360,84,9,8,28,20,32,96,23,8,239,28,32,36,80,8,192,96,21,254,612,1800,2534,4,102064,37,632,496,182,264,400,92,9,8,28,22,48,104,23,8,12748,28,32,36,96,8,192,120,20,254,635,1800,3122,6,1,15,3
1,17696,37,624,496,155,240,360,84,9,8,28,20,32,96,23,8,2201,28,32,36,80,8,192,96,21,254,603,1752,2358,2,48,37,616,496,150,216,368,84,9,8,28,18,32,88,23,8,36,28,32,36,64,8,192,72,21,254,585,1704,2039,3,769096,37,624,496,155,240,360,84,9,8,28,20,32,96,23,8,179,28,32,36,80,8,192,96,21,254,612,1800,2534,4,588800,37,632,496,182,264,400,92,9,8,28,22,48,104,23,8,73592,28,32,36,96,8,192,120,20,254,635,1800,3122,14,15,2,-13
1,64,37,632,496,162,264,360,84,9,8,28,22,32,104,23,8,2754,28,32,36,96,8,192,120,21,254,623,1776,2431,2,48,37,616,496,150,216,368,84,9,8,28,18,32,88,23,8,36,28,32,36,64,8,192,72,21,254,585,1704,2039,3,463816,37,624,496,155,240,360,84,9,8,28,20,32,96,23,8,139,28,32,36,80,8,192,96,21,254,612,1800,2534,4,64,37,640,496,189,288,400,92,9,8,28,24,48,112,23,8,85792,28,32,36,112,8,192,144,20,254,655,1824,3227,14,15,2,-13
1,64,37,632,496,162,264,360,84,9,8,28,22,32,104,23,8,7015,28,32,36,96,8,192,120,21,254,623,1776,2431,2,48,37,616,496,150,216,368,84,9,8,28,18,32,88,23,8,29,28,32,36,64,8,192,72,21,254,585,1704,2039,3,186752,37,632,496,162,264,368,84,9,8,28,22,32,104,23,8,108,28,32,36,96,8,192,120,21,254,632,1824,2743,4,64,37,640,496,189,288,400,92,9,8,28,24,48,112,23,8,92339,28,32,36,112,8,192,144,20,254,655,1824,3227,6,1,15,3
1,64,37,632,496,162,264,360,84,9,8,28,22,32,104,23,8,9910,28,32,36,96,8,192,120,21,254,623,1776,2431,2,48,37,616,496,150,216,368,84,9,8,28,18,32,88,23,8,32,28,32,36,64,8,192,72,21,254,585,1704,2039,3,1227784,37,632,496,162,264,368,84,9,8,28,22,32,104,23,8,277,28,32,36,96,8,192,120,21,254,632,1824,2695,4,777344,37,632,496,182,264,400,92,9,8,28,22,48,104,23,8,97158,28,32,36,96,8,192,120,20,254,635,1800,3122,6,1,15,3
1,26608,37,624,496,155,240,360,84,9,8,28,20,32,96,23,8,3317,28,32,36,80,8,192,96,21,254,603,1752,2358,2,48,37,616,496,150,216,368,84,9,8,28,18,32,88,23,8,34,28,32,36,64,8,192,72,21,254,585,1704,2039,3,1500096,37,624,496,155,240,360,84,9,8,28,20,32,96,23,8,250,28,32,36,80,8,192,96,21,254,612,1800,2534,4,64,37,640,496,189,288,400,92,9,8,28,24,48,112,23,8,24276,28,32,36,112,8,192,144,20,254,655,1824,3227,6,1,15,3
1,75024,37,624,496,155,240,360,84,9,8,28,20,32,96,23,8,9367,28,32,36,80,8,192,96,21,254,603,1752,2358,2,48,37,616,496,150,216,368,84,9,8,28,18,32,88,23,8,33,28,32,36,64,8,192,72,21,254,585,1704,2039,3,861312,37,632,496,162,264,368,84,9,8,28,22,32,104,23,8,232,28,32,36,96,8,192,120,21,254,632,1824,2695,4,358160,37,632,496,182,264,400,92,9,8,28,22,48,104,23,8,44760,28,32,36,96,8,192,120,20,254,635,1800,3122,-11,8,-1,18
1,30144,37,624,496,155,240,360,84,9,8,28,20,32,96,23,8,3758,28,32,36,80,8,192,96,21,254,603,1752,2358,2,48,37,616,496,150,216,368,84,9,8,28,18,32,88,23,8,35,28,32,36,64,8,192,72,21,254,585,1704,2039,3,1371016,37,624,496,155,240,360,84,9,8,28,20,32,96,23,8,239,28,32,36,80,8,192,96,21,254,612,1800,2534,4,102064,37,632,496,182,264,400,92,9,8,28,22,48,104,23,8,12748,28,32,36,96,8,192,120,20,254,635,1800,3122,6,1,15,3
1,64,37,632,496,162,264,360,84,9,8,28,22,32,104,23,8,3176,28,32,36,96,8,192,120,21,254,623,1776,2431,2,48,37,616,496,150,216,368,84,9,8,28,18,32,88,23,8,32,28,32,36,64,8,192,72,21,254,585,1704,2039,3,1476192,37,624,496,155,240,360,84,9,8,28,20,32,96,23,8,248,28,32,36,80,8,192,96,21,254,612,1800,2582,4,554848,37,632,496,182,264,400,92,9,8,28,22,48,104,23,8,69347,28,32,36,96,8,192,120,20,254,635,1800,3122,-11,8,-1,18
1,27152,37,624,496,155,240,360,84,9,8,28,20,32,96,23,8,3385,28,32,36,80,8,192,96,21,254,603,1752,2358,2,48,37,616,496,150,216,368,84,9,8,28,18,32,88,23,8,30,28,32,36,64,8,192,72,21,254,585,1704,2039,3,1236808,37,624,496,155,240,360,84,9,8,28,20,32,96,23,8,227,28,32,36,80,8,192,96,21,254,612,1800,2534,4,308112,37,632,496,182,264,400,92,9,8,28,22,48,104,23,8,38506,28,32,36,96,8,192,120,20,254,635,1800,3122,-2,17,-1,12
1,33744,37,624,496,155,240,360,84,9,8,28,20,32,96,23,8,4208,28,32,36,80,8,192,96,21,254,603,1752,2358,2,48,37,616,496,150,216,368,84,9,8,28,18,32,88,23,8,30,28,32,36,64,8,192,72,21,254,585,1704,2039,3,576712,37,624,496,155,240,360,84,9,8,28,20,32,96,23,8,155,28,32,36,80,8,192,96,21,254,612,1800,2630,4,64,37,640,496,189,288,400,92,9,8,28,24,48,112,23,8,82556,28,32,36,112,8,192,144,20,254,655,1824,3227,-2,17,-1,12
1,77808,37,624,496,155,240,360,84,9,8,28,20,32,96,23,8,9717,28,32,36,80,8,192,96,21,254,603,1752,2358,2,48,37,616,496,150,216,368,84,9,8,28,18,32,88,23,8,30,28,32,36,64,8,192,72,21,254,585,1704,2039,3,540096,37,624,496,155,240,360,84,9,8,28,20,32,96,23,8,150,28,32,36,80,8,192,96,21,254,612,1800,2534,4,64,37,640,496,189,288,400,92,9,8,28,24,48,112,23,8,12002,28,32,36,112,8,192,144,20,254,655,1824,3227,6,1,15,3
1,78048,37,624,496,155,240,360,84,9,8,28,20,32,96,23,8,9746,28,32,36,80,8,192,96,21,254,603,1752,2358,2,48,37,616,496,150,216,368,84,9,8,28,18,32,88,23,8,30,28,32,36,64,8,192,72,21,254,585,1704,2039,3,1788808,37,624,496,155,240,360,84,9,8,28,20,32,96,23,8,273,28,32,36,80,8,192,96,21,254,612,1800,2534,4,394032,37,632,496,182,264,400,92,9,8,28,22,48,104,23,8,49243,28,32,36,96,8,192,120,20,254,635,1800,3122,-10,3,-10,-7
1,39040,37,624,496,155,240,360,84,9,8,28,20,32,96,23,8,4872,28,32,36,80,8,192,96,21,254,603,1752,2358,2,48,37,616,496,150,216,368,84,9,8,28,18,32,88,23,8,31,28,32,36,64,8,192,72,21,254,585,1704,2039,3,1868296,37,624,496,155,240,360,84,9,8,28,20,32,96,23,8,279,28,32,36,80,8,192,96,21,254,612,1800,2630,4,593248,37,632,496,182,264,400,92,9,8,28,22,48,104,23,8,74146,28,32,36,96,8,192,120,20,254,635,1800,3122,6,1,15,3
1,64,37,632,496,162,264,360,84,9,8,28,22,32,104,23,8,1669,28,32,36,96,8,192,120,21,254,623,1776,2431,2,48,37,616,496,150,216,368,84,9,8,28,18,32,88,23,8,34,28,32,36,64,8,192,72,21,254,585,1704,2039,3,1225920,37,624,496,155,240,360,84,9,8,28,20,32,96,23,8,226,28,32,36,80,8,192,96,21,254,612,1800,2534,4,213984,37,632,496,182,264,400,92,9,8,28,22,48,104,23,8,26739,28,32,36,96,8,192,120,20,254,635,1800,3122,-2,17,-1,12
1,57104,37,624,496,155,240,360,84,9,8,28,20,32,96,23,8,7129,28,32,36,80,8,192,96,21,254,603,1752,2358,2,48,37,616,496,150,216,368,84,9,8,28,18,32,88,23,8,31,28,32,36,64,8,192,72,21,254,585,1704,2039,3,824584,37,632,496,162,264,368,84,9,8,28,22,32,104,23,8,227,28,32,36,96,8,192,120,21,254,632,1824,2695,4,64,37,640,496,189,288,400,92,9,8,28,24,48,112,23,8,62603,28,32,36,112,8,192,144,20,254,655,1824,3227,-11,8,-1,18
1,26592,37,624,496,155,240,360,84,9,8,28,20,32,96,23,8,3314,28,32,36,80,8,192,96,21,254,603,1752,2358,2,48,37,616,496,150,216,368,84,9,8,28,18,32,88,23,8,31,28,32,36,64,8,192,72,21,254,585,1704,2039,3,906432,37,632,496,162,264,368,84,9,8,28,22,32,104,23,8,238,28,32,36,96,8,192,120,21,254,632,1824,2695,4,612576,37,632,496,182,264,400,92,9,8,28,22,48,104,23,8,76564,28,32,36,96,8,192,120,20,254,635,1800,3122,6,1,15,3
1,56576,37,624,496,155,240,360,84,9,8,28,20,32,96,23,8,7064,28,32,36,80,8,192,96,21,254,603,1752,2358,2,48,37,616,496,150,216,368,84,9,8,28,18,32,88,23,8,33,28,32,36,64,8,192,72,21,254,585,1704,2039,3,457152,37,624,496,155,240,360,84,9,8,28,20,32,96,23,8,138,28,32,36,80,8,192,96,21,254,612,1800,2534,4,629408,37,632,496,182,264,400,92,9,8,28,22,48,104,23,8,78665,28,32,36,96,8,192,120,20,254,635,1800,3122,6,1,15,3
1,31856,37,624,496,155,240,360,84,9,8,28,20,32,96,23,8,3972,28,32,36,80,8,192,96,21,254,603,1752,2358,2,48,37,616,496,150,216,368,84,9,8,28,18,32,88,23,8,34,28,32,36,64,8,192,72,21,254,585,1704,2039,3,435720,37,632,496,162,264,368,84,9,8,28,22,32,104,23,8,165,28,32,36,96,8,192,120,21,254,632,1824,2743,4,64,37,640,496,189,288,400,92,9,8,28,24,48,112,23,8,82298,28,32,36,112,8,192,144,20,254,655,1824,3227,-2,17,-1,12
1,64,37,632,496,162,264,360,84,9,8,28,22,32,104,23,8,5630,28,32,36,96,8,192,120,21,254,623,1776,2431,2,48,37,616,496,150,216,368,84,9,8,28,18,32,88,23,8,30,28,32,36,64,8,192,72,21,254,585,1704,2039,3,1828320,37,624,496,155,240,360,84,9,8,28,20,32,96,23,8,276,28,32,36,80,8,192,96,21,254,612,1800,2534,4,517200,37,632,496,182,264,400,92,9,8,28,22,48,104,23,8,64639,28,32,36,96,8,192,120,20,254,635,1800,3122,6,1,15,3
1,51472,37,624,496,155,240,360,84,9,8,28,20,32,96,23,8,6426,28,32,36,80,8,192,96,21,254,603,1752,2358,2,48,37,616,496,150,216,368,84,9,8,28,18,32,88,23,8,29,28,32,36,64,8,192,72,21,254,585,1704,2039,3,1359552,37,624,496,155,240,360,84,9,8,28,20,32,96,23,8,238,28,32,36,80,8,192,96,21,254,612,1800,2534,4,64,37,640,496,189,288,400,92,9,8,28,24,48,112,23,8,55118,28,32,36,112,8,192,144,20,254,655,1824,3227,6,1,15,3
1,78112,37,624,496,155,240,360,84,9,8,28,20,32,96,23,8,9754,28,32,36,80,8,192,96,21,254,603,1752,2358,2,48,37,616,496,150,216,368,84,9,8,28,18,32,88,23,8,29,28,32,36,64,8,192,72,21,254,585,1704,2039,3,803848,37,624,496,155,240,360,84,9,8,28,20,32,96,23,8,183,28,32,36,80,8,192,96,21,254,612,1800,2534,4,580816,37,632,496,182,264,400,92,9,8,28,22,48,104,23,8,72592,28,32,36,96,8,192,120,20,254,635,1800,3122,-10,3,-10,-7
1,46304,37,624,496,155,240,360,84,9,8,28,20,32,96,23,8,5779,28,32,36,80,8,192,96,21,254,603,1752,2358,2,48,37,616,496,150,216,368,84,9,8,28,18,32,88,23,8,29,28,32,36,64,8,192,72,21,254,585,1704,2039,3,2117128,37,624,496,155,240,360,84,9,8,28,20,32,96,23,8,297,28,32,36,80,8,192,96,21,254,612,1800,2630,4,556192,37,632,496,182,264,400,92,9,8,28,22,48,104,23,8,69513,28,32,36,96,8,192,120,20,254,635,1800,3122,19,-7,-15,19
1,72144,37,624,496,155,240,360,84,9,8,28,20,32,96,23,8,9010,28,32,36,80,8,192,96,21,254,603,1752,2358,2,48,37,616,496,150,216,368,84,9,8,28,18,32,88,23,8,35,28,32,36,64,8,192,72,21,254,585,1704,2039,3,511680,37,624,496,155,240,360,84,9,8,28,20,32,96,23,8,146,28,32,36,80,8,192,96,21,254,612,1800,2630,4,510032,37,632,496,182,264,400,92,9,8,28,22,48,104,23,8,63743,28,32,36,96,8,192,120,20,254,635,1800,3122,6,1,15,3
1,64,37,632,496,162,264,360,84,9,8,28,22,32,104,23,8,3558,28,32,36,96,8,192,120,21,254,623,1776,2431,2,48,37,616,496,150,216,368,84,9,8,28,18,32,88,23,8,35,28,32,36,64,8,192,72,21,254,585,1704,2039,3,848352,37,624,496,155,240,360,84,9,8,28,20,32,96,23,8,188,28,32,36,80,8,192,96,21,254,612,1800,2534,4,688320,37,632,496,182,264,400,92,9,8,28,22,48,104,23,8,86032,28,32,36,96,8,192,120,20,254,635,1800,3122,14,15,2,-13
1,52048,37,624,496,155,240,360,84,9,8,28,20,32,96,23,8,6496,28,32,36,80,8,192,96,21,254,603,1752,2358,2,48,37,616,496,150,216,368,84,9,8,28,18,32,88,23,8,32,28,32,36,64,8,192,72,21,254,585,1704,2039,3,602304,37,632,496,162,264,368,84,9,8,28,22,32,104,23,8,194,28,32,36,96,8,192,120,21,254,632,1824,2695,4,64,37,640,496,189,288,400,92,9,8,28,24,48,112,23,8,70591,28,32,36,112,8,192,144,20,254,655,1824,3227,6,1,15,3
1,53824,37,624,496,155,240,360,84,9,8,28,20,32,96,23,8,6717,28,32,36,80,8,192,96,21,254,603,1752,2358,2,48,37,616,496,150,216,368,84,9,8,28,18,32,88,23,8,34,28,32,36,64,8,192,72,21,254,585,1704,2039,3,1672800,37,624,496,155,240,360,84,9,8,28,20,32,96,23,8,264,28,32,36,80,8,192,96,21,254,612,1800,2582,4,187584,37,632,496,182,264,400,92,9,8,28,22,48,104,23,8,23439,28,32,36,96,8,192,120,20,254,635,1800,3122,14,15,2,-13
1,64,37,632,496,162,264,360,84,9,8,28,22,32,104,23,8,7096,28,32,36,96,8,192,120,21,254,623,1776,2431,2,48,37,616,496,150,216,368,84,9,8,28,18,32,88,23,8,34,28,32,36,64,8,192,72,21,254,585,1704,2039,3,921728,37,632,496,162,264,368,84,9,8,28,22,32,104,23,8,240,28,32,36,96,8,192,120,21,254,632,1824,2727,4,232256,37,632,496,182,264,400,92,9,8,28,22,48,104,23,8,29024,28,32,36,96,8,192,120,20,254,635,1800,3122,14,15,2,-13
1,72752,37,624,496,155,240,360,84,9,8,28,20,32,96,23,8,9085,28,32,36,80,8,192,96,21,254,603,1752,2358,2,48,37,616,496,150,216,368,84,9,8,28,18,32,88,23,8,34,28,32,36,64,8,192,72,21,254,585,1704,2039,3,653512,37,624,496,155,240,360,84,9,8,28,20,32,96,23,8,165,28,32,36,80,8,192,96,21,254,612,1800,2630,4,719984,37,632,496,182,264,400,92,9,8,28,22,48,104,23,8,89988,28,32,36,96,8,192,120,20,254,635,1800,3122,-11,8,-1,18
1,64,37,632,496,162,264,360,84,9,8,28,22,32,104,23,8,2942,28,32,36,96,8,192,120,21,254,623,1776,2431,2,48,37,616,496,150,216,368,84,9,8,28,18,32,88,23,8,30,28,32,36,64,8,192,72,21,254,585,1704,2039,3,2232712,37,624,496,155,240,360,84,9,8,28,20,32,96,23,8,305,28,32,36,80,8,192,96,21,254,612,1800,2534,4,310832,37,632,496,182,264,400,92,9,8,28,22,48,104,23,8,38843,28,32,36,96,8,192,120,20,254,635,1800,3122,6,1,15,3
1,64,37,632,496,162,264,360,84,9,8,28,22,32,104,23,8,9010,28,32,36,96,8,192,120,21,254,623,1776,2431,2,48,37,616,496,150,216,368,84,9,8,28,18,32,88,23,8,35,28,32,36,64,8,192,72,21,254,585,1704,2039,3,511680,37,624,496,155,240,360,84,9,8,28,20,32,96,23,8,146,28,32,36,80,8,192,96,21,254,612,1800,2630,4,64,37,640,496,189,288,400,92,9,8,28,24,48,112,23,8,63743,28,32,36,112,8,192,144,20,254,655,1824,3227,6,1,15,3
1,38576,37,624,496,155,240,360,84,9,8,28,20,32,96,23,8,4812,28,32,36,80,8,192,96,21,254,603,1752,2358,2,48,37,616,496,150,216,368,84,9,8,28,18,32,88,23,8,31,28,32,36,64,8,192,72,21,254,585,1704,2039,3,627392,37,632,496,162,264,368,84,9,8,28,22,32,104,23,8,198,28,32,36,96,8,192,120,21,254,632,1824,2695,4,254256,37,632,496,182,264,400,92,9,8,28,22,48,104,23,8,31771,28,32,36,96,8,192,120,20,254,635,1800,3122,6,1,15,3
1,47328,37,624,496,155,240,360,84,9,8,28,20,32,96,23,8,5908,28,32,36,80,8,192,96,21,254,603,1752,2358,2,48,37,616,496,150,216,368,84,9,8,28,18,32,88,23,8,32,28,32,36,64,8,192,72,21,254,585,1704,2039,3,411976,37,624,496,155,240,360,84,9,8,28,20,32,96,23,8,131,28,32,36,80,8,192,96,21,254,612,1800,2598,4,64,37,640,496,189,288,400,92,9,8,28,24,48,112,23,8,45912,28,32,36,112,8,192,144,20,254,655,1824,3227,6,1,15,3
1,46000,37,624,496,155,240,360,84,9,8,28,20,32,96,23,8,5739,28,32,36,80,8,192,96,21,254,603,1752,2358,2,48,37,616,496,150,216,368,84,9,8,28,18,32,88,23,8,33,28,32,36,64,8,192,72,21,254,585,1704,2039,3,569280,37,624,496,155,240,360,84,9,8,28,20,32,96,23,8,154,28,32,36,80,8,192,96,21,254,612,1800,2534,4,324400,37,632,496,182,264,400,92,9,8,28,22,48,104,23,8,40542,28,32,36,96,8,192,120,20,254,635,1800,3122,6,1,15,3
1,13856,37,624,496,155,240,360,84,9,8,28,20,32,96,23,8,1722,28,32,36,80,8,192,96,21,254,603,1752,2358,2,48,37,616,496,150,216,368,84,9,8,28,18,32,88,23,8,30,28,32,36,64,8,192,72,21,254,585,1704,2039,3,1405632,37,624,496,155,240,360,84,9,8,28,20,32,96,23,8,242,28,32,36,80,8,192,96,21,254,612,1800,2534,4,488160,37,632,496,182,264,400,92,9,8,28,22,48,104,23,8,61012,28,32,36,96,8,192,120,20,254,635,1800,3122,-2,17,-1,12
1,53808,37,624,496,155,240,360,84,9,8,28,20,32,96,23,8,6717,28,32,36,80,8,192,96,21,254,603,1752,2358,2,48,37,616,496,150,216,368,84,9,8,28,18,32,88,23,8,34,28,32,36,64,8,192,72,21,254,585,1704,2039,3,1672800,37,624,496,155,240,360,84,9,8,28,20,32,96,23,8,264,28,32,36,80,8,192,96,21,254,612,1800,2582,4,187600,37,632,496,182,264,400,92,9,8,28,22,48,104,23,8,23439,28,32,36,96,8,192,120,20,254,635,1800,3122,14,15,2,-13
1,38016,37,624,496,155,240,360,84,9,8,28,20,32,96,23,8,4741,28,32,36,80,8,192,96,21,254,603,1752,2358,2,48,37,616,496,150,216,368,84,9,8,28,18,32,88,23,8,29,28,32,36,64,8,192,72,21,254,585,1704,2039,3,291720,37,632,496,162,264,368,84,9,8,28,22,32,104,23,8,135,28,32,36,96,8,192,120,21,254,632,1824,2743,4,234816,37,632,496,182,264,400,92,9,8,28,22,48,104,23,8,29344,28,32,36,96,8,192,120,20,254,635,1800,3122,6,1,15,3
1,41264,37,624,496,155,240,360,84,9,8,28,20,32,96,23,8,5148,28,32,36,80,8,192,96,21,254,603,1752,2358,2,48,37,616,496,150,216,368,84,9,8,28,18,32,88,23,8,36,28,32,36,64,8,192,72,21,254,585,1704,2039,3,1272512,37,632,496,162,264,368,84,9,8,28,22,32,104,23,8,282,28,32,36,96,8,192,120,21,254,632,1824,2695,4,742064,37,632,496,182,264,400,92,9,8,28,22,48,104,23,8,92750,28,32,36,96,8,192,120,20,254,635,1800,3122,6,1,15,3
1,42480,37,624,496,155,240,360,84,9,8,28,20,32,96,23,8,5301,28,32,36,80,8,192,96,21,254,603,1752,2358,2,48,37,616,496,150,216,368,84,9,8,28,18,32,88,23,8,31,28,32,36,64,8,192,72,21,254,585,1704,2039,3,1698240,37,624,496,155,240,360,84,9,8,28,20,32,96,23,8,266,28,32,36,80,8,192,96,21,254,612,1800,2534,4,64,37,640,496,189,288,400,92,9,8,28,24,48,112,23,8,66894,28,32,36,112,8,192,144,20,254,655,1824,3227,6,1,15,3
1,62032,37,624,496,155,240,360,84,9,8,28,20,32,96,23,8,7745,28,32,36,80,8,192,96,21,254,603,1752,2358,2,48,37,616,496,150,216,368,84,9,8,28,18,32,88,23,8,29,28,32,36,64,8,192,72,21,254,585,1704,2039,3,463816,37,624,496,155,240,360,84,9,8,28,20,32,96,23,8,139,28,32,36,80,8,192,96,21,254,612,1800,2534,4,64,37,640,496,189,288,400,92,9,8,28,24,48,112,23,8,92279,28,32,36,112,8,192,144,20,254,655,1824,3227,6,1,15,3
1,64,37,632,496,162,264,360,84,9,8,28,22,32,104,23,8,5908,28,32,36,96,8,192,120,21,254,623,1776,2431,2,48,37,616,496,150,216,368,84,9,8,28,18,32,88,23,8,32,28,32,36,64,8,192,72,21,254,585,1704,2039,3,411976,37,624,496,155,240,360,84,9,8,28,20,32,96,23,8,131,28,32,36,80,8,192,96,21,254,612,1800,2598,4,367376,37,632,496,182,264,400,92,9,8,28,22,48,104,23,8,45912,28,32,36,96,8,192,120,20,254,635,1800,3122,6,1,15,3
1,64,37,632,496,162,264,360,84,9,8,28,22,32,104,23,8,9367,28,32,36,96,8,192,120,21,254,623,1776,2431,2,48,37,616,496,150,216,368,84,9,8,28,18,32,88,23,8,33,28,32,36,64,8,192,72,21,254,585,1704,2039,3,1291872,37,624,496,155,240,360,84,9,8,28,20,32,96,23,8,232,28,32,36,80,8,192,96,21,254,612,1800,2534,4,64,37,640,496,189,288,400,92,9,8,28,24,48,112,23,8,44760,28,32,36,112,8,192,144,20,254,655,1824,3227,6,1,15,3
1,53808,37,624,496,155,240,360,84,9,8,28,20,32,96,23,8,6717,28,32,36,80,8,192,96,21,254,603,1752,2358,2,48,37,616,496,150,216,368,84,9,8,28,18,32,88,23,8,34,28,32,36,64,8,192,72,21,254,585,1704,2039,3,1115264,37,632,496,162,264,368,84,9,8,28,22,32,104,23,8,264,28,32,36,96,8,192,120,21,254,632,1824,2727,4,64,37,640,496,189,288,400,92,9,8,28,24,48,112,23,8,23439,28,32,36,112,8,192,144,20,254,655,1824,3227,14,15,2,-13
1,14160,37,624,496,155,240,360,84,9,8,28,20,32,96,23,8,1761,28,32,36,80,8,192,96,21,254,603,1752,2358,2,48,37,616,496,150,216,368,84,9,8,28,18,32,88,23,8,33,28,32,36,64,8,192,72,21,254,585,1704,2039,3,608520,37,632,496,162,264,368,84,9,8,28,22,32,104,23,8,195,28,32,36,96,8,192,120,21,254,632,1824,2743,4,64,37,640,496,189,288,400,92,9,8,28,24,48,112,23,8,95707,28,32,36,112,8,192,144,20,254,655,1824,3227,6,1,15,3
1,41152,37,624,496,155,240,360,84,9,8,28,20,32,96,23,8,5133,28,32,36,80,8,192,96,21,254,603,1752,2358,2,48,37,616,496,150,216,368,84,9,8,28,18,32,88,23,8,34,28,32,36,64,8,192,72,21,254,585,1704,2039,3,254144,37,632,496,162,264,368,84,9,8,28,22,32,104,23,8,126,28,32,36,96,8,192,120,21,254,632,1824,2695,4,508752,37,632,496,182,264,400,92,9,8,28,22,48,104,23,8,63584,28,32,36,96,8,192,120,20,254,635,1800,3122,-2,17,-1,12
1,51488,37,624,496,155,240,360,84,9,8,28,20,32,96,23,8,6426,28,32,36,80,8,192,96,21,254,603,1752,2358,2,48,37,616,496,150,216,368,84,9,8,28,18,32,88,23,8,29,28,32,36,64,8,192,72,21,254,585,1704,2039,3,1359552,37,624,496,155,240,360,84,9,8,28,20,32,96,23,8,238,28,32,36,80,8,192,96,21,254,612,1800,2534,4,441008,37,632,496,182,264,400,92,9,8,28,22,48,104,23,8,55118,28,32,36,96,8,192,120,20,254,635,1800,3122,6,1,15,3
1,22800,37,624,496,155,240,360,84,9,8,28,20,32,96,23,8,2839,28,32,36,80,8,192,96,21,254,603,1752,2358,2,48,37,616,496,150,216,368,84,9,8,28,18,32,88,23,8,36,28,32,36,64,8,192,72,21,254,585,1704,2039,3,411976,37,624,496,155,240,360,84,9,8,28,20,32,96,23,8,131,28,32,36,80,8,192,96,21,254,612,1800,2598,4,64,37,640,496,189,288,400,92,9,8,28,24,48,112,23,8,98586,28,32,36,112,8,192,144,20,254,655,1824,3227,14,15,2,-13
1,77824,37,624,496,155,240,360,84,9,8,28,20,32,96,23,8,9717,28,32,36,80,8,192,96,21,254,603,1752,2358,2,48,37,616,496,150,216,368,84,9,8,28,18,32,88,23,8,30,28,32,36,64,8,192,72,21,254,585,1704,2039,3,540096,37,624,496,155,240,360,84,9,8,28,20,32,96,23,8,150,28,32,36,80,8,192,96,21,254,612,1800,2534,4,96080,37,632,496,182,264,400,92,9,8,28,22,48,104,23,8,12002,28,32,36,96,8,192,120,20,254,635,1800,3122,6,1,15,3
1,64,37,632,496,162,264,360,84,9,8,28,22,32,104,23,8,8497,28,32,36,96,8,192,120,21,254,623,1776,2431,2,48,37,616,496,150,216,368,84,9,8,28,18,32,88,23,8,32,28,32,36,64,8,192,72,21,254,585,1704,2039,3,584160,37,624,496,155,240,360,84,9,8,28,20,32,96,23,8,156,28,32,36,80,8,192,96,21,254,612,1800,2534,4,444528,37,632,496,182,264,400,92,9,8,28,22,48,104,23,8,55556,28,32,36,96,8,192,120,20,254,635,1800,3122,6,1,15,3
1,64,37,632,496,162,264,360,84,9,8,28,22,32,104,23,8,6300,28,32,36,96,8,192,120,21,254,623,1776,2431,2,48,37,616,496,150,216,368,84,9,8,28,18,32,88,23,8,30,28,32,36,64,8,192,72,21,254,585,1704,2039,3,2117128,37,624,496,155,240,360,84,9,8,28,20,32,96,23,8,297,28,32,36,80,8,192,96,21,254,612,1800,2630,4,64,37,640,496,189,288,400,92,9,8,28,24,48,112,23,8,35975,28,32,36,112,8,192,144,20,254,655,1824,3227,6,1,15,3
1,10160,37,624,496,155,240,360,84,9,8,28,20,32,96,23,8,1261,28,32,36,80,8,192,96,21,254,603,1752,2358,2,48,37,616,496,150,216,368,84,9,8,28,18,32,88,23,8,31,28,32,36,64,8,192,72,21,254,585,1704,2039,3,1500096,37,624,496,155,240,360,84,9,8,28,20,32,96,23,8,250,28,32,36,80,8,192,96,21,254,612,1800,2534,4,217952,37,632,496,182,264,400,92,9,8,28,22,48,104,23,8,27236,28,32,36,96,8,192,120,20,254,635,1800,3122,6,1,15,3
1,27168,37,624,496,155,240,360,84,9,8,28,20,32,96,23,8,3385,28,32,36,80,8,192,96,21,254,603,1752,2358,2,48,37,616,496,150,216,368,84,9,8,28,18,32,88,23,8,30,28,32,36,64,8,192,72,21,254,585,1704,2039,3,824584,37,632,496,162,264,368,84,9,8,28,22,32,104,23,8,227,28,32,36,96,8,192,120,21,254,632,1824,2695,4,308112,37,632,496,182,264,400,92,9,8,28,22,48,104,23,8,38506,28,32,36,96,8,192,120,20,254,635,1800,3122,6,1,15,3
1,43312,37,624,496,155,240,360,84,9,8,28,20,32,96,23,8,5405,28,32,36,80,8,192,96,21,254,603,1752,2358,2,48,37,616,496,150,216,368,84,9,8,28,18,32,88,23,8,33,28,32,36,64,8,192,72,21,254,585,1704,2039,3,1056904,37,632,496,162,264,368,84,9,8,28,22,32,104,23,8,257,28,32,36,96,8,192,120,21,254,632,1824,2711,4,372720,37,632,496,182,264,400,92,9,8,28,22,48,104,23,8,46582,28,32,36,96,8,192,120,20,254,635,1800,3122,19,-7,-15,19
1,39408,37,624,496,155,240,360,84,9,8,28,20,32,96,23,8,4917,28,32,36,80,8,192,96,21,254,603,1752,2358,2,48,37,616,496,150,216,368,84,9,8,28,18,32,88,23,8,30,28,32,36,64,8,192,72,21,254,585,1704,2039,3,1508104,37,632,496,162,264,368,84,9,8,28,22,32,104,23,8,307,28,32,36,96,8,192,120,21,254,632,1824,2695,4,117728,37,632,496,182,264,400,92,9,8,28,22,48,104,23,8,14706,28,32,36,96,8,192,120,20,254,635,1800,3122,6,1,15,3
1,77200,37,624,496,155,240,360,84,9,8,28,20,32,96,23,8,9642,28,32,36,80,8,192,96,21,254,603,1752,2358,2,48,37,616,496,150,216,368,84,9,8,28,18,32,88,23,8,31,28,32,36,64,8,192,72,21,254,585,1704,2039,3,301152,37,624,496,155,240,360,84,9,8,28,20,32,96,23,8,112,28,32,36,80,8,192,96,21,254,612,1800,2566,4,621312,37,632,496,182,264,400,92,9,8,28,22,48,104,23,8,77655,28,32,36,96,8,192,120,20,254,635,1800,3122,6,1,15,3
1,67552,37,624,496,155,240,360,84,9,8,28,20,32,96,23,8,8434,28,32,36,80,8,192,96,21,254,603,1752,2358,2,48,37,616,496,150,216,368,84,9,8,28,18,32,88,23,8,29,28,32,36,64,8,192,72,21,254,585,1704,2039,3,629952,37,624,496,155,240,360,84,9,8,28,20,32,96,23,8,162,28,32,36,80,8,192,96,21,254,612,1800,2646,4,419264,37,632,496,182,264,400,92,9,8,28,22,48,104,23,8,52399,28,32,36,96,8,192,120,20,254,635,1800,3122,-11,8,-1,18
1,23696,37,624,496,155,240,360,84,9,8,28,20,32,96,23,8,2951,28,32,36,80,8,192,96,21,254,603,1752,2358,2,48,37,616,496,150,216,368,84,9,8,28,18,32,88,23,8,29,28,32,36,64,8,192,72,21,254,585,1704,2039,3,547336,37,624,496,155,240,360,84,9,8,28,20,32,96,23,8,151,28,32,36,80,8,192,96,21,254,612,1800,2534,4,64,37,640,496,189,288,400,92,9,8,28,24,48,112,23,8,61506,28,32,36,112,8,192,144,20,254,655,1824,3227,6,1,15,3
1,42912,37,624,496,155,240,360,84,9,8,28,20,32,96,23,8,5355,28,32,36,80,8,192,96,21,254,603,1752,2358,2,48,37,616,496,150,216,368,84,9,8,28,18,32,88,23,8,33,28,32,36,64,8,192,72,21,254,585,1704,2039,3,1788808,37,624,496,155,240,360,84,9,8,28,20,32,96,23,8,273,28,32,36,80,8,192,96,21,254,612,1800,2534,4,383952,37,632,496,182,264,400,92,9,8,28,22,48,104,23,8,47984,28,32,36,96,8,192,120,20,254,635,1800,3122,6,1,15,3
1,70720,37,624,496,155,240,360,84,9,8,28,20,32,96,23,8,8829,28,32,36,80,8,192,96,21,254,603,1752,2358,2,48,37,616,496,150,216,368,84,9,8,28,18,32,88,23,8,35,28,32,36,64,8,192,72,21,254,585,1704,2039,3,1016192,37,632,496,162,264,368,84,9,8,28,22,32,104,23,8,252,28,32,36,96,8,192,120,21,254,632,1824,2727,4,345936,37,632,496,182,264,400,92,9,8,28,22,48,104,23,8,43234,28,32,36,96,8,192,120,20,254,635,1800,3122,6,1,15,3
1,64,37,632,496,162,264,360,84,9,8,28,22,32,104,23,8,6210,28,32,36,96,8,192,120,21,254,623,1776,2431,2,48,37,616,496,150,216,368,84,9,8,28,18,32,88,23,8,32,28,32,36,64,8,192,72,21,254,585,1704,2039,3,969736,37,624,496,155,240,360,84,9,8,28,20,32,96,23,8,201,28,32,36,80,8,192,96,21,254,612,1800,2678,4,444176,37,632,496,182,264,400,92,9,8,28,22,48,104,23,8,55512,28,32,36,96,8,192,120,20,254,635,1800,3122,6,1,15,3
1,64,37,632,496,162,264,360,84,9,8,28,22,32,104,23,8,5908,28,32,36,96,8,192,120,21,254,623,1776,2431,2,48,37,616,496,150,216,368,84,9,8,28,18,32,88,23,8,32,28,32,36,64,8,192,72,21,254,585,1704,2039,3,274696,37,632,496,162,264,368,84,9,8,28,22,32,104,23,8,131,28,32,36,96,8,192,120,21,254,632,1824,2727,4,64,37,640,496,189,288,400,92,9,8,28,24,48,112,23,8,45912,28,32,36,112,8,192,144,20,254,655,1824,3227,6,1,15,3
1,64,37,632,496,162,264,360,84,9,8,28,22,32,104,23,8,2561,28,32,36,96,8,192,120,21,254,623,1776,2431,2,48,37,616,496,150,216,368,84,9,8,28,18,32,88,23,8,30,28,32,36,64,8,192,72,21,254,585,1704,2039,3,2174536,37,624,496,155,240,360,84,9,8,28,20,32,96,23,8,301,28,32,36,80,8,192,96,21,254,612,1800,2534,4,64,37,640,496,189,288,400,92,9,8,28,24,48,112,23,8,73295,28,32,36,112,8,192,144,20,254,655,1824,3227,6,1,15,3
1,36496,37,624,496,155,240,360,84,9,8,28,20,32,96,23,8,4553,28,32,36,80,8,192,96,21,254,603,1752,2358,2,48,37,616,496,150,216,368,84,9,8,28,18,32,88,23,8,29,28,32,36,64,8,192,72,21,254,585,1704,2039,3,1336800,37,624,496,155,240,360,84,9,8,28,20,32,96,23,8,236,28,32,36,80,8,192,96,21,254,612,1800,2534,4,468192,37,632,496,182,264,400,92,9,8,28,22,48,104,23,8,58515,28,32,36,96,8,192,120,20,254,635,1800,3122,6,1,15,3
1,64,37,632,496,162,264,360,84,9,8,28,22,32,104,23,8,2367,28,32,36,96,8,192,120,21,254,623,1776,2431,2,48,37,616,496,150,216,368,84,9,8,28,18,32,88,23,8,31,28,32,36,64,8,192,72,21,254,585,1704,2039,3,264712,37,624,496,155,240,360,84,9,8,28,20,32,96,23,8,105,28,32,36,80,8,192,96,21,254,612,1800,2630,4,368384,37,632,496,182,264,400,92,9,8,28,22,48,104,23,8,46040,28,32,36,96,8,192,120,20,254,635,1800,3122,6,1,15,3
1,64,37,632,496,162,264,360,84,9,8,28,22,32,104,23,8,4594,28,32,36,96,8,192,120,21,254,623,1776,2431,2,48,37,616,496,150,216,368,84,9,8,28,18,32,88,23,8,31,28,32,36,64,8,192,72,21,254,585,1704,2039,3,1140744,37,632,496,162,264,368,84,9,8,28,22,32,104,23,8,267,28,32,36,96,8,192,120,21,254,632,1824,2695,4,132160,37,632,496,182,264,400,92,9,8,28,22,48,104,23,8,16509,28,32,36,96,8,192,120,20,254,635,1800,3122,6,1,15,3
1,64,37,632,496,162,264,360,84,9,8,28,22,32,104,23,8,8369,28,32,36,96,8,192,120,21,254,623,1776,2431,2,48,37,616,496,150,216,368,84,9,8,28,18,32,88,23,8,34,28,32,36,64,8,192,72,21,254,585,1704,2039,3,931528,37,624,496,155,240,360,84,9,8,28,20,32,96,23,8,197,28,32,36,80,8,192,96,21,254,612,1800,2534,4,64,37,640,496,189,288,400,92,9,8,28,24,48,112,23,8,40106,28,32,36,112,8,192,144,20,254,655,1824,3227,14,15,2,-13
1,19024,37,624,496,155,240,360,84,9,8,28,20,32,96,23,8,2367,28,32,36,80,8,192,96,21,254,603,1752,2358,2,48,37,616,496,150,216,368,84,9,8,28,18,32,88,23,8,31,28,32,36,64,8,192,72,21,254,585,1704,2039,3,264712,37,624,496,155,240,360,84,9,8,28,20,32,96,23,8,105,28,32,36,80,8,192,96,21,254,612,1800,2630,4,64,37,640,496,189,288,400,92,9,8,28,24,48,112,23,8,46040,28,32,36,112,8,192,144,20,254,655,1824,3227,6,1,15,3
1,64,37,632,496,162,264,360,84,9,8,28,22,32,104,23,8,9982,28,32,36,96,8,192,120,21,254,623,1776,2431,2,48,37,616,496,150,216,368,84,9,8,28,18,32,88,23,8,36,28,32,36,64,8,192,72,21,254,585,1704,2039,3,1081728,37,632,496,162,264,368,84,9,8,28,22,32,104,23,8,260,28,32,36,96,8,192,120,21,254,632,1824,2727,4,64,37,640,496,189,288,400,92,9,8,28,24,48,112,23,8,81881,28,32,36,112,8,192,144,20,254,655,1824,3227,6,1,15,3
1,64,37,632,496,162,264,360,84,9,8,28,22,32,104,23,8,4386,28,32,36,96,8,192,120,21,254,623,1776,2431,2,48,37,616,496,150,216,368,84,9,8,28,18,32,88,23,8,34,28,32,36,64,8,192,72,21,254,585,1704,2039,3,2351368,37,624,496,155,240,360,84,9,8,28,20,32,96,23,8,313,28,32,36,80,8,192,96,21,254,612,1800,2534,4,240512,37,632,496,182,264,400,92,9,8,28,22,48,104,23,8,30053,28,32,36,96,8,192,120,20,254,635,1800,3122,6,1,15,3
1,65680,37,624,496,155,240,360,84,9,8,28,20,32,96,23,8,8200,28,32,36,80,8,192,96,21,254,603,1752,2358,2,48,37,616,496,150,216,368,84,9,8,28,18,32,88,23,8,35,28,32,36,64,8,192,72,21,254,585,1704,2039,3,1018560,37,624,496,155,240,360,84,9,8,28,20,32,96,23,8,206,28,32,36,80,8,192,96,21,254,612,1800,2534,4,779104,37,632,496,182,264,400,92,9,8,28,22,48,104,23,8,97379,28,32,36,96,8,192,120,20,254,635,1800,3122,15,11,17,2
1,26576,37,624,496,155,240,360,84,9,8,28,20,32,96,23,8,3314,28,32,36,80,8,192,96,21,254,603,1752,2358,2,48,37,616,496,150,216,368,84,9,8,28,18,32,88,23,8,31,28,32,36,64,8,192,72,21,254,585,1704,2039,3,1359552,37,624,496,155,240,360,84,9,8,28,20,32,96,23,8,238,28,32,36,80,8,192,96,21,254,612,1800,2534,4,612576,37,632,496,182,264,400,92,9,8,28,22,48,104,23,8,76564,28,32,36,96,8,192,120,20,254,635,1800,3122,6,1,15,3
1,22464,37,624,496,155,240,360,84,9,8,28,20,32,96,23,8,2798,28,32,36,80,8,192,96,21,254,603,1752,2358,2,48,37,616,496,150,216,368,84,9,8,28,18,32,88,23,8,35,28,32,36,64,8,192,72,21,254,585,1704,2039,3,1336800,37,624,496,155,240,360,84,9,8,28,20,32,96,23,8,236,28,32,36,80,8,192,96,21,254,612,1800,2534,4,64,37,640,496,189,288,400,92,9,8,28,24,48,112,23,8,24555,28,32,36,112,8,192,144,20,254,655,1824,3227,6,1,15,3
1,43584,37,624,496,155,240,360,84,9,8,28,20,32,96,23,8,5438,28,32,36,80,8,192,96,21,254,603,1752,2358,2,48,37,616,496,150,216,368,84,9,8,28,18,32,88,23,8,33,28,32,36,64,8,192,72,21,254,585,1704,2039,3,1672800,37,624,496,155,240,360,84,9,8,28,20,32,96,23,8,264,28,32,36,80,8,192,96,21,254,612,1800,2582,4,484880,37,632,496,182,264,400,92,9,8,28,22,48,104,23,8,60599,28,32,36,96,8,192,120,20,254,635,1800,3122,19,-7,-15,19
1,42784,37,624,496,155,240,360,84,9,8,28,20,32,96,23,8,5339,28,32,36,80,8,192,96,21,254,603,1752,2358,2,48,37,616,496,150,216,368,84,9,8,28,18,32,88,23,8,33,28,32,36,64,8,192,72,21,254,585,1704,2039,3,457152,37,624,496,155,240,360,84,9,8,28,20,32,96,23,8,138,28,32,36,80,8,192,96,21,254,612,1800,2534,4,232992,37,632,496,182,264,400,92,9,8,28,22,48,104,23,8,29113,28,32,36,96,8,192,120,20,254,635,1800,3122,6,1,15,3
1,64,37,632,496,162,264,360,84,9,8,28,22,32,104,23,8,6947,28,32,36,96,8,192,120,21,254,623,1776,2431,2,48,37,616,496,150,216,368,84,9,8,28,18,32,88,23,8,34,28,32,36,64,8,192,72,21,254,585,1704,2039,3,786376,37,624,496,155,240,360,84,9,8,28,20,32,96,23,8,181,28,32,36,80,8,192,96,21,254,612,1800,2534,4,64,37,640,496,189,288,400,92,9,8,28,24,48,112,23,8,77398,28,32,36,112,8,192,144,20,254,655,1824,3227,14,15,2,-13
1,64,37,632,496,162,264,360,84,9,8,28,22,32,104,23,8,9085,28,32,36,96,8,192,120,21,254,623,1776,2431,2,48,37,616,496,150,216,368,84,9,8,28,18,32,88,23,8,34,28,32,36,64,8,192,72,21,254,585,1704,2039,3,653512,37,624,496,155,240,360,84,9,8,28,20,32,96,23,8,165,28,32,36,80,8,192,96,21,254,612,1800,2630,4,719968,37,632,496,182,264,400,92,9,8,28,22,48,104,23,8,89988,28,32,36,96,8,192,120,20,254,635,1800,3122,6,1,15,3
1,64,37,632,496,162,264,360,84,9,8,28,22,32,104,23,8,7105,28,32,36,96,8,192,120,21,254,623,1776,2431,2,48,37,616,496,150,216,368,84,9,8,28,18,32,88,23,8,34,28,32,36,64,8,192,72,21,254,585,1704,2039,3,1736776,37,624,496,155,240,360,84,9,8,28,20,32,96,23,8,269,28,32,36,80,8,192,96,21,254,612,1800,2534,4,563520,37,632,496,182,264,400,92,9,8,28,22,48,104,23,8,70431,28,32,36,96,8,192,120,20,254,635,1800,3122,14,15,2,-13
1,30496,37,624,496,155,240,360,84,9,8,28,20,32,96,23,8,3802,28,32,36,80,8,192,96,21,254,603,1752,2358,2,48,37,616,496,150,216,368,84,9,8,28,18,32,88,23,8,35,28,32,36,64,8,192,72,21,254,585,1704,2039,3,254728,37,624,496,155,240,360,84,9,8,28,20,32,96,23,8,103,28,32,36,80,8,192,96,21,254,612,1800,2502,4,320832,37,632,496,182,264,400,92,9,8,28,22,48,104,23,8,40096,28,32,36,96,8,192,120,20,254,635,1800,3122,6,1,15,3
1,64,37,632,496,162,264,360,84,9,8,28,22,32,104,23,8,2367,28,32,36,96,8,192,120,21,254,623,1776,2431,2,48,37,616,496,150,216,368,84,9,8,28,18,32,88,23,8,31,28,32,36,64,8,192,72,21,254,585,1704,2039,3,264712,37,624,496,155,240,360,84,9,8,28,20,32,96,23,8,105,28,32,36,80,8,192,96,21,254,612,1800,2630,4,64,37,640,496,189,288,400,92,9,8,28,24,48,112,23,8,46040,28,32,36,112,8,192,144,20,254,655,1824,3227,6,1,15,3
1,63040,37,624,496,155,240,360,84,9,8,28,20,32,96,23,8,7870,28,32,36,80,8,192,96,21,254,603,1752,2358,2,48,37,616,496,150,216,368,84,9,8,28,18,32,88,23,8,35,28,32,36,64,8,192,72,21,254,585,1704,2039,3,576712,37,624,496,155,240,360,84,9,8,28,20,32,96,23,8,155,28,32,36,80,8,192,96,21,254,612,1800,2630,4,170880,37,632,496,182,264,400,92,9,8,28,22,48,104,23,8,21349,28,32,36,96,8,192,120,20,254,635,1800,3122,6,1,15,3
1,30608,37,624,496,155,240,360,84,9,8,28,20,32,96,23,8,3818,28,32,36,80,8,192,96,21,254,603,1752,2358,2,48,37,616,496,150,216,368,84,9,8,28,18,32,88,23,8,36,28,32,36,64,8,192,72,21,254,585,1704,2039,3,760512,37,632,496,162,264,368,84,9,8,28,22,32,104,23,8,218,28,32,36,96,8,192,120,21,254,632,1824,2695,4,387664,37,632,496,182,264,400,92,9,8,28,22,48,104,23,8,48448,28,32,36,96,8,192,120,20,254,635,1800,3122,6,1,15,3
1,78048,37,624,496,155,240,360,84,9,8,28,20,32,96,23,8,9746,28,32,36,80,8,192,96,21,254,603,1752,2358,2,48,37,616,496,150,216,368,84,9,8,28,18,32,88,23,8,30,28,32,36,64,8,192,72,21,254,585,1704,2039,3,1788808,37,624,496,155,240,360,84,9,8,28,20,32,96,23,8,273,28,32,36,80,8,192,96,21,254,612,1800,2534,4,64,37,640,496,189,288,400,92,9,8,28,24,48,112,23,8,49243,28,32,36,112,8,192,144,20,254,655,1824,3227,-10,3,-10,-7
1,72768,37,624,496,155,240,360,84,9,8,28,20,32,96,23,8,9085,28,32,36,80,8,192,96,21,254,603,1752,2358,2,48,37,616,496,150,216,368,84,9,8,28,18,32,88,23,8,34,28,32,36,64,8,192,72,21,254,585,1704,2039,3,653512,37,624,496,155,240,360,84,9,8,28,20,32,96,23,8,165,28,32,36,80,8,192,96,21,254,612,1800,2630,4,64,37,640,496,189,288,400,92,9,8,28,24,48,112,23,8,89988,28,32,36,112,8,192,144,20,254,655,1824,3227,-11,8,-1,18
1,27152,37,624,496,155,240,360,84,9,8,28,20,32,96,23,8,3385,28,32,36,80,8,192,96,21,254,603,1752,2358,2,48,37,616,496,150,216,368,84,9,8,28,18,32,88,23,8,30,28,32,36,64,8,192,72,21,254,585,1704,2039,3,1236808,37,624,496,155,240,360,84,9,8,28,20,32,96,23,8,227,28,32,36,80,8,192,96,21,254,612,1800,2534,4,308128,37,632,496,182,264,400,92,9,8,28,22,48,104,23,8,38506,28,32,36,96,8,192,120,20,254,635,1800,3122,-2,17,-1,12
1,30496,37,624,496,155,240,360,84,9,8,28,20,32,96,23,8,3802,28,32,36,80,8,192,96,21,254,603,1752,2358,2,48,37,616,496,150,216,368,84,9,8,28,18,32,88,23,8,35,28,32,36,64,8,192,72,21,254,585,1704,2039,3,254728,37,624,496,155,240,360,84,9,8,28,20,32,96,23,8,103,28,32,36,80,8,192,96,21,254,612,1800,2502,4,320832,37,632,496,182,264,400,92,9,8,28,22,48,104,23,8,40096,28,32,36,96,8,192,120,20,254,635,1800,3122,6,1,15,3
1,64,37,632,496,162,264,360,84,9,8,28,22,32,104,23,8,4812,28,32,36,96,8,192,120,21,254,623,1776,2431,2,48,37,616,496,150,216,368,84,9,8,28,18,32,88,23,8,31,28,32,36,64,8,192,72,21,254,585,1704,2039,3,940992,37,624,496,155,240,360,84,9,8,28,20,32,96,23,8,198,28,32,36,80,8,192,96,21,254,612,1800,2534,4,254256,37,632,496,182,264,400,92,9,8,28,22,48,104,23,8,31771,28,32,36,96,8,192,120,20,254,635,1800,3122,6,1,15,3
1,29648,37,624,496,155,240,360,84,9,8,28,20,32,96,23,8,3697,28,32,36,80,8,192,96,21,254,603,1752,2358,2,48,37,616,496,150,216,368,84,9,8,28,18,32,88,23,8,35,28,32,36,64,8,192,72,21,254,585,1704,2039,3,430464,37,632,496,162,264,368,84,9,8,28,22,32,104,23,8,164,28,32,36,96,8,192,120,21,254,632,1824,2743,4,538672,37,632,496,182,264,400,92,9,8,28,22,48,104,23,8,67323,28,32,36,96,8,192,120,20,254,635,1800,3122,6,1,15,3
1,67600,37,624,496,155,240,360,84,9,8,28,20,32,96,23,8,8441,28,32,36,80,8,192,96,21,254,603,1752,2358,2,48,37,616,496,150,216,368,84,9,8,28,18,32,88,23,8,29,28,32,36,64,8,192,72,21,254,585,1704,2039,3,411976,37,624,496,155,240,360,84,9,8,28,20,32,96,23,8,131,28,32,36,80,8,192,96,21,254,612,1800,2598,4,64,37,640,496,189,288,400,92,9,8,28,24,48,112,23,8,30407,28,32,36,112,8,192,144,20,254,655,1824,3227,6,1,15,3
1,64,37,632,496,162,264,360,84,9,8,28,22,32,104,23,8,5779,28,32,36,96,8,192,120,21,254,623,1776,2431,2,48,37,616,496,150,216,368,84,9,8,28,18,32,88,23,8,29,28,32,36,64,8,192,72,21,254,585,1704,2039,3,2117128,37,624,496,155,240,360,84,9,8,28,20,32,96,23,8,297,28,32,36,80,8,192,96,21,254,612,1800,2630,4,556192,37,632,496,182,264,400,92,9,8,28,22,48,104,23,8,69513,28,32,36,96,8,192,120,20,254,635,1800,3122,19,-7,-15,19
1,64,37,632,496,162,264,360,84,9,8,28,22,32,104,23,8,8615,28,32,36,96,8,192,120,21,254,623,1776,2431,2,48,37,616,496,150,216,368,84,9,8,28,18,32,88,23,8,36,28,32,36,64,8,192,72,21,254,585,1704,2039,3,602304,37,632,496,162,264,368,84,9,8,28,22,32,104,23,8,194,28,32,36,96,8,192,120,21,254,632,1824,2695,4,537312,37,632,496,182,264,400,92,9,8,28,22,48,104,23,8,67153,28,32,36,96,8,192,120,20,254,635,1800,3122,6,1,15,3
1,64,37,632,496,162,264,360,84,9,8,28,22,32,104,23,8,3802,28,32,36,96,8,192,120,21,254,623,1776,2431,2,48,37,616,496,150,216,368,84,9,8,28,18,32,88,23,8,35,28,32,36,64,8,192,72,21,254,585,1704,2039,3,254728,37,624,496,155,240,360,84,9,8,28,20,32,96,23,8,103,28,32,36,80,8,192,96,21,254,612,1800,2502,4,320832,37,632,496,182,264,400,92,9,8,28,22,48,104,23,8,40096,28,32,36,96,8,192,120,20,254,635,1800,3122,6,1,15,3
1,77712,37,624,496,155,240,360,84,9,8,28,20,32,96,23,8,9705,28,32,36,80,8,192,96,21,254,603,1752,2358,2,48,37,616,496,150,216,368,84,9,8,28,18,32,88,23,8,31,28,32,36,64,8,192,72,21,254,585,1704,2039,3,679104,37,632,496,162,264,368,84,9,8,28,22,32,104,23,8,206,28,32,36,96,8,192,120,21,254,632,1824,2695,4,64,37,640,496,189,288,400,92,9,8,28,24,48,112,23,8,99547,28,32,36,112,8,192,144,20,254,655,1824,3227,-11,8,-1,18
1,38560,37,624,496,155,240,360,84,9,8,28,20,32,96,23,8,4812,28,32,36,80,8,192,96,21,254,603,1752,2358,2,48,37,616,496,150,216,368,84,9,8,28,18,32,88,23,8,31,28,32,36,64,8,192,72,21,254,585,1704,2039,3,940992,37,624,496,155,240,360,84,9,8,28,20,32,96,23,8,198,28,32,36,80,8,192,96,21,254,612,1800,2534,4,254256,37,632,496,182,264,400,92,9,8,28,22,48,104,23,8,31771,28,32,36,96,8,192,120,20,254,635,1800,3122,6,1,15,3
1,39040,37,624,496,155,240,360,84,9,8,28,20,32,96,23,8,4872,28,32,36,80,8,192,96,21,254,603,1752,2358,2,48,37,616,496,150,216,368,84,9,8,28,18,32,88,23,8,31,28,32,36,64,8,192,72,21,254,585,1704,2039,3,1868296,37,624,496,155,240,360,84,9,8,28,20,32,96,23,8,279,28,32,36,80,8,192,96,21,254,612,1800,2630,4,593248,37,632,496,182,264,400,92,9,8,28,22,48,104,23,8,74146,28,32,36,96,8,192,120,20,254,635,1800,3122,6,1,15,3
1,40576,37,624,496,155,240,360,84,9,8,28,20,32,96,23,8,5062,28,32,36,80,8,192,96,21,254,603,1752,2358,2,48,37,616,496,150,216,368,84,9,8,28,18,32,88,23,8,36,28,32,36,64,8,192,72,21,254,585,1704,2039,3,669448,37,624,496,155,240,360,84,9,8,28,20,32,96,23,8,167,28,32,36,80,8,192,96,21,254,612,1800,2534,4,404544,37,632,496,182,264,400,92,9,8,28,22,48,104,23,8,50557,28,32,36,96,8,192,120,20,254,635,1800,3122,6,1,15,3
1,60624,37,624,496,155,240,360,84,9,8,28,20,32,96,23,8,7569,28,32,36,80,8,192,96,21,254,603,1752,2358,2,48,37,616,496,150,216,368,84,9,8,28,18,32,88,23,8,31,28,32,36,64,8,192,72,21,254,585,1704,2039,3,295816,37,624,496,155,240,360,84,9,8,28,20,32,96,23,8,111,28,32,36,80,8,192,96,21,254,612,1800,2502,4,64,37,640,496,189,288,400,92,9,8,28,24,48,112,23,8,67923,28,32,36,112,8,192,144,20,254,655,1824,3227,6,1,15,3
1,41264,37,624,496,155,240,360,84,9,8,28,20,32,96,23,8,5148,28,32,36,80,8,192,96,21,254,603,1752,2358,2,48,37,616,496,150,216,368,84,9,8,28,18,32,88,23,8,36,28,32,36,64,8,192,72,21,254,585,1704,2039,3,1908672,37,624,496,155,240,360,84,9,8,28,20,32,96,23,8,282,28,32,36,80,8,192,96,21,254,612,1800,2534,4,64,37,640,496,189,288,400,92,9,8,28,24,48,112,23,8,92750,28,32,36,112,8,192,144,20,254,655,1824,3227,6,1,15,3
1,69328,37,624,496,155,240,360,84,9,8,28,20,32,96,23,8,8657,28,32,36,80,8,192,96,21,254,603,1752,2358,2,48,37,616,496,150,216,368,84,9,8,28,18,32,88,23,8,31,28,32,36,64,8,192,72,21,254,585,1704,2039,3,1236672,37,632,496,162,264,368,84,9,8,28,22,32,104,23,8,278,28,32,36,96,8,192,120,21,254,632,1824,2695,4,466480,37,632,496,182,264,400,92,9,8,28,22,48,104,23,8,58301,28,32,36,96,8,192,120,20,254,635,1800,3122,-11,8,-1,18
1,38320,37,624,496,155,240,360,84,9,8,28,20,32,96,23,8,4779,28,32,36,80,8,192,96,21,254,603,1752,2358,2,48,37,616,496,150,216,368,84,9,8,28,18,32,88,23,8,33,28,32,36,64,8,192,72,21,254,585,1704,2039,3,853896,37,632,496,162,264,368,84,9,8,28,22,32,104,23,8,231,28,32,36,96,8,192,120,21,254,632,1824,2695,4,295776,37,632,496,182,264,400,92,9,8,28,22,48,104,23,8,36961,28,32,36,96,8,192,120,20,254,635,1800,3122,6,1,15,3
1,64,37,632,496,162,264,360,84,9,8,28,22,32,104,23,8,6102,28,32,36,96,8,192,120,21,254,623,1776,2431,2,48,37,616,496,150,216,368,84,9,8,28,18,32,88,23,8,31,28,32,36,64,8,192,72,21,254,585,1704,2039,3,2473096,37,624,496,155,240,360,84,9,8,28,20,32,96,23,8,321,28,32,36,80,8,192,96,21,254,612,1800,2598,4,64,37,640,496,189,288,400,92,9,8,28,24,48,112,23,8,64742,28,32,36,112,8,192,144,20,254,655,1824,3227,6,1,15,3
1,46320,37,624,496,155,240,360,84,9,8,28,20,32,96,23,8,5779,28,32,36,80,8,192,96,21,254,603,1752,2358,2,48,37,616,496,150,216,368,84,9,8,28,18,32,88,23,8,29,28,32,36,64,8,192,72,21,254,585,1704,2039,3,1411464,37,632,496,162,264,368,84,9,8,28,22,32,104,23,8,297,28,32,36,96,8,192,120,21,254,632,1824,2743,4,64,37,640,496,189,288,400,92,9,8,28,24,48,112,23,8,69513,28,32,36,112,8,192,144,20,254,655,1824,3227,19,-7,-15,19
1,39424,37,624,496,155,240,360,84,9,8,28,20,32,96,23,8,4917,28,32,36,80,8,192,96,21,254,603,1752,2358,2,48,37,616,496,150,216,368,84,9,8,28,18,32,88,23,8,30,28,32,36,64,8,192,72,21,254,585,1704,2039,3,2262088,37,624,496,155,240,360,84,9,8,28,20,32,96,23,8,307,28,32,36,80,8,192,96,21,254,612,1800,2534,4,64,37,640,496,189,288,400,92,9,8,28,24,48,112,23,8,14706,28,32,36,112,8,192,144,20,254,655,1824,3227,6,1,15,3
1,64,37,632,496,162,264,360,84,9,8,28,22,32,104,23,8,3558,28,32,36,96,8,192,120,21,254,623,1776,2431,2,48,37,616,496,150,216,368,84,9,8,28,18,32,88,23,8,35,28,32,36,64,8,192,72,21,254,585,1704,2039,3,565632,37,632,496,162,264,368,84,9,8,28,22,32,104,23,8,188,28,32,36,96,8,192,120,21,254,632,1824,2695,4,64,37,640,496,189,288,400,92,9,8,28,24,48,112,23,8,86032,28,32,36,112,8,192,144,20,254,655,1824,3227,14,15,2,-13
1,17088,37,624,496,155,240,360,84,9,8,28,20,32,96,23,8,2127,28,32,36,80,8,192,96,21,254,603,1752,2358,2,48,37,616,496,150,216,368,84,9,8,28,18,32,88,23,8,34,28,32,36,64,8,192,72,21,254,585,1704,2039,3,1258696,37,624,496,155,240,360,84,9,8,28,20,32,96,23,8,229,28,32,36,80,8,192,96,21,254,612,1800,2534,4,64,37,640,496,189,288,400,92,9,8,28,24,48,112,23,8,91812,28,32,36,112,8,192,144,20,254,655,1824,3227,-2,17,-1,12
1,64,37,632,496,162,264,360,84,9,8,28,22,32,104,23,8,2951,28,32,36,96,8,192,120,21,254,623,1776,2431,2,48,37,616,496,150,216,368,84,9,8,28,18,32,88,23,8,29,28,32,36,64,8,192,72,21,254,585,1704,2039,3,547336,37,624,496,155,240,360,84,9,8,28,20,32,96,23,8,151,28,32,36,80,8,192,96,21,254,612,1800,2534,4,492112,37,632,496,182,264,400,92,9,8,28,22,48,104,23,8,61506,28,32,36,96,8,192,120,20,254,635,1800,3122,6,1,15,3
1,64,37,632,496,162,264,360,84,9,8,28,22,32,104,23,8,8528,28,32,36,96,8,192,120,21,254,623,1776,2431,2,48,37,616,496,150,216,368,84,9,8,28,18,32,88,23,8,29,28,32,36,64,8,192,72,21,254,585,1704,2039,3,2074560,37,624,496,155,240,360,84,9,8,28,20,32,96,23,8,294,28,32,36,80,8,192,96,21,254,612,1800,2534,4,638752,37,632,496,182,264,400,92,9,8,28,22,48,104,23,8,79836,28,32,36,96,8,192,120,20,254,635,1800,3122,14,15,2,-13
1,52048,37,624,496,155,240,360,84,9,8,28,20,32,96,23,8,6496,28,32,36,80,8,192,96,21,254,603,1752,2358,2,48,37,616,496,150,216,368,84,9,8,28,18,32,88,23,8,32,28,32,36,64,8,192,72,21,254,585,1704,2039,3,903360,37,624,496,155,240,360,84,9,8,28,20,32,96,23,8,194,28,32,36,80,8,192,96,21,254,612,1800,2534,4,64,37,640,496,189,288,400,92,9,8,28,24,48,112,23,8,70591,28,32,36,112,8,192,144,20,254,655,1824,3227,6,1,15,3
1,64,37,632,496,162,264,360,84,9,8,28,22,32,104,23,8,7015,28,32,36,96,8,192,120,21,254,623,1776,2431,2,48,37,616,496,150,216,368,84,9,8,28,18,32,88,23,8,29,28,32,36,64,8,192,72,21,254,585,1704,2039,3,280032,37,624,496,155,240,360,84,9,8,28,20,32,96,23,8,108,28,32,36,80,8,192,96,21,254,612,1800,2630,4,64,37,640,496,189,288,400,92,9,8,28,24,48,112,23,8,92339,28,32,36,112,8,192,144,20,254,655,1824,3227,6,1,15,3
1,20464,37,624,496,155,240,360,84,9,8,28,20,32,96,23,8,2548,28,32,36,80,8,192,96,21,254,603,1752,2358,2,48,37,616,496,150,216,368,84,9,8,28,18,32,88,23,8,32,28,32,36,64,8,192,72,21,254,585,1704,2039,3,1536328,37,624,496,155,240,360,84,9,8,28,20,32,96,23,8,253,28,32,36,80,8,192,96,21,254,612,1800,2598,4,615696,37,632,496,182,264,400,92,9,8,28,22,48,104,23,8,76951,28,32,36,96,8,192,120,20,254,635,1800,3122,6,1,15,3
1,68288,37,624,496,155,240,360,84,9,8,28,20,32,96,23,8,8528,28,32,36,80,8,192,96,21,254,603,1752,2358,2,48,37,616,496,150,216,368,84,9,8,28,18,32,88,23,8,29,28,32,36,64,8,192,72,21,254,585,1704,2039,3,1383104,37,632,496,162,264,368,84,9,8,28,22,32,104,23,8,294,28,32,36,96,8,192,120,21,254,632,1824,2695,4,64,37,640,496,189,288,400,92,9,8,28,24,48,112,23,8,79836,28,32,36,112,8,192,144,20,254,655,1824,3227,-11,8,-1,18
1,64,37,632,496,162,264,360,84,9,8,28,22,32,104,23,8,5630,28,32,36,96,8,192,120,21,254,623,1776,2431,2,48,37,616,496,150,216,368,84,9,8,28,18,32,88,23,8,30,28,32,36,64,8,192,72,21,254,585,1704,2039,3,1828320,37,624,496,155,240,360,84,9,8,28,20,32,96,23,8,276,28,32,36,80,8,192,96,21,254,612,1800,2534,4,517200,37,632,496,182,264,400,92,9,8,28,22,48,104,23,8,64639,28,32,36,96,8,192,120,20,254,635,1800,3122,6,1,15,3
1,72144,37,624,496,155,240,360,84,9,8,28,20,32,96,23,8,9010,28,32,36,80,8,192,96,21,254,603,1752,2358,2,48,37,616,496,150,216,368,84,9,8,28,18,32,88,23,8,35,28,32,36,64,8,192,72,21,254,585,1704,2039,3,341184,37,632,496,162,264,368,84,9,8,28,22,32,104,23,8,146,28,32,36,96,8,192,120,21,254,632,1824,2743,4,510032,37,632,496,182,264,400,92,9,8,28,22,48,104,23,8,63743,28,32,36,96,8,192,120,20,254,635,1800,3122,14,15,2,-13
1,21936,37,624,496,155,240,360,84,9,8,28,20,32,96,23,8,2734,28,32,36,80,8,192,96,21,254,603,1752,2358,2,48,37,616,496,150,216,368,84,9,8,28,18,32,88,23,8,34,28,32,36,64,8,192,72,21,254,585,1704,2039,3,2597896,37,624,496,155,240,360,84,9,8,28,20,32,96,23,8,329,28,32,36,80,8,192,96,21,254,612,1800,2646,4,426656,37,632,496,182,264,400,92,9,8,28,22,48,104,23,8,53324,28,32,36,96,8,192,120,20,254,635,1800,3122,6,1,15,3
1,64,37,632,496,162,264,360,84,9,8,28,22,32,104,23,8,5133,28,32,36,96,8,192,120,21,254,623,1776,2431,2,48,37,616,496,150,216,368,84,9,8,28,18,32,88,23,8,34,28,32,36,64,8,192,72,21,254,585,1704,2039,3,254144,37,632,496,162,264,368,84,9,8,28,22,32,104,23,8,126,28,32,36,96,8,192,120,21,254,632,1824,2695,4,64,37,640,496,189,288,400,92,9,8,28,24,48,112,23,8,63584,28,32,36,112,8,192,144,20,254,655,1824,3227,-2,17,-1,12
1,33456,37,624,496,155,240,360,84,9,8,28,20,32,96,23,8,4172,28,32,36,80,8,192,96,21,254,603,1752,2358,2,48,37,616,496,150,216,368,84,9,8,28,18,32,88,23,8,36,28,32,36,64,8,192,72,21,254,585,1704,2039,3,350592,37,632,496,162,264,368,84,9,8,28,22,32,104,23,8,148,28,32,36,96,8,192,120,21,254,632,1824,2743,4,615664,37,632,496,182,264,400,92,9,8,28,22,48,104,23,8,76948,28,32,36,96,8,192,120,20,254,635,1800,3122,14,15,2,-13
1,27168,37,624,496,155,240,360,84,9,8,28,20,32,96,23,8,3385,28,32,36,80,8,192,96,21,254,603,1752,2358,2,48,37,616,496,150,216,368,84,9,8,28,18,32,88,23,8,30,28,32,36,64,8,192,72,21,254,585,1704,2039,3,1236808,37,624,496,155,240,360,84,9,8,28,20,32,96,23,8,227,28,32,36,80,8,192,96,21,254,612,1800,2534,4,64,37,640,496,189,288,400,92,9,8,28,24,48,112,23,8,38506,28,32,36,112,8,192,144,20,254,655,1824,3227,-2,17,-1,12
1,17360,37,624,496,155,240,360,84,9,8,28,20,32,96,23,8,2162,28,32,36,80,8,192,96,21,254,603,1752,2358,2,48,37,616,496,150,216,368,84,9,8,28,18,32,88,23,8,35,28,32,36,64,8,192,72,21,254,585,1704,2039,3,591688,37,624,496,155,240,360,84,9,8,28,20,32,96,23,8,157,28,32,36,80,8,192,96,21,254,612,1800,2534,4,738592,37,632,496,182,264,400,92,9,8,28,22,48,104,23,8,92313,28,32,36,96,8,192,120,20,254,635,1800,3122,14,15,2,-13
1,25200,37,624,496,155,240,360,84,9,8,28,20,32,96,23,8,3141,28,32,36,80,8,192,96,21,254,603,1752,2358,2,48,37,616,496,150,216,368,84,9,8,28,18,32,88,23,8,31,28,32,36,64,8,192,72,21,254,585,1704,2039,3,2725768,37,624,496,155,240,360,84,9,8,28,20,32,96,23,8,337,28,32,36,80,8,192,96,21,254,612,1800,2534,4,686400,37,632,496,182,264,400,92,9,8,28,22,48,104,23,8,85792,28,32,36,96,8,192,120,20,254,635,1800,3122,6,1,15,3
1,39424,37,624,496,155,240,360,84,9,8,28,20,32,96,23,8,4917,28,32,36,80,8,192,96,21,254,603,1752,2358,2,48,37,616,496,150,216,368,84,9,8,28,18,32,88,23,8,30,28,32,36,64,8,192,72,21,254,585,1704,2039,3,1508104,37,632,496,162,264,368,84,9,8,28,22,32,104,23,8,307,28,32,36,96,8,192,120,21,254,632,1824,2695,4,117728,37,632,496,182,264,400,92,9,8,28,22,48,104,23,8,14706,28,32,36,96,8,192,120,20,254,635,1800,3122,6,1,15,3
1,55664,37,624,496,155,240,360,84,9,8,28,20,32,96,23,8,6947,28,32,36,80,8,192,96,21,254,603,1752,2358,2,48,37,616,496,150,216,368,84,9,8,28,18,32,88,23,8,34,28,32,36,64,8,192,72,21,254,585,1704,2039,3,524296,37,632,496,162,264,368,84,9,8,28,22,32,104,23,8,181,28,32,36,96,8,192,120,21,254,632,1824,2695,4,619248,37,632,496,182,264,400,92,9,8,28,22,48,104,23,8,77398,28,32,36,96,8,192,120,20,254,635,1800,3122,-11,8,-1,18
1,64,37,632,496,162,264,360,84,9,8,28,22,32,104,23,8,6947,28,32,36,96,8,192,120,21,254,623,1776,2431,2,48,37,616,496,150,216,368,84,9,8,28,18,32,88,23,8,34,28,32,36,64,8,192,72,21,254,585,1704,2039,3,524296,37,632,496,162,264,368,84,9,8,28,22,32,104,23,8,181,28,32,36,96,8,192,120,21,254,632,1824,2695,4,619264,37,632,496,182,264,400,92,9,8,28,22,48,104,23,8,77398,28,32,36,96,8,192,120,20,254,635,1800,3122,6,1,15,3
1,49760,37,624,496,155,240,360,84,9,8,28,20,32,96,23,8,6210,28,32,36,80,8,192,96,21,254,603,1752,2358,2,48,37,616,496,150,216,368,84,9,8,28,18,32,88,23,8,32,28,32,36,64,8,192,72,21,254,585,1704,2039,3,646536,37,632,496,162,264,368,84,9,8,28,22,32,104,23,8,201,28,32,36,96,8,192,120,21,254,632,1824,2775,4,64,37,640,496,189,288,400,92,9,8,28,24,48,112,23,8,55512,28,32,36,112,8,192,144,20,254,655,1824,3227,6,1,15,3
1,61344,37,624,496,155,240,360,84,9,8,28,20,32,96,23,8,7660,28,32,36,80,8,192,96,21,254,603,1752,2358,2,48,37,616,496,150,216,368,84,9,8,28,18,32,88,23,8,35,28,32,36,64,8,192,72,21,254,585,1704,2039,3,381120,37,624,496,155,240,360,84,9,8,28,20,32,96,23,8,126,28,32,36,80,8,192,96,21,254,612,1800,2566,4,64,37,640,496,189,288,400,92,9,8,28,24,48,112,23,8,48401,28,32,36,112,8,192,144,20,254,655,1824,3227,6,1,15,3
1,45984,37,624,496,155,240,360,84,9,8,28,20,32,96,23,8,5739,28,32,36,80,8,192,96,21,254,603,1752,2358,2,48,37,616,496,150,216,368,84,9,8,28,18,32,88,23,8,33,28,32,36,64,8,192,72,21,254,585,1704,2039,3,569280,37,624,496,155,240,360,84,9,8,28,20,32,96,23,8,154,28,32,36,80,8,192,96,21,254,612,1800,2534,4,64,37,640,496,189,288,400,92,9,8,28,24,48,112,23,8,40542,28,32,36,112,8,192,144,20,254,655,1824,3227,6,1,15,3
1,34224,37,624,496,155,240,360,84,9,8,28,20,32,96,23,8,4268,28,32,36,80,8,192,96,21,254,603,1752,2358,2,48,37,616,496,150,216,368,84,9,8,28,18,32,88,23,8,34,28,32,36,64,8,192,72,21,254,585,1704,2039,3,2381512,37,624,496,155,240,360,84,9,8,28,20,32,96,23,8,315,28,32,36,80,8,192,96,21,254,612,1800,2630,4,324592,37,632,496,182,264,400,92,9,8,28,22,48,104,23,8,40565,28,32,36,96,8,192,120,20,254,635,1800,3122,6,1,15,3
1,64,37,632,496,162,264,360,84,9,8,28,22,32,104,23,8,1261,28,32,36,96,8,192,120,21,254,623,1776,2431,2,48,37,616,496,150,216,368,84,9,8,28,18,32,88,23,8,31,28,32,36,64,8,192,72,21,254,585,1704,2039,3,1500096,37,624,496,155,240,360,84,9,8,28,20,32,96,23,8,250,28,32,36,80,8,192,96,21,254,612,1800,2534,4,217952,37,632,496,182,264,400,92,9,8,28,22,48,104,23,8,27236,28,32,36,96,8,192,120,20,254,635,1800,3122,6,1,15,3
1,66288,37,624,496,155,240,360,84,9,8,28,20,32,96,23,8,8277,28,32,36,80,8,192,96,21,254,603,1752,2358,2,48,37,616,496,150,216,368,84,9,8,28,18,32,88,23,8,36,28,32,36,64,8,192,72,21,254,585,1704,2039,3,2004616,37,624,496,155,240,360,84,9,8,28,20,32,96,23,8,289,28,32,36,80,8,192,96,21,254,612,1800,2598,4,473216,37,632,496,182,264,400,92,9,8,28,22,48,104,23,8,59143,28,32,36,96,8,192,120,20,254,635,1800,3122,6,1,15,3
1,64624,37,624,496,155,240,360,84,9,8,28,20,32,96,23,8,8070,28,32,36,80,8,192,96,21,254,603,1752,2358,2,48,37,616,496,150,216,368,84,9,8,28,18,32,88,23,8,30,28,32,36,64,8,192,72,21,254,585,1704,2039,3,274888,37,624,496,155,240,360,84,9,8,28,20,32,96,23,8,107,28,32,36,80,8,192,96,21,254,612,1800,2502,4,64,37,640,496,189,288,400,92,9,8,28,24,48,112,23,8,31678,28,32,36,112,8,192,144,20,254,655,1824,3227,6,1,15,3
1,64,37,632,496,162,264,360,84,9,8,28,22,32,104,23,8,6300,28,32,36,96,8,192,120,21,254,623,1776,2431,2,48,37,616,496,150,216,368,84,9,8,28,18,32,88,23,8,30,28,32,36,64,8,192,72,21,254,585,1704,2039,3,2117128,37,624,496,155,240,360,84,9,8,28,20,32,96,23,8,297,28,32,36,80,8,192,96,21,254,612,1800,2630,4,64,37,640,496,189,288,400,92,9,8,28,24,48,112,23,8,35975,28,32,36,112,8,192,144,20,254,655,1824,3227,6,1,15,3
1,64,37,632,496,162,264,360,84,9,8,28,22,32,104,23,8,4872,28,32,36,96,8,192,120,21,254,623,1776,2431,2,48,37,616,496,150,216,368,84,9,8,28,18,32,88,23,8,31,28,32,36,64,8,192,72,21,254,585,1704,2039,3,1868296,37,624,496,155,240,360,84,9,8,28,20,32,96,23,8,279,28,32,36,80,8,192,96,21,254,612,1800,2630,4,593248,37,632,496,182,264,400,92,9,8,28,22,48,104,23,8,74146,28,32,36,96,8,192,120,20,254,635,1800,3122,6,1,15,3
1,31856,37,624,496,155,240,360,84,9,8,28,20,32,96,23,8,3972,28,32,36,80,8,192,96,21,254,603,1752,2358,2,48,37,616,496,150,216,368,84,9,8,28,18,32,88,23,8,34,28,32,36,64,8,192,72,21,254,585,1704,2039,3,653512,37,624,496,155,240,360,84,9,8,28,20,32,96,23,8,165,28,32,36,80,8,192,96,21,254,612,1800,2630,4,658448,37,632,496,182,264,400,92,9,8,28,22,48,104,23,8,82298,28,32,36,96,8,192,120,20,254,635,1800,3122,-2,17,-1,12
1,22448,37,624,496,155,240,360,84,9,8,28,20,32,96,23,8,2798,28,32,36,80,8,192,96,21,254,603,1752,2358,2,48,37,616,496,150,216,368,84,9,8,28,18,32,88,23,8,35,28,32,36,64,8,192,72,21,254,585,1704,2039,3,1336800,37,624,496,155,240,360,84,9,8,28,20,32,96,23,8,236,28,32,36,80,8,192,96,21,254,612,1800,2534,4,196528,37,632,496,182,264,400,92,9,8,28,22,48,104,23,8,24555,28,32,36,96,8,192,120,20,254,635,1800,3122,6,1,15,3
1,65664,37,624,496,155,240,360,84,9,8,28,20,32,96,23,8,8200,28,32,36,80,8,192,96,21,254,603,1752,2358,2,48,37,616,496,150,216,368,84,9,8,28,18,32,88,23,8,35,28,32,36,64,8,192,72,21,254,585,1704,2039,3,1018560,37,624,496,155,240,360,84,9,8,28,20,32,96,23,8,206,28,32,36,80,8,192,96,21,254,612,1800,2534,4,779120,37,632,496,182,264,400,92,9,8,28,22,48,104,23,8,97379,28,32,36,96,8,192,120,20,254,635,1800,3122,15,11,17,2
1,64,37,632,496,162,264,360,84,9,8,28,22,32,104,23,8,4896,28,32,36,96,8,192,120,21,254,623,1776,2431,2,48,37,616,496,150,216,368,84,9,8,28,18,32,88,23,8,36,28,32,36,64,8,192,72,21,254,585,1704,2039,3,1336800,37,624,496,155,240,360,84,9,8,28,20,32,96,23,8,236,28,32,36,80,8,192,96,21,254,612,1800,2534,4,641424,37,632,496,182,264,400,92,9,8,28,22,48,104,23,8,80170,28,32,36,96,8,192,120,20,254,635,1800,3122,6,1,15,3
1,43584,37,624,496,155,240,360,84,9,8,28,20,32,96,23,8,5438,28,32,36,80,8,192,96,21,254,603,1752,2358,2,48,37,616,496,150,216,368,84,9,8,28,18,32,88,23,8,33,28,32,36,64,8,192,72,21,254,585,1704,2039,3,1672800,37,624,496,155,240,360,84,9,8,28,20,32,96,23,8,264,28,32,36,80,8,192,96,21,254,612,1800,2582,4,64,37,640,496,189,288,400,92,9,8,28,24,48,112,23,8,60599,28,32,36,112,8,192,144,20,254,655,1824,3227,19,-7,-15,19
1,64,37,632,496,162,264,360,84,9,8,28,22,32,104,23,8,9977,28,32,36,96,8,192,120,21,254,623,1776,2431,2,48,37,616,496,150,216,368,84,9,8,28,18,32,88,23,8,32,28,32,36,64,8,192,72,21,254,585,1704,2039,3,262272,37,632,496,162,264,368,84,9,8,28,22,32,104,23,8,128,28,32,36,96,8,192,120,21,254,632,1824,2679,4,519392,37,632,496,182,264,400,92,9,8,28,22,48,104,23,8,64916,28,32,36,96,8,192,120,20,254,635,1800,3122,6,1,15,3
1,45104,37,624,496,155,240,360,84,9,8,28,20,32,96,23,8,5630,28,32,36,80,8,192,96,21,254,603,1752,2358,2,48,37,616,496,150,216,368,84,9,8,28,18,32,88,23,8,30,28,32,36,64,8,192,72,21,254,585,1704,2039,3,1828320,37,624,496,155,240,360,84,9,8,28,20,32,96,23,8,276,28,32,36,80,8,192,96,21,254,612,1800,2534,4,517184,37,632,496,182,264,400,92,9,8,28,22,48,104,23,8,64639,28,32,36,96,8,192,120,20,254,635,1800,3122,6,1,15,3
1,64,37,632,496,162,264,360,84,9,8,28,22,32,104,23,8,6619,28,32,36,96,8,192,120,21,254,623,1776,2431,2,48,37,616,496,150,216,368,84,9,8,28,18,32,88,23,8,36,28,32,36,64,8,192,72,21,254,585,1704,2039,3,1081728,37,632,496,162,264,368,84,9,8,28,22,32,104,23,8,260,28,32,36,96,8,192,120,21,254,632,1824,2727,4,64,37,640,496,189,288,400,92,9,8,28,24,48,112,23,8,88577,28,32,36,112,8,192,144,20,254,655,1824,3227,6,1,15,3
1,64,37,632,496,162,264,360,84,9,8,28,22,32,104,23,8,9754,28,32,36,96,8,192,120,21,254,623,1776,2431,2,48,37,616,496,150,216,368,84,9,8,28,18,32,88,23,8,29,28,32,36,64,8,192,72,21,254,585,1704,2039,3,803848,37,624,496,155,240,360,84,9,8,28,20,32,96,23,8,183,28,32,36,80,8,192,96,21,254,612,1800,2534,4,64,37,640,496,189,288,400,92,9,8,28,24,48,112,23,8,72592,28,32,36,112,8,192,144,20,254,655,1824,3227,6,1,15,3
1,64,37,632,496,162,264,360,84,9,8,28,22,32,104,23,8,9367,28,32,36,96,8,192,120,21,254,623,1776,2431,2,48,37,616,496,150,216,368,84,9,8,28,18,32,88,23,8,33,28,32,36,64,8,192,72,21,254,585,1704,2039,3,1291872,37,624,496,155,240,360,84,9,8,28,20,32,96,23,8,232,28,32,36,80,8,192,96,21,254,612,1800,2534,4,358144,37,632,496,182,264,400,92,9,8,28,22,48,104,23,8,44760,28,32,36,96,8,192,120,20,254,635,1800,3122,6,1,15,3
1,41152,37,624,496,155,240,360,84,9,8,28,20,32,96,23,8,5133,28,32,36,80,8,192,96,21,254,603,1752,2358,2,48,37,616,496,150,216,368,84,9,8,28,18,32,88,23,8,34,28,32,36,64,8,192,72,21,254,585,1704,2039,3,254144,37,632,496,162,264,368,84,9,8,28,22,32,104,23,8,126,28,32,36,96,8,192,120,21,254,632,1824,2695,4,508752,37,632,496,182,264,400,92,9,8,28,22,48,104,23,8,63584,28,32,36,96,8,192,120,20,254,635,1800,3122,-2,17,-1,12
1,64,37,632,496,162,264,360,84,9,8,28,22,32,104,23,8,6450,28,32,36,96,8,192,120,21,254,623,1776,2431,2,48,37,616,496,150,216,368,84,9,8,28,18,32,88,23,8,33,28,32,36,64,8,192,72,21,254,585,1704,2039,3,1488136,37,624,496,155,240,360,84,9,8,28,20,32,96,23,8,249,28,32,36,80,8,192,96,21,254,612,1800,2598,4,603808,37,632,496,182,264,400,92,9,8,28,22,48,104,23,8,75467,28,32,36,96,8,192,120,20,254,635,1800,3122,6,1,15,3
1,65680,37,624,496,155,240,360,84,9,8,28,20,32,96,23,8,8200,28,32,36,80,8,192,96,21,254,603,1752,2358,2,48,37,616,496,150,216,368,84,9,8,28,18,32,88,23,8,35,28,32,36,64,8,192,72,21,254,585,1704,2039,3,679104,37,632,496,162,264,368,84,9,8,28,22,32,104,23,8,206,28,32,36,96,8,192,120,21,254,632,1824,2695,4,64,37,640,496,189,288,400,92,9,8,28,24,48,112,23,8,97379,28,32,36,112,8,192,144,20,254,655,1824,3227,6,1,15,3
1,41248,37,624,496,155,240,360,84,9,8,28,20,32,96,23,8,5148,28,32,36,80,8,192,96,21,254,603,1752,2358,2,48,37,616,496,150,216,368,84,9,8,28,18,32,88,23,8,36,28,32,36,64,8,192,72,21,254,585,1704,2039,3,1908672,37,624,496,155,240,360,84,9,8,28,20,32,96,23,8,282,28,32,36,80,8,192,96,21,254,612,1800,2534,4,64,37,640,496,189,288,400,92,9,8,28,24,48,112,23,8,92750,28,32,36,112,8,192,144,20,254,655,1824,3227,6,1,15,3
1,53600,37,624,496,155,240,360,84,9,8,28,20,32,96,23,8,6692,28,32,36,80,8,192,96,21,254,603,1752,2358,2,48,37,616,496,150,216,368,84,9,8,28,18,32,88,23,8,33,28,32,36,64,8,192,72,21,254,585,1704,2039,3,1868296,37,624,496,155,240,360,84,9,8,28,20,32,96,23,8,279,28,32,36,80,8,192,96,21,254,612,1800,2630,4,64,37,640,496,189,288,400,92,9,8,28,24,48,112,23,8,25026,28,32,36,112,8,192,144,20,254,655,1824,3227,14,15,2,-13
1,72144,37,624,496,155,240,360,84,9,8,28,20,32,96,23,8,9010,28,32,36,80,8,192,96,21,254,603,1752,2358,2,48,37,616,496,150,216,368,84,9,8,28,18,32,88,23,8,35,28,32,36,64,8,192,72,21,254,585,1704,2039,3,511680,37,624,496,155,240,360,84,9,8,28,20,32,96,23,8,146,28,32,36,80,8,192,96,21,254,612,1800,2630,4,510016,37,632,496,182,264,400,92,9,8,28,22,48,104,23,8,63743,28,32,36,96,8,192,120,20,254,635,1800,3122,6,1,15,3
1,42912,37,624,496,155,240,360,84,9,8,28,20,32,96,23,8,5355,28,32,36,80,8,192,96,21,254,603,1752,2358,2,48,37,616,496,150,216,368,84,9,8,28,18,32,88,23,8,33,28,32,36,64,8,192,72,21,254,585,1704,2039,3,1788808,37,624,496,155,240,360,84,9,8,28,20,32,96,23,8,273,28,32,36,80,8,192,96,21,254,612,1800,2534,4,383952,37,632,496,182,264,400,92,9,8,28,22,48,104,23,8,47984,28,32,36,96,8,192,120,20,254,635,1800,3122,6,1,15,3
1,64,37,632,496,162,264,360,84,9,8,28,22,32,104,23,8,2720,28,32,36,96,8,192,120,21,254,623,1776,2431,2,48,37,616,496,150,216,368,84,9,8,28,18,32,88,23,8,31,28,32,36,64,8,192,72,21,254,585,1704,2039,3,211720,37,632,496,162,264,368,84,9,8,28,22,32,104,23,8,115,28,32,36,96,8,192,120,21,254,632,1824,2663,4,64,37,640,496,189,288,400,92,9,8,28,24,48,112,23,8,50097,28,32,36,112,8,192,144,20,254,655,1824,3227,6,1,15,3
1,64,37,632,496,162,264,360,84,9,8,28,22,32,104,23,8,3176,28,32,36,96,8,192,120,21,254,623,1776,2431,2,48,37,616,496,150,216,368,84,9,8,28,18,32,88,23,8,32,28,32,36,64,8,192,72,21,254,585,1704,2039,3,984192,37,632,496,162,264,368,84,9,8,28,22,32,104,23,8,248,28,32,36,96,8,192,120,21,254,632,1824,2727,4,64,37,640,496,189,288,400,92,9,8,28,24,48,112,23,8,69347,28,32,36,112,8,192,144,20,254,655,1824,3227,-11,8,-1,18
1,10176,37,624,496,155,240,360,84,9,8,28,20,32,96,23,8,1261,28,32,36,80,8,192,96,21,254,603,1752,2358,2,48,37,616,496,150,216,368,84,9,8,28,18,32,88,23,8,31,28,32,36,64,8,192,72,21,254,585,1704,2039,3,1500096,37,624,496,155,240,360,84,9,8,28,20,32,96,23,8,250,28,32,36,80,8,192,96,21,254,612,1800,2534,4,217968,37,632,496,182,264,400,92,9,8,28,22,48,104,23,8,27236,28,32,36,96,8,192,120,20,254,635,1800,3122,6,1,15,3
1,64,37,632,496,162,264,360,84,9,8,28,22,32,104,23,8,5200,28,32,36,96,8,192,120,21,254,623,1776,2431,2,48,37,616,496,150,216,368,84,9,8,28,18,32,88,23,8,32,28,32,36,64,8,192,72,21,254,585,1704,2039,3,518728,37,624,496,155,240,360,84,9,8,28,20,32,96,23,8,147,28,32,36,80,8,192,96,21,254,612,1800,2646,4,723936,37,632,496,182,264,400,92,9,8,28,22,48,104,23,8,90483,28,32,36,96,8,192,120,20,254,635,1800,3122,6,1,15,3
1,43136,37,624,496,155,240,360,84,9,8,28,20,32,96,23,8,5382,28,32,36,80,8,192,96,21,254,603,1752,2358,2,48,37,616,496,150,216,368,84,9,8,28,18,32,88,23,8,31,28,32,36,64,8,192,72,21,254,585,1704,2039,3,2427072,37,624,496,155,240,360,84,9,8,28,20,32,96,23,8,318,28,32,36,80,8,192,96,21,254,612,1800,2534,4,591792,37,632,496,182,264,400,92,9,8,28,22,48,104,23,8,73964,28,32,36,96,8,192,120,20,254,635,1800,3122,6,1,15,3
1,42480,37,624,496,155,240,360,84,9,8,28,20,32,96,23,8,5301,28,32,36,80,8,192,96,21,254,603,1752,2358,2,48,37,616,496,150,216,368,84,9,8,28,18,32,88,23,8,31,28,32,36,64,8,192,72,21,254,585,1704,2039,3,1132224,37,632,496,162,264,368,84,9,8,28,22,32,104,23,8,266,28,32,36,96,8,192,120,21,254,632,1824,2695,4,535232,37,632,496,182,264,400,92,9,8,28,22,48,104,23,8,66894,28,32,36,96,8,192,120,20,254,635,1800,3122,6,1,15,3
1,41664,37,624,496,155,240,360,84,9,8,28,20,32,96,23,8,5200,28,32,36,80,8,192,96,21,254,603,1752,2358,2,48,37,616,496,150,216,368,84,9,8,28,18,32,88,23,8,32,28,32,36,64,8,192,72,21,254,585,1704,2039,3,518728,37,624,496,155,240,360,84,9,8,28,20,32,96,23,8,147,28,32,36,80,8,192,96,21,254,612,1800,2646,4,723952,37,632,496,182,264,400,92,9,8,28,22,48,104,23,8,90483,28,32,36,96,8,192,120,20,254,635,1800,3122,6,1,15,3
1,64,37,632,496,162,264,360,84,9,8,28,22,32,104,23,8,4917,28,32,36,96,8,192,120,21,254,623,1776,2431,2,48,37,616,496,150,216,368,84,9,8,28,18,32,88,23,8,30,28,32,36,64,8,192,72,21,254,585,1704,2039,3,2262088,37,624,496,155,240,360,84,9,8,28,20,32,96,23,8,307,28,32,36,80,8,192,96,21,254,612,1800,2534,4,64,37,640,496,189,288,400,92,9,8,28,24,48,112,23,8,14706,28,32,36,112,8,192,144,20,254,655,1824,3227,6,1,15,3
1,72160,37,624,496,155,240,360,84,9,8,28,20,32,96,23,8,9010,28,32,36,80,8,192,96,21,254,603,1752,2358,2,48,37,616,496,150,216,368,84,9,8,28,18,32,88,23,8,35,28,32,36,64,8,192,72,21,254,585,1704,2039,3,341184,37,632,496,162,264,368,84,9,8,28,22,32,104,23,8,146,28,32,36,96,8,192,120,21,254,632,1824,2743,4,510016,37,632,496,182,264,400,92,9,8,28,22,48,104,23,8,63743,28,32,36,96,8,192,120,20,254,635,1800,3122,14,15,2,-13
1,10656,37,624,496,155,240,360,84,9,8,28,20,32,96,23,8,1323,28,32,36,80,8,192,96,21,254,603,1752,2358,2,48,37,616,496,150,216,368,84,9,8,28,18,32,88,23,8,29,28,32,36,64,8,192,72,21,254,585,1704,2039,3,602304,37,632,496,162,264,368,84,9,8,28,22,32,104,23,8,194,28,32,36,96,8,192,120,21,254,632,1824,2695,4,527152,37,632,496,182,264,400,92,9,8,28,22,48,104,23,8,65884,28,32,36,96,8,192,120,20,254,635,1800,3122,6,1,15,3
1,18608,37,624,496,155,240,360,84,9,8,28,20,32,96,23,8,2318,28,32,36,80,8,192,96,21,254,603,1752,2358,2,48,37,616,496,150,216,368,84,9,8,28,18,32,88,23,8,34,28,32,36,64,8,192,72,21,254,585,1704,2039,3,821512,37,624,496,155,240,360,84,9,8,28,20,32,96,23,8,185,28,32,36,80,8,192,96,21,254,612,1800,2678,4,64,37,640,496,189,288,400,92,9,8,28,24,48,112,23,8,43523,28,32,36,112,8,192,144,20,254,655,1824,3227,-2,17,-1,12
