hs,685104,37,624,496,155,240,392,92,9,8,28,20,32,96,23,8,85628,28,12,32,36,80,8,192,96,20,254,609,1776,2669,1525357924618683,1525357924659748,41065
fac,64,37,624,496,157,240,392,92,9,8,28,20,32,96,23,8,2503,28,17,32,36,80,8,192,96,21,254,618,1776,2528,1525357843435371,1525357843570126,134755
fac,160080,37,616,496,150,216,392,92,9,8,28,18,32,88,23,8,4256,28,16,32,36,64,8,192,72,21,254,598,1752,2423,1525357892142472,1525357892551472,409000
hs,64,37,632,496,162,264,392,92,9,8,28,22,32,104,23,8,19631,28,2,32,36,96,8,192,120,20,254,629,1800,2758,1525357912417188,1525357912427418,10230
mat,393312,37,624,496,155,240,360,84,9,8,28,20,32,96,23,8,128,28,12,32,36,80,8,192,96,21,254,612,1800,2518,1525357931195722,1525357931222812,27090
fac,64,37,624,496,157,240,392,92,9,8,28,20,32,96,23,8,3337,28,14,32,36,80,8,192,96,21,254,618,1776,2528,1525357849298720,1525357849543315,244595
bub,27248,37,624,496,155,240,360,84,9,8,28,20,32,96,23,8,3396,28,1,32,36,80,8,192,96,21,254,603,1752,2358,1525357755688483,1525357755742860,54377
bub,53712,37,624,496,155,240,360,84,9,8,28,20,32,96,23,8,6703,28,15,32,36,80,8,192,96,21,254,603,1752,2358,1525357780976089,1525357781172889,196800
fac,160080,37,616,496,150,216,392,92,9,8,28,18,32,88,23,8,3474,28,6,32,36,64,8,192,72,21,254,598,1752,2423,1525357828998317,1525357829264338,266021
hs,64,37,632,496,162,264,392,92,9,8,28,22,32,104,23,8,86448,28,14,32,36,96,8,192,120,20,254,629,1800,2758,1525357910810534,1525357910851583,41049
fac,160064,37,616,496,150,216,392,92,9,8,28,18,32,88,23,8,3221,28,11,32,36,64,8,192,72,21,254,598,1752,2423,1525357835092121,1525357835318908,226787
mat,712456,37,632,496,162,264,368,84,9,8,28,22,32,104,23,8,211,28,18,32,36,96,8,192,120,21,254,632,1824,2695,1525357942680669,1525357942775070,94401
hs,64,37,632,496,162,264,392,92,9,8,28,22,32,104,23,8,34784,28,18,32,36,96,8,192,120,20,254,629,1800,2758,1525357914728233,1525357914746840,18607
mat,2457696,37,624,496,155,240,360,84,9,8,28,20,32,96,23,8,320,28,19,32,36,80,8,192,96,21,254,612,1800,2582,1525357935099205,1525357935542416,443211
bub,36064,37,624,496,155,240,360,84,9,8,28,20,32,96,23,8,4498,28,3,32,36,80,8,192,96,21,254,603,1752,2358,1525357718086832,1525357718176854,90022
fac,64,37,624,496,157,240,392,92,9,8,28,20,32,96,23,8,4391,28,19,32,36,80,8,192,96,21,254,618,1776,2528,1525357855672879,1525357856109158,436279
bub,17360,37,624,496,155,240,360,84,9,8,28,20,32,96,23,8,2161,28,5,32,36,80,8,192,96,21,254,603,1752,2358,1525357706800023,1525357706826077,26054
bub,76896,37,624,496,155,240,360,84,9,8,28,20,32,96,23,8,9604,28,10,32,36,80,8,192,96,21,254,603,1752,2358,1525357713765491,1525357714169038,403547
mat,363208,37,624,496,155,240,360,84,9,8,28,20,32,96,23,8,123,28,3,32,36,80,8,192,96,21,254,612,1800,2502,1525357929483744,1525357929507030,23286
bub,22240,37,624,496,155,240,360,84,9,8,28,20,32,96,23,8,2770,28,16,32,36,80,8,192,96,21,254,603,1752,2358,1525357778957067,1525357778993126,36059
fac,160080,37,616,496,150,216,392,92,9,8,28,18,32,88,23,8,2673,28,15,32,36,64,8,192,72,21,254,598,1752,2423,1525357798130412,1525357798285624,155212
bub,78736,37,624,496,155,240,360,84,9,8,28,20,32,96,23,8,9834,28,17,32,36,80,8,192,96,21,254,603,1752,2358,1525357742631555,1525357743055923,424368
hs,423760,37,624,496,155,240,392,92,9,8,28,20,32,96,23,8,52960,28,15,32,36,80,8,192,96,20,254,609,1776,2669,1525357912541925,1525357912567217,25292
hs,72176,37,624,496,155,240,392,92,9,8,28,20,32,96,23,8,9013,28,5,32,36,80,8,192,96,20,254,609,1776,2669,1525357919919094,1525357919924131,5037
bub,77168,37,624,496,155,240,360,84,9,8,28,20,32,96,23,8,9638,28,16,32,36,80,8,192,96,21,254,603,1752,2358,1525357708621868,1525357709028002,406134
hs,55312,37,624,496,155,240,392,92,9,8,28,20,32,96,23,8,6903,28,7,32,36,80,8,192,96,20,254,609,1776,2669,1525357905355825,1525357905359701,3876
hs,528464,37,624,496,155,240,392,92,9,8,28,20,32,96,23,8,66050,28,16,32,36,80,8,192,96,20,254,609,1776,2669,1525357924858646,1525357924890973,32327
mat,2074560,37,624,496,155,240,360,84,9,8,28,20,32,96,23,8,294,28,6,32,36,80,8,192,96,21,254,612,1800,2534,1525357940635048,1525357940956404,321356
hs,379952,37,624,496,155,240,392,92,9,8,28,20,32,96,23,8,47485,28,18,32,36,80,8,192,96,20,254,609,1776,2669,1525357917564601,1525357917588117,23516
hs,64,37,632,496,162,264,392,92,9,8,28,22,32,104,23,8,93245,28,18,32,36,96,8,192,120,20,254,629,1800,2758,1525357918730796,1525357918774825,44029
bub,64,37,632,496,162,264,360,84,9,8,28,22,32,104,23,8,1071,28,10,32,36,96,8,192,120,21,254,623,1776,2431,1525357743180101,1525357743189205,9104
hs,64,37,632,496,162,264,392,92,9,8,28,22,32,104,23,8,42400,28,16,32,36,96,8,192,120,20,254,629,1800,2758,1525357925077560,1525357925100453,22893
bub,61376,37,624,496,155,240,360,84,9,8,28,20,32,96,23,8,7661,28,12,32,36,80,8,192,96,21,254,603,1752,2358,1525357736942707,1525357737206246,263539
bub,69712,37,624,496,155,240,360,84,9,8,28,20,32,96,23,8,8703,28,11,32,36,80,8,192,96,21,254,603,1752,2358,1525357707102108,1525357707433101,330993
hs,590704,37,624,496,155,240,392,92,9,8,28,20,32,96,23,8,73828,28,19,32,36,80,8,192,96,20,254,609,1776,2669,1525357913066981,1525357913102273,35292
hs,563984,37,624,496,155,240,392,92,9,8,28,20,32,96,23,8,70489,28,1,32,36,80,8,192,96,20,254,609,1776,2669,1525357905746182,1525357905779287,33105
fac,160064,37,616,496,150,216,392,92,9,8,28,18,32,88,23,8,1735,28,10,32,36,64,8,192,72,21,254,598,1752,2423,1525357877593130,1525357877657365,64235
bub,74208,37,624,496,155,240,360,84,9,8,28,20,32,96,23,8,9265,28,14,32,36,80,8,192,96,21,254,603,1752,2358,1525357773652059,1525357774029895,377836
bub,16384,37,624,496,155,240,360,84,9,8,28,20,32,96,23,8,2038,28,13,32,36,80,8,192,96,21,254,603,1752,2358,1525357715101906,1525357715123708,21802
fac,160064,37,616,496,150,216,392,92,9,8,28,18,32,88,23,8,2461,28,6,32,36,64,8,192,72,21,254,598,1752,2423,1525357836509254,1525357836638481,129227
bub,19680,37,624,496,155,240,360,84,9,8,28,20,32,96,23,8,2450,28,17,32,36,80,8,192,96,21,254,603,1752,2358,1525357751973517,1525357752003807,30290
fac,64,37,624,496,157,240,392,92,9,8,28,20,32,96,23,8,4742,28,5,32,36,80,8,192,96,21,254,618,1776,2528,1525357857529358,1525357858043969,514611
bub,42304,37,624,496,155,240,360,84,9,8,28,20,32,96,23,8,5277,28,8,32,36,80,8,192,96,21,254,603,1752,2358,1525357700041248,1525357700164841,123593
mat,524296,37,632,496,162,264,368,84,9,8,28,22,32,104,23,8,181,28,13,32,36,96,8,192,120,21,254,632,1824,2695,1525357933248179,1525357933309335,61156
hs,704784,37,624,496,155,240,392,92,9,8,28,20,32,96,23,8,88090,28,14,32,36,80,8,192,96,20,254,609,1776,2669,1525357916193690,1525357916235249,41559
bub,59728,37,624,496,155,240,360,84,9,8,28,20,32,96,23,8,7455,28,15,32,36,80,8,192,96,21,254,603,1752,2358,1525357731652136,1525357731894754,242618
bub,64,37,632,496,162,264,360,84,9,8,28,22,32,104,23,8,1645,28,19,32,36,96,8,192,120,21,254,623,1776,2431,1525357768844387,1525357768862250,17863
bub,64,37,632,496,162,264,360,84,9,8,28,22,32,104,23,8,2307,28,7,32,36,96,8,192,120,21,254,623,1776,2431,1525357738545709,1525357738577654,31945
bub,9408,37,624,496,155,240,360,84,9,8,28,20,32,96,23,8,1168,28,15,32,36,80,8,192,96,21,254,603,1752,2358,1525357717333916,1525357717342420,8504
fac,160064,37,616,496,150,216,392,92,9,8,28,18,32,88,23,8,3221,28,11,32,36,64,8,192,72,21,254,598,1752,2423,1525357835092121,1525357835318908,226787
bub,77392,37,624,496,155,240,360,84,9,8,28,20,32,96,23,8,9663,28,4,32,36,80,8,192,96,21,254,603,1752,2358,1525357778532870,1525357778943117,410247
bub,64,37,632,496,162,264,360,84,9,8,28,22,32,104,23,8,4031,28,17,32,36,96,8,192,120,21,254,623,1776,2431,1525357763208605,1525357763291050,82445
fac,64,37,624,496,157,240,392,92,9,8,28,20,32,96,23,8,3642,28,12,32,36,80,8,192,96,21,254,618,1776,2528,1525357805685717,1525357805980303,294586
bub,42320,37,624,496,155,240,360,84,9,8,28,20,32,96,23,8,5281,28,11,32,36,80,8,192,96,21,254,603,1752,2358,1525357782574878,1525357782697239,122361
fac,64,37,624,496,157,240,392,92,9,8,28,20,32,96,23,8,534,28,12,32,36,80,8,192,96,21,254,618,1776,2528,1525357873212648,1525357873219604,6956
fac,64,37,624,496,157,240,392,92,9,8,28,20,32,96,23,8,592,28,14,32,36,80,8,192,96,21,254,618,1776,2528,1525357830439789,1525357830448578,8789
hs,64,37,632,496,162,264,392,92,9,8,28,22,32,104,23,8,89636,28,9,32,36,96,8,192,120,20,254,629,1800,2758,1525357921916128,1525357921958712,42584
bub,25824,37,624,496,155,240,360,84,9,8,28,20,32,96,23,8,3220,28,6,32,36,80,8,192,96,21,254,603,1752,2358,1525357704333123,1525357704381220,48097
mat,484032,37,624,496,155,240,360,84,9,8,28,20,32,96,23,8,142,28,9,32,36,80,8,192,96,21,254,612,1800,2534,1525357934769317,1525357934808674,39357
bub,73104,37,624,496,155,240,360,84,9,8,28,20,32,96,23,8,9130,28,18,32,36,80,8,192,96,21,254,603,1752,2358,1525357706343679,1525357706717805,374126
bub,62768,37,624,496,155,240,360,84,9,8,28,20,32,96,23,8,7837,28,7,32,36,80,8,192,96,21,254,603,1752,2358,1525357794243961,1525357794512777,268816
hs,64,37,632,496,162,264,392,92,9,8,28,22,32,104,23,8,43187,28,12,32,36,96,8,192,120,20,254,629,1800,2758,1525357925789831,1525357925811595,21764
fac,160064,37,616,496,150,216,392,92,9,8,28,18,32,88,23,8,1630,28,19,32,36,64,8,192,72,21,254,598,1752,2423,1525357829356723,1525357829412797,56074
bub,29424,37,624,496,155,240,360,84,9,8,28,20,32,96,23,8,3668,28,17,32,36,80,8,192,96,21,254,603,1752,2358,1525357738343305,1525357738404310,61005
hs,408032,37,624,496,155,240,392,92,9,8,28,20,32,96,23,8,50995,28,10,32,36,80,8,192,96,20,254,609,1776,2669,1525357906373112,1525357906398454,25342
fac,160064,37,616,496,150,216,392,92,9,8,28,18,32,88,23,8,4196,28,11,32,36,64,8,192,72,21,254,598,1752,2423,1525357893587686,1525357893984546,396860
bub,79552,37,624,496,155,240,360,84,9,8,28,20,32,96,23,8,9933,28,11,32,36,80,8,192,96,21,254,603,1752,2358,1525357767991970,1525357768423129,431159
bub,12944,37,624,496,155,240,360,84,9,8,28,20,32,96,23,8,1609,28,16,32,36,80,8,192,96,21,254,603,1752,2358,1525357784064356,1525357784079257,14901
hs,64,37,632,496,162,264,392,92,9,8,28,22,32,104,23,8,83679,28,11,32,36,96,8,192,120,20,254,629,1800,2758,1525357905795981,1525357905835710,39729
mat,868744,37,632,496,162,264,368,84,9,8,28,22,32,104,23,8,233,28,12,32,36,96,8,192,120,21,254,632,1824,2695,1525357938196712,1525357938323438,126726
fac,160064,37,616,496,150,216,392,92,9,8,28,18,32,88,23,8,2164,28,16,32,36,64,8,192,72,21,254,598,1752,2423,1525357902387517,1525357902486171,98654
bub,24864,37,624,496,155,240,360,84,9,8,28,20,32,96,23,8,3099,28,14,32,36,80,8,192,96,21,254,603,1752,2358,1525357740787777,1525357740833508,45731
hs,228912,37,624,496,155,240,392,92,9,8,28,20,32,96,23,8,28606,28,17,32,36,80,8,192,96,20,254,609,1776,2669,1525357925171230,1525357925187555,16325
fac,160064,37,616,496,150,216,392,92,9,8,28,18,32,88,23,8,2184,28,8,32,36,64,8,192,72,21,254,598,1752,2423,1525357889023237,1525357889125702,102465
hs,336816,37,624,496,155,240,392,92,9,8,28,20,32,96,23,8,42094,28,6,32,36,80,8,192,96,20,254,609,1776,2669,1525357905851389,1525357905872013,20624
fac,160064,37,616,496,150,216,392,92,9,8,28,18,32,88,23,8,1300,28,19,32,36,64,8,192,72,21,254,598,1752,2423,1525357856629906,1525357856666373,36467
hs,704784,37,624,496,155,240,392,92,9,8,28,20,32,96,23,8,88090,28,14,32,36,80,8,192,96,20,254,609,1776,2669,1525357916193690,1525357916235249,41559
fac,160064,37,616,496,150,216,392,92,9,8,28,18,32,88,23,8,3161,28,8,32,36,64,8,192,72,21,254,598,1752,2423,1525357830461499,1525357830679196,217697
mat,950536,37,624,496,155,240,360,84,9,8,28,20,32,96,23,8,199,28,19,32,36,80,8,192,96,21,254,612,1800,2534,1525357949575592,1525357949659979,84387
fac,64,37,624,496,157,240,392,92,9,8,28,20,32,96,23,8,1953,28,9,32,36,80,8,192,96,21,254,618,1776,2528,1525357881704344,1525357881785945,81601
fac,160080,37,616,496,150,216,392,92,9,8,28,18,32,88,23,8,1885,28,13,32,36,64,8,192,72,21,254,598,1752,2423,1525357898974271,1525357899048874,74603
bub,64,37,632,496,162,264,360,84,9,8,28,22,32,104,23,8,2217,28,8,32,36,96,8,192,120,21,254,623,1776,2431,1525357766575004,1525357766603409,28405
bub,25184,37,624,496,155,240,360,84,9,8,28,20,32,96,23,8,3140,28,18,32,36,80,8,192,96,21,254,603,1752,2358,1525357759202050,1525357759250020,47970
fac,160080,37,616,496,150,216,392,92,9,8,28,18,32,88,23,8,1090,28,12,32,36,64,8,192,72,21,254,598,1752,2423,1525357817364645,1525357817391915,27270
hs,340768,37,624,496,155,240,392,92,9,8,28,20,32,96,23,8,42587,28,17,32,36,80,8,192,96,20,254,609,1776,2669,1525357917891456,1525357917912801,21345
fac,160080,37,616,496,150,216,392,92,9,8,28,18,32,88,23,8,2301,28,2,32,36,64,8,192,72,21,254,598,1752,2423,1525357897206786,1525357897321425,114639
bub,29600,37,624,496,155,240,360,84,9,8,28,20,32,96,23,8,3690,28,7,32,36,80,8,192,96,21,254,603,1752,2358,1525357789961571,1525357790023302,61731
bub,76896,37,624,496,155,240,360,84,9,8,28,20,32,96,23,8,9604,28,10,32,36,80,8,192,96,21,254,603,1752,2358,1525357713765491,1525357714169038,403547
bub,59968,37,624,496,155,240,360,84,9,8,28,20,32,96,23,8,7488,28,13,32,36,80,8,192,96,21,254,603,1752,2358,1525357750122596,1525357750369958,247362
fac,160080,37,616,496,150,216,392,92,9,8,28,18,32,88,23,8,655,28,9,32,36,64,8,192,72,21,254,598,1752,2423,1525357811955994,1525357811967477,11483
mat,1371016,37,624,496,155,240,360,84,9,8,28,20,32,96,23,8,239,28,14,32,36,80,8,192,96,21,254,612,1800,2534,1525357949765297,1525357949921315,156018
fac,64,37,624,496,157,240,392,92,9,8,28,20,32,96,23,8,1648,28,1,32,36,80,8,192,96,21,254,618,1776,2528,1525357849134054,1525357849190085,56031
hs,64,37,632,496,162,264,392,92,9,8,28,22,32,104,23,8,97227,28,14,32,36,96,8,192,120,20,254,629,1800,2758,1525357917929852,1525357917977045,47193
fac,160080,37,616,496,150,216,392,92,9,8,28,18,32,88,23,8,3579,28,3,32,36,64,8,192,72,21,254,598,1752,2423,1525357864631978,1525357864915658,283680
fac,64,37,624,496,157,240,392,92,9,8,28,20,32,96,23,8,1482,28,5,32,36,80,8,192,96,21,254,618,1776,2528,1525357878989869,1525357879036775,46906
hs,528576,37,624,496,155,240,392,92,9,8,28,20,32,96,23,8,66061,28,13,32,36,80,8,192,96,20,254,609,1776,2669,1525357906109968,1525357906139601,29633
mat,450568,37,624,496,155,240,360,84,9,8,28,20,32,96,23,8,137,28,18,32,36,80,8,192,96,21,254,612,1800,2598,1525357947834577,1525357947870026,35449
hs,64,37,632,496,162,264,392,92,9,8,28,22,32,104,23,8,98384,28,16,32,36,96,8,192,120,20,254,629,1800,2758,1525357914458611,1525357914505510,46899
bub,44080,37,624,496,155,240,360,84,9,8,28,20,32,96,23,8,5501,28,1,32,36,80,8,192,96,21,254,603,1752,2358,1525357766427227,1525357766560620,133393
fac,64,37,624,496,157,240,392,92,9,8,28,20,32,96,23,8,4676,28,15,32,36,80,8,192,96,21,254,618,1776,2528,1525357851544016,1525357852042902,498886
bub,70896,37,624,496,155,240,360,84,9,8,28,20,32,96,23,8,8854,28,16,32,36,80,8,192,96,21,254,603,1752,2358,1525357784094038,1525357784437812,343774
bub,64,37,632,496,162,264,360,84,9,8,28,22,32,104,23,8,4755,28,12,32,36,96,8,192,120,21,254,623,1776,2431,1525357709410712,1525357709521860,111148
fac,160064,37,616,496,150,216,392,92,9,8,28,18,32,88,23,8,4670,28,10,32,36,64,8,192,72,21,254,598,1752,2423,1525357814792778,1525357815291637,498859
bub,75248,37,624,496,155,240,360,84,9,8,28,20,32,96,23,8,9395,28,11,32,36,80,8,192,96,21,254,603,1752,2358,1525357788903467,1525357789290073,386606
hs,64,37,632,496,162,264,392,92,9,8,28,22,32,104,23,8,15689,28,15,32,36,96,8,192,120,20,254,629,1800,2758,1525357919539564,1525357919549338,9774
fac,160080,37,616,496,150,216,392,92,9,8,28,18,32,88,23,8,3700,28,5,32,36,64,8,192,72,21,254,598,1752,2423,1525357864081409,1525357864385020,303611
fac,64,37,624,496,157,240,392,92,9,8,28,20,32,96,23,8,1193,28,12,32,36,80,8,192,96,21,254,618,1776,2528,1525357809204055,1525357809237225,33170
fac,160080,37,616,496,150,216,392,92,9,8,28,18,32,88,23,8,4211,28,2,32,36,64,8,192,72,21,254,598,1752,2423,1525357824674027,1525357825072366,398339
fac,160080,37,616,496,150,216,392,92,9,8,28,18,32,88,23,8,2738,28,12,32,36,64,8,192,72,21,254,598,1752,2423,1525357881138943,1525357881302392,163449
bub,27232,37,624,496,155,240,360,84,9,8,28,20,32,96,23,8,3393,28,5,32,36,80,8,192,96,21,254,603,1752,2358,1525357794176337,1525357794229697,53360
fac,160080,37,616,496,150,216,392,92,9,8,28,18,32,88,23,8,3130,28,6,32,36,64,8,192,72,21,254,598,1752,2423,1525357839584722,1525357839798279,213557
bub,10304,37,624,496,155,240,360,84,9,8,28,20,32,96,23,8,1277,28,16,32,36,80,8,192,96,21,254,603,1752,2358,1525357775065338,1525357775075168,9830
hs,797056,37,624,496,155,240,392,92,9,8,28,20,32,96,23,8,99622,28,6,32,36,80,8,192,96,20,254,609,1776,2669,1525357920790820,1525357920836923,46103
hs,384608,37,624,496,155,240,392,92,9,8,28,20,32,96,23,8,48067,28,8,32,36,80,8,192,96,20,254,609,1776,2669,1525357919979016,1525357920002571,23555
fac,160080,37,616,496,150,216,392,92,9,8,28,18,32,88,23,8,4091,28,1,32,36,64,8,192,72,21,254,598,1752,2423,1525357862592106,1525357862969048,376942
hs,238464,37,624,496,155,240,392,92,9,8,28,20,32,96,23,8,29797,28,3,32,36,80,8,192,96,20,254,609,1776,2669,1525357916944115,1525357916960768,16653
fac,64,37,624,496,157,240,392,92,9,8,28,20,32,96,23,8,4146,28,8,32,36,80,8,192,96,21,254,618,1776,2528,1525357801545265,1525357801932289,387024
hs,64,37,632,496,162,264,392,92,9,8,28,22,32,104,23,8,93248,28,10,32,36,96,8,192,120,20,254,629,1800,2758,1525357910200974,1525357910245936,44962
bub,48704,37,624,496,155,240,360,84,9,8,28,20,32,96,23,8,6077,28,12,32,36,80,8,192,96,21,254,603,1752,2358,1525357712016248,1525357712178969,162721
fac,64,37,624,496,157,240,392,92,9,8,28,20,32,96,23,8,1193,28,12,32,36,80,8,192,96,21,254,618,1776,2528,1525357809204055,1525357809237225,33170
fac,64,37,624,496,157,240,392,92,9,8,28,20,32,96,23,8,1872,28,12,32,36,80,8,192,96,21,254,618,1776,2528,1525357798939541,1525357799014018,74477
bub,56832,37,624,496,155,240,360,84,9,8,28,20,32,96,23,8,7094,28,14,32,36,80,8,192,96,21,254,603,1752,2358,1525357732635834,1525357732856680,220846
fac,160064,37,616,496,150,216,392,92,9,8,28,18,32,88,23,8,3836,28,18,32,36,64,8,192,72,21,254,598,1752,2423,1525357888681862,1525357889009960,328098
mat,576712,37,624,496,155,240,360,84,9,8,28,20,32,96,23,8,155,28,18,32,36,80,8,192,96,21,254,612,1800,2630,1525357955112295,1525357955165452,53157
fac,160064,37,616,496,150,216,392,92,9,8,28,18,32,88,23,8,2253,28,6,32,36,64,8,192,72,21,254,598,1752,2423,1525357833212718,1525357833322013,109295
bub,74672,37,624,496,155,240,360,84,9,8,28,20,32,96,23,8,9324,28,1,32,36,80,8,192,96,21,254,603,1752,2358,1525357732139632,1525357732522202,382570
hs,502272,37,624,496,155,240,392,92,9,8,28,20,32,96,23,8,62774,28,13,32,36,80,8,192,96,20,254,609,1776,2669,1525357916281331,1525357916313125,31794
mat,1193608,37,624,496,155,240,360,84,9,8,28,20,32,96,23,8,223,28,16,32,36,80,8,192,96,21,254,612,1800,2534,1525357956111496,1525357956226376,114880
hs,660112,37,624,496,155,240,392,92,9,8,28,20,32,96,23,8,82505,28,17,32,36,80,8,192,96,20,254,609,1776,2669,1525357913549412,1525357913589666,40254
fac,160080,37,616,496,150,216,392,92,9,8,28,18,32,88,23,8,1885,28,13,32,36,64,8,192,72,21,254,598,1752,2423,1525357898974271,1525357899048874,74603
fac,160064,37,616,496,150,216,392,92,9,8,28,18,32,88,23,8,1630,28,19,32,36,64,8,192,72,21,254,598,1752,2423,1525357829356723,1525357829412797,56074
fac,160080,37,616,496,150,216,392,92,9,8,28,18,32,88,23,8,4810,28,4,32,36,64,8,192,72,21,254,598,1752,2423,1525357832264924,1525357832797434,532510
fac,160080,37,616,496,150,216,392,92,9,8,28,18,32,88,23,8,1587,28,2,32,36,64,8,192,72,21,254,598,1752,2423,1525357883772855,1525357883826258,53403
hs,231424,37,624,496,155,240,392,92,9,8,28,20,32,96,23,8,28919,28,6,32,36,80,8,192,96,20,254,609,1776,2669,1525357916527160,1525357916542374,15214
fac,160064,37,616,496,150,216,392,92,9,8,28,18,32,88,23,8,3221,28,11,32,36,64,8,192,72,21,254,598,1752,2423,1525357835092121,1525357835318908,226787
mat,645600,37,624,496,155,240,360,84,9,8,28,20,32,96,23,8,164,28,16,32,36,80,8,192,96,21,254,612,1800,2630,1525357932793695,1525357932860508,66813
hs,783232,37,624,496,155,240,392,92,9,8,28,20,32,96,23,8,97894,28,15,32,36,80,8,192,96,20,254,609,1776,2669,1525357910371072,1525357910416956,45884
bub,64,37,632,496,162,264,360,84,9,8,28,22,32,104,23,8,5933,28,18,32,36,96,8,192,120,21,254,623,1776,2431,1525357768945900,1525357769117846,171946
fac,160064,37,616,496,150,216,392,92,9,8,28,18,32,88,23,8,1596,28,19,32,36,64,8,192,72,21,254,598,1752,2423,1525357800070077,1525357800123851,53774
bub,64,37,632,496,162,264,360,84,9,8,28,22,32,104,23,8,7435,28,17,32,36,96,8,192,120,21,254,623,1776,2431,1525357790466493,1525357790739309,272816
fac,160080,37,616,496,150,216,392,92,9,8,28,18,32,88,23,8,565,28,7,32,36,64,8,192,72,21,254,598,1752,2423,1525357892783861,1525357892792446,8585
bub,64,37,632,496,162,264,360,84,9,8,28,22,32,104,23,8,8297,28,5,32,36,96,8,192,120,21,254,623,1776,2431,1525357753917130,1525357754255124,337994
hs,82064,37,624,496,155,240,392,92,9,8,28,20,32,96,23,8,10249,28,9,32,36,80,8,192,96,20,254,609,1776,2669,1525357920320129,1525357920325601,5472
mat,760512,37,632,496,162,264,368,84,9,8,28,22,32,104,23,8,218,28,19,32,36,96,8,192,120,21,254,632,1824,2695,1525357941983892,1525357942087231,103339
mat,1763712,37,632,496,162,264,368,84,9,8,28,22,32,104,23,8,332,28,10,32,36,96,8,192,120,21,254,632,1824,2695,1525357946299497,1525357946725308,425811
hs,64,37,632,496,162,264,392,92,9,8,28,22,32,104,23,8,35335,28,1,32,36,96,8,192,120,20,254,629,1800,2758,1525357920480639,1525357920499859,19220
hs,173792,37,624,496,155,240,392,92,9,8,28,20,32,96,23,8,21713,28,10,32,36,80,8,192,96,20,254,609,1776,2669,1525357924708320,1525357924722048,13728
bub,59728,37,624,496,155,240,360,84,9,8,28,20,32,96,23,8,7455,28,15,32,36,80,8,192,96,21,254,603,1752,2358,1525357731652136,1525357731894754,242618
fac,64,37,624,496,157,240,392,92,9,8,28,20,32,96,23,8,1797,28,6,32,36,80,8,192,96,21,254,618,1776,2528,1525357853581996,1525357853651270,69274
hs,64,37,632,496,162,264,392,92,9,8,28,22,32,104,23,8,84137,28,5,32,36,96,8,192,120,20,254,629,1800,2758,1525357924563160,1525357924603687,40527
bub,57920,37,624,496,155,240,360,84,9,8,28,20,32,96,23,8,7232,28,19,32,36,80,8,192,96,21,254,603,1752,2358,1525357773226076,1525357773455856,229780
fac,160080,37,616,496,150,216,392,92,9,8,28,18,32,88,23,8,1125,28,11,32,36,64,8,192,72,21,254,598,1752,2423,1525357816607788,1525357816636792,29004
hs,358432,37,624,496,155,240,392,92,9,8,28,20,32,96,23,8,44795,28,5,32,36,80,8,192,96,20,254,609,1776,2669,1525357913117906,1525357913139502,21596
bub,64,37,632,496,162,264,360,84,9,8,28,22,32,104,23,8,6469,28,10,32,36,96,8,192,120,21,254,623,1776,2431,1525357725506599,1525357725711179,204580
fac,160064,37,616,496,150,216,392,92,9,8,28,18,32,88,23,8,3483,28,3,32,36,64,8,192,72,21,254,598,1752,2423,1525357820288320,1525357820555039,266719
bub,77744,37,624,496,155,240,360,84,9,8,28,20,32,96,23,8,9707,28,16,32,36,80,8,192,96,21,254,603,1752,2358,1525357744299923,1525357744714150,414227
hs,200144,37,624,496,155,240,392,92,9,8,28,20,32,96,23,8,25008,28,10,32,36,80,8,192,96,20,254,609,1776,2669,1525357913408412,1525357913422286,13874
hs,577648,37,624,496,155,240,392,92,9,8,28,20,32,96,23,8,72196,28,12,32,36,80,8,192,96,20,254,609,1776,2669,1525357907574290,1525357907609226,34936
fac,160064,37,616,496,150,216,392,92,9,8,28,18,32,88,23,8,1171,28,8,32,36,64,8,192,72,21,254,598,1752,2423,1525357824050296,1525357824082465,32169
fac,160064,37,616,496,150,216,392,92,9,8,28,18,32,88,23,8,2755,28,12,32,36,64,8,192,72,21,254,598,1752,2423,1525357894550947,1525357894715828,164881
fac,160080,37,616,496,150,216,392,92,9,8,28,18,32,88,23,8,3201,28,17,32,36,64,8,192,72,21,254,598,1752,2423,1525357797182045,1525357797407897,225852
fac,64,37,624,496,157,240,392,92,9,8,28,20,32,96,23,8,1797,28,6,32,36,80,8,192,96,21,254,618,1776,2528,1525357853581996,1525357853651270,69274
fac,160064,37,616,496,150,216,392,92,9,8,28,18,32,88,23,8,3702,28,10,32,36,64,8,192,72,21,254,598,1752,2423,1525357900028660,1525357900332956,304296
bub,72784,37,624,496,155,240,360,84,9,8,28,20,32,96,23,8,9089,28,11,32,36,80,8,192,96,21,254,603,1752,2358,1525357782853286,1525357783216902,363616
bub,49728,37,624,496,155,240,360,84,9,8,28,20,32,96,23,8,6205,28,6,32,36,80,8,192,96,21,254,603,1752,2358,1525357746234469,1525357746401740,167271
hs,666944,37,624,496,155,240,392,92,9,8,28,20,32,96,23,8,83359,28,6,32,36,80,8,192,96,20,254,609,1776,2669,1525357921606467,1525357921647384,40917
bub,57920,37,624,496,155,240,360,84,9,8,28,20,32,96,23,8,7232,28,19,32,36,80,8,192,96,21,254,603,1752,2358,1525357773226076,1525357773455856,229780
hs,64,37,632,496,162,264,392,92,9,8,28,22,32,104,23,8,35525,28,4,32,36,96,8,192,120,20,254,629,1800,2758,1525357906415333,1525357906435099,19766
hs,358432,37,624,496,155,240,392,92,9,8,28,20,32,96,23,8,44795,28,5,32,36,80,8,192,96,20,254,609,1776,2669,1525357913117906,1525357913139502,21596
bub,22032,37,624,496,155,240,360,84,9,8,28,20,32,96,23,8,2746,28,15,32,36,80,8,192,96,21,254,603,1752,2358,1525357787274733,1525357787310877,36144
mat,300424,37,632,496,162,264,368,84,9,8,28,22,32,104,23,8,137,28,16,32,36,96,8,192,120,21,254,632,1824,2727,1525357967399557,1525357967432654,33097
hs,573104,37,624,496,155,240,392,92,9,8,28,20,32,96,23,8,71629,28,15,32,36,80,8,192,96,20,254,609,1776,2669,1525357913358126,1525357913393407,35281
mat,1161696,37,624,496,155,240,360,84,9,8,28,20,32,96,23,8,220,28,7,32,36,80,8,192,96,21,254,612,1800,2534,1525357970894357,1525357971007046,112689
hs,229952,37,624,496,155,240,392,92,9,8,28,20,32,96,23,8,28733,28,8,32,36,80,8,192,96,20,254,609,1776,2669,1525357909293056,1525357909309104,16048
bub,64,37,632,496,162,264,360,84,9,8,28,22,32,104,23,8,1749,28,6,32,36,96,8,192,120,21,254,623,1776,2431,1525357785618743,1525357785639594,20851
hs,437904,37,624,496,155,240,392,92,9,8,28,20,32,96,23,8,54728,28,17,32,36,80,8,192,96,20,254,609,1776,2669,1525357913024818,1525357913051047,26229
hs,205504,37,624,496,155,240,392,92,9,8,28,20,32,96,23,8,25679,28,7,32,36,80,8,192,96,20,254,609,1776,2669,1525357922497316,1525357922510701,13385
bub,61376,37,624,496,155,240,360,84,9,8,28,20,32,96,23,8,7661,28,12,32,36,80,8,192,96,21,254,603,1752,2358,1525357736942707,1525357737206246,263539
mat,2247360,37,624,496,155,240,360,84,9,8,28,20,32,96,23,8,306,28,6,32,36,80,8,192,96,21,254,612,1800,2534,1525357942861683,1525357943221520,359837
fac,160064,37,616,496,150,216,392,92,9,8,28,18,32,88,23,8,3142,28,1,32,36,64,8,192,72,21,254,598,1752,2423,1525357831470909,1525357831686324,215415
hs,64,37,632,496,162,264,392,92,9,8,28,22,32,104,23,8,68612,28,1,32,36,96,8,192,120,20,254,629,1800,2758,1525357925203730,1525357925236406,32676
bub,64,37,632,496,162,264,360,84,9,8,28,22,32,104,23,8,1029,28,11,32,36,96,8,192,120,21,254,623,1776,2431,1525357703981567,1525357703989925,8358
bub,26944,37,624,496,155,240,360,84,9,8,28,20,32,96,23,8,3358,28,18,32,36,80,8,192,96,21,254,603,1752,2358,1525357709665648,1525357709716324,50676
fac,160064,37,616,496,150,216,392,92,9,8,28,18,32,88,23,8,2761,28,12,32,36,64,8,192,72,21,254,598,1752,2423,1525357878256640,1525357878420784,164144
hs,694912,37,624,496,155,240,392,92,9,8,28,20,32,96,23,8,86853,28,5,32,36,80,8,192,96,20,254,609,1776,2669,1525357907330082,1525357907370081,39999
bub,12432,37,624,496,155,240,360,84,9,8,28,20,32,96,23,8,1546,28,17,32,36,80,8,192,96,21,254,603,1752,2358,1525357726124963,1525357726140152,15189
fac,160080,37,616,496,150,216,392,92,9,8,28,18,32,88,23,8,2442,28,1,32,36,64,8,192,72,21,254,598,1752,2423,1525357844275828,1525357844404157,128329
bub,16848,37,624,496,155,240,360,84,9,8,28,20,32,96,23,8,2097,28,8,32,36,80,8,192,96,21,254,603,1752,2358,1525357701826284,1525357701850322,24038
fac,64,37,624,496,157,240,392,92,9,8,28,20,32,96,23,8,4225,28,11,32,36,80,8,192,96,21,254,618,1776,2528,1525357803863261,1525357804267177,403916
bub,9616,37,624,496,155,240,360,84,9,8,28,20,32,96,23,8,1194,28,2,32,36,80,8,192,96,21,254,603,1752,2358,1525357759264581,1525357759275061,10480
bub,61376,37,624,496,155,240,360,84,9,8,28,20,32,96,23,8,7661,28,12,32,36,80,8,192,96,21,254,603,1752,2358,1525357736942707,1525357737206246,263539
fac,160080,37,616,496,150,216,392,92,9,8,28,18,32,88,23,8,4091,28,1,32,36,64,8,192,72,21,254,598,1752,2423,1525357862592106,1525357862969048,376942
fac,64,37,624,496,157,240,392,92,9,8,28,20,32,96,23,8,2648,28,16,32,36,80,8,192,96,21,254,618,1776,2528,1525357823830055,1525357823982336,152281
fac,160064,37,616,496,150,216,392,92,9,8,28,18,32,88,23,8,1297,28,1,32,36,64,8,192,72,21,254,598,1752,2423,1525357850082230,1525357850118205,35975
bub,37424,37,624,496,155,240,360,84,9,8,28,20,32,96,23,8,4670,28,7,32,36,80,8,192,96,21,254,603,1752,2358,1525357721049240,1525357721146268,97028
hs,123632,37,624,496,155,240,392,92,9,8,28,20,32,96,23,8,15445,28,17,32,36,80,8,192,96,20,254,609,1776,2669,1525357923541666,1525357923551528,9862
bub,9616,37,624,496,155,240,360,84,9,8,28,20,32,96,23,8,1194,28,2,32,36,80,8,192,96,21,254,603,1752,2358,1525357759264581,1525357759275061,10480
bub,63888,37,624,496,155,240,360,84,9,8,28,20,32,96,23,8,7976,28,13,32,36,80,8,192,96,21,254,603,1752,2358,1525357760184395,1525357760463505,279110
bub,13200,37,624,496,155,240,360,84,9,8,28,20,32,96,23,8,1639,28,2,32,36,80,8,192,96,21,254,603,1752,2358,1525357764880197,1525357764897019,16822
hs,266672,37,624,496,155,240,392,92,9,8,28,20,32,96,23,8,33323,28,7,32,36,80,8,192,96,20,254,609,1776,2669,1525357905220021,1525357905235633,15612
mat,1597632,37,624,496,155,240,360,84,9,8,28,20,32,96,23,8,258,28,18,32,36,80,8,192,96,21,254,612,1800,2582,1525357934829030,1525357935016242,187212
bub,41376,37,624,496,155,240,360,84,9,8,28,20,32,96,23,8,5163,28,3,32,36,80,8,192,96,21,254,603,1752,2358,1525357747939881,1525357748058118,118237
fac,160064,37,616,496,150,216,392,92,9,8,28,18,32,88,23,8,4115,28,5,32,36,64,8,192,72,21,254,598,1752,2423,1525357839955229,1525357840336977,381748
fac,160064,37,616,496,150,216,392,92,9,8,28,18,32,88,23,8,2582,28,5,32,36,64,8,192,72,21,254,598,1752,2423,1525357859190408,1525357859334612,144204
bub,47952,37,624,496,155,240,360,84,9,8,28,20,32,96,23,8,5986,28,14,32,36,80,8,192,96,21,254,603,1752,2358,1525357721340984,1525357721498761,157777
bub,34848,37,624,496,155,240,360,84,9,8,28,20,32,96,23,8,4345,28,5,32,36,80,8,192,96,21,254,603,1752,2358,1525357705115993,1525357705200783,84790
hs,32992,37,624,496,155,240,392,92,9,8,28,20,32,96,23,8,4114,28,1,32,36,80,8,192,96,20,254,609,1776,2669,1525357916591090,1525357916593275,2185
bub,25184,37,624,496,155,240,360,84,9,8,28,20,32,96,23,8,3140,28,18,32,36,80,8,192,96,21,254,603,1752,2358,1525357759202050,1525357759250020,47970
hs,64,37,632,496,162,264,392,92,9,8,28,22,32,104,23,8,62090,28,1,32,36,96,8,192,120,20,254,629,1800,2758,1525357919565127,1525357919594384,29257
bub,64,37,632,496,162,264,360,84,9,8,28,22,32,104,23,8,7712,28,4,32,36,96,8,192,120,21,254,623,1776,2431,1525357730100143,1525357730392119,291976
bub,63312,37,624,496,155,240,360,84,9,8,28,20,32,96,23,8,7905,28,2,32,36,80,8,192,96,21,254,603,1752,2358,1525357733575102,1525357733850822,275720
bub,64224,37,624,496,155,240,360,84,9,8,28,20,32,96,23,8,8018,28,18,32,36,80,8,192,96,21,254,603,1752,2358,1525357753070886,1525357753355159,284273
bub,48544,37,624,496,155,240,360,84,9,8,28,20,32,96,23,8,6060,28,6,32,36,80,8,192,96,21,254,603,1752,2358,1525357714651554,1525357714814227,162673
hs,332512,37,624,496,155,240,392,92,9,8,28,20,32,96,23,8,41556,28,18,32,36,80,8,192,96,20,254,609,1776,2669,1525357909990060,1525357910010756,20696
hs,209664,37,624,496,155,240,392,92,9,8,28,20,32,96,23,8,26197,28,14,32,36,80,8,192,96,20,254,609,1776,2669,1525357920547031,1525357920561170,14139
mat,922080,37,624,496,155,240,360,84,9,8,28,20,32,96,23,8,196,28,9,32,36,80,8,192,96,21,254,612,1800,2534,1525357967800401,1525357967882026,81625
mat,1597632,37,624,496,155,240,360,84,9,8,28,20,32,96,23,8,258,28,18,32,36,80,8,192,96,21,254,612,1800,2582,1525357934829030,1525357935016242,187212
bub,64,37,632,496,162,264,360,84,9,8,28,22,32,104,23,8,6472,28,16,32,36,96,8,192,120,21,254,623,1776,2431,1525357720403691,1525357720608777,205086
bub,47872,37,624,496,155,240,360,84,9,8,28,20,32,96,23,8,5974,28,6,32,36,80,8,192,96,21,254,603,1752,2358,1525357759892688,1525357760050253,157565
bub,64,37,632,496,162,264,360,84,9,8,28,22,32,104,23,8,9472,28,16,32,36,96,8,192,120,21,254,623,1776,2431,1525357767203741,1525357767644258,440517
mat,1963200,37,624,496,155,240,360,84,9,8,28,20,32,96,23,8,286,28,1,32,36,80,8,192,96,21,254,612,1800,2534,1525357952782346,1525357953076667,294321
hs,602848,37,624,496,155,240,392,92,9,8,28,20,32,96,23,8,75346,28,10,32,36,80,8,192,96,20,254,609,1776,2669,1525357916329650,1525357916366371,36721
hs,594288,37,624,496,155,240,392,92,9,8,28,20,32,96,23,8,74278,28,11,32,36,80,8,192,96,20,254,609,1776,2669,1525357918678363,1525357918713855,35492
hs,470528,37,624,496,155,240,392,92,9,8,28,20,32,96,23,8,58808,28,12,32,36,80,8,192,96,20,254,609,1776,2669,1525357917519111,1525357917547950,28839
hs,229952,37,624,496,155,240,392,92,9,8,28,20,32,96,23,8,28733,28,8,32,36,80,8,192,96,20,254,609,1776,2669,1525357909293056,1525357909309104,16048
fac,64,37,624,496,157,240,392,92,9,8,28,20,32,96,23,8,1786,28,1,32,36,80,8,192,96,21,254,618,1776,2528,1525357875769331,1525357875837384,68053
fac,64,37,624,496,157,240,392,92,9,8,28,20,32,96,23,8,1957,28,2,32,36,80,8,192,96,21,254,618,1776,2528,1525357800844495,1525357800925771,81276
mat,1291872,37,624,496,155,240,360,84,9,8,28,20,32,96,23,8,232,28,19,32,36,80,8,192,96,21,254,612,1800,2534,1525357926390929,1525357926544924,153995
hs,318752,37,624,496,155,240,392,92,9,8,28,20,32,96,23,8,39833,28,15,32,36,80,8,192,96,20,254,609,1776,2669,1525357924249278,1525357924270996,21718
bub,64,37,632,496,162,264,360,84,9,8,28,22,32,104,23,8,9954,28,13,32,36,96,8,192,120,21,254,623,1776,2431,1525357757614693,1525357758099790,485097
mat,274888,37,624,496,155,240,360,84,9,8,28,20,32,96,23,8,107,28,12,32,36,80,8,192,96,21,254,612,1800,2502,1525357967447197,1525357967465060,17863
bub,68864,37,624,496,155,240,360,84,9,8,28,20,32,96,23,8,8599,28,19,32,36,80,8,192,96,21,254,603,1752,2358,1525357774045791,1525357774370521,324730
bub,64,37,632,496,162,264,360,84,9,8,28,22,32,104,23,8,1029,28,11,32,36,96,8,192,120,21,254,623,1776,2431,1525357703981567,1525357703989925,8358
bub,17088,37,624,496,155,240,360,84,9,8,28,20,32,96,23,8,2125,28,19,32,36,80,8,192,96,21,254,603,1752,2358,1525357701719707,1525357701741896,22189
hs,64,37,632,496,162,264,392,92,9,8,28,22,32,104,23,8,33552,28,10,32,36,96,8,192,120,20,254,629,1800,2758,1525357922304237,1525357922322426,18189
bub,65456,37,624,496,155,240,360,84,9,8,28,20,32,96,23,8,8173,28,8,32,36,80,8,192,96,21,254,603,1752,2358,1525357705215996,1525357705509282,293286
mat,2306496,37,624,496,155,240,360,84,9,8,28,20,32,96,23,8,310,28,1,32,36,80,8,192,96,21,254,612,1800,2534,1525357976379878,1525357976753572,373694
hs,64,37,632,496,162,264,392,92,9,8,28,22,32,104,23,8,68612,28,1,32,36,96,8,192,120,20,254,629,1800,2758,1525357925203730,1525357925236406,32676
fac,160064,37,616,496,150,216,392,92,9,8,28,18,32,88,23,8,2883,28,14,32,36,64,8,192,72,21,254,598,1752,2423,1525357850131956,1525357850312291,180335
hs,634880,37,624,496,155,240,392,92,9,8,28,20,32,96,23,8,79350,28,5,32,36,80,8,192,96,20,254,609,1776,2669,1525357908763250,1525357908799885,36635
bub,64,37,632,496,162,264,360,84,9,8,28,22,32,104,23,8,7880,28,10,32,36,96,8,192,120,21,254,623,1776,2431,1525357792504778,1525357792809528,304750
hs,64,37,632,496,162,264,392,92,9,8,28,22,32,104,23,8,22834,28,10,32,36,96,8,192,120,20,254,629,1800,2758,1525357918297610,1525357918309409,11799
fac,160080,37,616,496,150,216,392,92,9,8,28,18,32,88,23,8,1090,28,12,32,36,64,8,192,72,21,254,598,1752,2423,1525357817364645,1525357817391915,27270
mat,524296,37,632,496,162,264,368,84,9,8,28,22,32,104,23,8,181,28,10,32,36,96,8,192,120,21,254,632,1824,2695,1525357951594747,1525357951655822,61075
hs,509840,37,624,496,155,240,392,92,9,8,28,20,32,96,23,8,63721,28,2,32,36,80,8,192,96,20,254,609,1776,2669,1525357916421180,1525357916451918,30738
mat,1775712,37,624,496,155,240,360,84,9,8,28,20,32,96,23,8,272,28,9,32,36,80,8,192,96,21,254,612,1800,2582,1525357941230338,1525357941500532,270194
fac,160064,37,616,496,150,216,392,92,9,8,28,18,32,88,23,8,3675,28,10,32,36,64,8,192,72,21,254,598,1752,2423,1525357899063196,1525357899363268,300072
hs,41216,37,624,496,155,240,392,92,9,8,28,20,32,96,23,8,5142,28,16,32,36,80,8,192,96,20,254,609,1776,2669,1525357915592489,1525357915594835,2346
bub,77344,37,624,496,155,240,360,84,9,8,28,20,32,96,23,8,9659,28,7,32,36,80,8,192,96,21,254,603,1752,2358,1525357726958880,1525357727368314,409434
fac,160080,37,616,496,150,216,392,92,9,8,28,18,32,88,23,8,1339,28,1,32,36,64,8,192,72,21,254,598,1752,2423,1525357804283271,1525357804321491,38220
bub,64864,37,624,496,155,240,360,84,9,8,28,20,32,96,23,8,8100,28,18,32,36,80,8,192,96,21,254,603,1752,2358,1525357748995942,1525357749285143,289201
bub,64,37,632,496,162,264,360,84,9,8,28,22,32,104,23,8,7573,28,18,32,36,96,8,192,120,21,254,623,1776,2431,1525357770097366,1525357770378703,281337
fac,64,37,624,496,157,240,392,92,9,8,28,20,32,96,23,8,2625,28,9,32,36,80,8,192,96,21,254,618,1776,2528,1525357875853193,1525357876002133,148940
bub,64,37,632,496,162,264,360,84,9,8,28,22,32,104,23,8,9525,28,19,32,36,96,8,192,120,21,254,623,1776,2431,1525357719699873,1525357720144708,444835
hs,685104,37,624,496,155,240,392,92,9,8,28,20,32,96,23,8,85628,28,12,32,36,80,8,192,96,20,254,609,1776,2669,1525357924618683,1525357924659748,41065
hs,64,37,632,496,162,264,392,92,9,8,28,22,32,104,23,8,76561,28,5,32,36,96,8,192,120,20,254,629,1800,2758,1525357915476829,1525357915512360,35531
fac,64,37,624,496,157,240,392,92,9,8,28,20,32,96,23,8,1753,28,17,32,36,80,8,192,96,21,254,618,1776,2528,1525357883249688,1525357883315645,65957
bub,48544,37,624,496,155,240,360,84,9,8,28,20,32,96,23,8,6060,28,6,32,36,80,8,192,96,21,254,603,1752,2358,1525357714651554,1525357714814227,162673
fac,64,37,624,496,157,240,392,92,9,8,28,20,32,96,23,8,4707,28,13,32,36,80,8,192,96,21,254,618,1776,2528,1525357847358615,1525357847867243,508628
hs,700944,37,624,496,155,240,392,92,9,8,28,20,32,96,23,8,87607,28,18,32,36,80,8,192,96,20,254,609,1776,2669,1525357917438842,1525357917481443,42601
fac,160064,37,616,496,150,216,392,92,9,8,28,18,32,88,23,8,4597,28,18,32,36,64,8,192,72,21,254,598,1752,2423,1525357886160970,1525357886643374,482404
fac,64,37,624,496,157,240,392,92,9,8,28,20,32,96,23,8,1790,28,17,32,36,80,8,192,96,21,254,618,1776,2528,1525357846015920,1525357846082044,66124
mat,1647552,37,624,496,155,240,360,84,9,8,28,20,32,96,23,8,262,28,6,32,36,80,8,192,96,21,254,612,1800,2534,1525357930834268,1525357931063146,228878
bub,60032,37,624,496,155,240,360,84,9,8,28,20,32,96,23,8,7496,28,4,32,36,80,8,192,96,21,254,603,1752,2358,1525357742261303,1525357742508529,247226
fac,160064,37,616,496,150,216,392,92,9,8,28,18,32,88,23,8,1965,28,18,32,36,64,8,192,72,21,254,598,1752,2423,1525357893311617,1525357893394359,82742
hs,64,37,632,496,162,264,392,92,9,8,28,22,32,104,23,8,26321,28,17,32,36,96,8,192,120,20,254,629,1800,2758,1525357922020859,1525357922035373,14514
bub,19680,37,624,496,155,240,360,84,9,8,28,20,32,96,23,8,2450,28,17,32,36,80,8,192,96,21,254,603,1752,2358,1525357751973517,1525357752003807,30290
fac,160080,37,616,496,150,216,392,92,9,8,28,18,32,88,23,8,3412,28,17,32,36,64,8,192,72,21,254,598,1752,2423,1525357891617259,1525357891873788,256529
fac,64,37,624,496,157,240,392,92,9,8,28,20,32,96,23,8,4146,28,8,32,36,80,8,192,96,21,254,618,1776,2528,1525357801545265,1525357801932289,387024
fac,64,37,624,496,157,240,392,92,9,8,28,20,32,96,23,8,3206,28,10,32,36,80,8,192,96,21,254,618,1776,2528,1525357875235872,1525357875460728,224856
fac,160080,37,616,496,150,216,392,92,9,8,28,18,32,88,23,8,1472,28,13,32,36,64,8,192,72,21,254,598,1752,2423,1525357814732468,1525357814779004,46536
mat,2661448,37,624,496,155,240,360,84,9,8,28,20,32,96,23,8,333,28,15,32,36,80,8,192,96,21,254,612,1800,2678,1525357928876426,1525357929385394,508968
fac,160080,37,616,496,150,216,392,92,9,8,28,18,32,88,23,8,3477,28,8,32,36,64,8,192,72,21,254,598,1752,2423,1525357896446724,1525357896713822,267098
hs,64,37,632,496,162,264,392,92,9,8,28,22,32,104,23,8,32174,28,8,32,36,96,8,192,120,20,254,629,1800,2758,1525357905374274,1525357905391630,17356
bub,64,37,632,496,162,264,360,84,9,8,28,22,32,104,23,8,9595,28,15,32,36,96,8,192,120,21,254,623,1776,2431,1525357713078484,1525357713529009,450525
fac,64,37,624,496,157,240,392,92,9,8,28,20,32,96,23,8,1797,28,6,32,36,80,8,192,96,21,254,618,1776,2528,1525357853581996,1525357853651270,69274
bub,19872,37,624,496,155,240,360,84,9,8,28,20,32,96,23,8,2476,28,14,32,36,80,8,192,96,21,254,603,1752,2358,1525357721909391,1525357721939814,30423
fac,64,37,624,496,157,240,392,92,9,8,28,20,32,96,23,8,2888,28,12,32,36,80,8,192,96,21,254,618,1776,2528,1525357836859192,1525357837039412,180220
bub,64,37,632,496,162,264,360,84,9,8,28,22,32,104,23,8,2385,28,5,32,36,96,8,192,120,21,254,623,1776,2431,1525357775089238,1525357775120759,31521
mat,1140672,37,624,496,155,240,360,84,9,8,28,20,32,96,23,8,218,28,5,32,36,80,8,192,96,21,254,612,1800,2534,1525357938342378,1525357938475617,133239
hs,64,37,632,496,162,264,392,92,9,8,28,22,32,104,23,8,35335,28,1,32,36,96,8,192,120,20,254,629,1800,2758,1525357920480639,1525357920499859,19220
bub,59728,37,624,496,155,240,360,84,9,8,28,20,32,96,23,8,7455,28,15,32,36,80,8,192,96,21,254,603,1752,2358,1525357731652136,1525357731894754,242618
fac,160064,37,616,496,150,216,392,92,9,8,28,18,32,88,23,8,2968,28,13,32,36,64,8,192,72,21,254,598,1752,2423,1525357832059279,1525357832251424,192145
fac,64,37,624,496,157,240,392,92,9,8,28,20,32,96,23,8,1903,28,3,32,36,80,8,192,96,21,254,618,1776,2528,1525357799115547,1525357799192441,76894
bub,39952,37,624,496,155,240,360,84,9,8,28,20,32,96,23,8,4984,28,1,32,36,80,8,192,96,21,254,603,1752,2358,1525357736185401,1525357736294473,109072
hs,112176,37,624,496,155,240,392,92,9,8,28,20,32,96,23,8,14011,28,15,32,36,80,8,192,96,20,254,609,1776,2669,1525357923613578,1525357923622528,8950
fac,160080,37,616,496,150,216,392,92,9,8,28,18,32,88,23,8,4703,28,10,32,36,64,8,192,72,21,254,598,1752,2423,1525357806623562,1525357807129661,506099
bub,54448,37,624,496,155,240,360,84,9,8,28,20,32,96,23,8,6798,28,15,32,36,80,8,192,96,21,254,603,1752,2358,1525357743202307,1525357743404758,202451
hs,64,37,632,496,162,264,392,92,9,8,28,22,32,104,23,8,43080,28,9,32,36,96,8,192,120,20,254,629,1800,2758,1525357923636700,1525357923657551,20851
mat,532936,37,624,496,155,240,360,84,9,8,28,20,32,96,23,8,149,28,1,32,36,80,8,192,96,21,254,612,1800,2646,1525357991709284,1525357991756794,47510
bub,60400,37,624,496,155,240,360,84,9,8,28,20,32,96,23,8,7541,28,15,32,36,80,8,192,96,21,254,603,1752,2358,1525357764615044,1525357764866309,251265
bub,64,37,632,496,162,264,360,84,9,8,28,22,32,104,23,8,7645,28,3,32,36,96,8,192,120,21,254,623,1776,2431,1525357775894171,1525357776182958,288787
hs,360000,37,624,496,155,240,392,92,9,8,28,20,32,96,23,8,44989,28,18,32,36,80,8,192,96,20,254,609,1776,2669,1525357911021251,1525357911045480,24229
mat,735112,37,624,496,155,240,360,84,9,8,28,20,32,96,23,8,175,28,11,32,36,80,8,192,96,21,254,612,1800,2534,1525357941151912,1525357941210364,58452
bub,64,37,632,496,162,264,360,84,9,8,28,22,32,104,23,8,2567,28,11,32,36,96,8,192,120,21,254,623,1776,2431,1525357704506993,1525357704542533,35540
fac,64,37,624,496,157,240,392,92,9,8,28,20,32,96,23,8,3910,28,14,32,36,80,8,192,96,21,254,618,1776,2528,1525357843918203,1525357844260310,342107
fac,160064,37,616,496,150,216,392,92,9,8,28,18,32,88,23,8,1965,28,18,32,36,64,8,192,72,21,254,598,1752,2423,1525357893311617,1525357893394359,82742
hs,64,37,632,496,162,264,392,92,9,8,28,22,32,104,23,8,28434,28,13,32,36,96,8,192,120,20,254,629,1800,2758,1525357921246720,1525357921262780,16060
fac,160064,37,616,496,150,216,392,92,9,8,28,18,32,88,23,8,3681,28,5,32,36,64,8,192,72,21,254,598,1752,2423,1525357885580148,1525357885881709,301561
hs,64,37,632,496,162,264,392,92,9,8,28,22,32,104,23,8,65131,28,18,32,36,96,8,192,120,20,254,629,1800,2758,1525357921866527,1525357921897589,31062
mat,1218944,37,632,496,162,264,368,84,9,8,28,22,32,104,23,8,276,28,12,32,36,96,8,192,120,21,254,632,1824,2695,1525357947972824,1525357948182838,210014
fac,160080,37,616,496,150,216,392,92,9,8,28,18,32,88,23,8,606,28,16,32,36,64,8,192,72,21,254,598,1752,2423,1525357820970248,1525357820979467,9219
fac,160064,37,616,496,150,216,392,92,9,8,28,18,32,88,23,8,2400,28,18,32,36,64,8,192,72,21,254,598,1752,2423,1525357883897271,1525357884020246,122975
bub,68240,37,624,496,155,240,360,84,9,8,28,20,32,96,23,8,8521,28,5,32,36,80,8,192,96,21,254,603,1752,2358,1525357758113383,1525357758432432,319049
hs,64,37,632,496,162,264,392,92,9,8,28,22,32,104,23,8,68612,28,1,32,36,96,8,192,120,20,254,629,1800,2758,1525357925203730,1525357925236406,32676
bub,43792,37,624,496,155,240,360,84,9,8,28,20,32,96,23,8,5463,28,15,32,36,80,8,192,96,21,254,603,1752,2358,1525357731424680,1525357731555507,130827
bub,47584,37,624,496,155,240,360,84,9,8,28,20,32,96,23,8,5939,28,6,32,36,80,8,192,96,21,254,603,1752,2358,1525357752899546,1525357753054287,154741
bub,64,37,632,496,162,264,360,84,9,8,28,22,32,104,23,8,2033,28,11,32,36,96,8,192,120,21,254,623,1776,2431,1525357704555428,1525357704580727,25299
bub,43744,37,624,496,155,240,360,84,9,8,28,20,32,96,23,8,5460,28,9,32,36,80,8,192,96,21,254,603,1752,2358,1525357793713221,1525357793846406,133185
bub,52928,37,624,496,155,240,360,84,9,8,28,20,32,96,23,8,6607,28,13,32,36,80,8,192,96,21,254,603,1752,2358,1525357707989052,1525357708181494,192442
fac,160080,37,616,496,150,216,392,92,9,8,28,18,32,88,23,8,4928,28,10,32,36,64,8,192,72,21,254,598,1752,2423,1525357877019056,1525357877578126,559070
mat,1218944,37,632,496,162,264,368,84,9,8,28,22,32,104,23,8,276,28,12,32,36,96,8,192,120,21,254,632,1824,2695,1525357947972824,1525357948182838,210014
mat,530112,37,632,496,162,264,368,84,9,8,28,22,32,104,23,8,182,28,16,32,36,96,8,192,120,21,254,632,1824,2695,1525357969355274,1525357969417585,62311
fac,160080,37,616,496,150,216,392,92,9,8,28,18,32,88,23,8,1090,28,12,32,36,64,8,192,72,21,254,598,1752,2423,1525357817364645,1525357817391915,27270
hs,228912,37,624,496,155,240,392,92,9,8,28,20,32,96,23,8,28606,28,17,32,36,80,8,192,96,20,254,609,1776,2669,1525357925171230,1525357925187555,16325
mat,1336800,37,624,496,155,240,360,84,9,8,28,20,32,96,23,8,236,28,14,32,36,80,8,192,96,21,254,612,1800,2534,1525357976195422,1525357976356764,161342
bub,27008,37,624,496,155,240,360,84,9,8,28,20,32,96,23,8,3365,28,9,32,36,80,8,192,96,21,254,603,1752,2358,1525357706733620,1525357706785881,52261
hs,103392,37,624,496,155,240,392,92,9,8,28,20,32,96,23,8,12915,28,7,32,36,80,8,192,96,20,254,609,1776,2669,1525357908066145,1525357908072855,6710
hs,64,37,632,496,162,264,392,92,9,8,28,22,32,104,23,8,48669,28,17,32,36,96,8,192,120,20,254,629,1800,2758,1525357912721484,1525357912746168,24684
fac,160064,37,616,496,150,216,392,92,9,8,28,18,32,88,23,8,2011,28,1,32,36,64,8,192,72,21,254,598,1752,2423,1525357826281737,1525357826367578,85841
fac,160064,37,616,496,150,216,392,92,9,8,28,18,32,88,23,8,4186,28,1,32,36,64,8,192,72,21,254,598,1752,2423,1525357838332954,1525357838727322,394368
mat,989128,37,624,496,155,240,360,84,9,8,28,20,32,96,23,8,203,28,5,32,36,80,8,192,96,21,254,612,1800,2534,1525357964990601,1525357965079953,89352
hs,64,37,632,496,162,264,392,92,9,8,28,22,32,104,23,8,87676,28,12,32,36,96,8,192,120,20,254,629,1800,2758,1525357909413889,1525357909454275,40386
mat,1417288,37,624,496,155,240,360,84,9,8,28,20,32,96,23,8,243,28,3,32,36,80,8,192,96,21,254,612,1800,2694,1525357968712800,1525357968909596,196796
bub,33568,37,624,496,155,240,360,84,9,8,28,20,32,96,23,8,4185,28,16,32,36,80,8,192,96,21,254,603,1752,2358,1525357749931257,1525357750009005,77748
fac,160080,37,616,496,150,216,392,92,9,8,28,18,32,88,23,8,1472,28,13,32,36,64,8,192,72,21,254,598,1752,2423,1525357814732468,1525357814779004,46536
bub,20304,37,624,496,155,240,360,84,9,8,28,20,32,96,23,8,2527,28,9,32,36,80,8,192,96,21,254,603,1752,2358,1525357712987294,1525357713020196,32902
fac,160080,37,616,496,150,216,392,92,9,8,28,18,32,88,23,8,767,28,5,32,36,64,8,192,72,21,254,598,1752,2423,1525357804334935,1525357804351379,16444
hs,261392,37,624,496,155,240,392,92,9,8,28,20,32,96,23,8,32663,28,17,32,36,80,8,192,96,20,254,609,1776,2669,1525357910470728,1525357910489363,18635
hs,64,37,632,496,162,264,392,92,9,8,28,22,32,104,23,8,57561,28,12,32,36,96,8,192,120,20,254,629,1800,2758,1525357913803339,1525357913831618,28279
bub,78736,37,624,496,155,240,360,84,9,8,28,20,32,96,23,8,9834,28,17,32,36,80,8,192,96,21,254,603,1752,2358,1525357742631555,1525357743055923,424368
bub,64,37,632,496,162,264,360,84,9,8,28,22,32,104,23,8,5292,28,11,32,36,96,8,192,120,21,254,623,1776,2431,1525357707837877,1525357707974064,136187
bub,60032,37,624,496,155,240,360,84,9,8,28,20,32,96,23,8,7496,28,4,32,36,80,8,192,96,21,254,603,1752,2358,1525357742261303,1525357742508529,247226
bub,64,37,632,496,162,264,360,84,9,8,28,22,32,104,23,8,2225,28,9,32,36,96,8,192,120,21,254,623,1776,2431,1525357726691818,1525357726717953,26135
hs,51040,37,624,496,155,240,392,92,9,8,28,20,32,96,23,8,6370,28,8,32,36,80,8,192,96,20,254,609,1776,2669,1525357915187535,1525357915190201,2666
hs,506496,37,624,496,155,240,392,92,9,8,28,20,32,96,23,8,63303,28,2,32,36,80,8,192,96,20,254,609,1776,2669,1525357923567121,1525357923597907,30786
hs,593504,37,624,496,155,240,392,92,9,8,28,20,32,96,23,8,74177,28,11,32,36,80,8,192,96,20,254,609,1776,2669,1525357907949330,1525357907983456,34126
mat,812640,37,624,496,155,240,360,84,9,8,28,20,32,96,23,8,184,28,1,32,36,80,8,192,96,21,254,612,1800,2534,1525357945068253,1525357945137356,69103
hs,64,37,632,496,162,264,392,92,9,8,28,22,32,104,23,8,67269,28,16,32,36,96,8,192,120,20,254,629,1800,2758,1525357910262860,1525357910295730,32870
bub,64,37,632,496,162,264,360,84,9,8,28,22,32,104,23,8,5584,28,17,32,36,96,8,192,120,21,254,623,1776,2431,1525357726522017,1525357726674117,152100
bub,42800,37,624,496,155,240,360,84,9,8,28,20,32,96,23,8,5340,28,2,32,36,80,8,192,96,21,254,603,1752,2358,1525357759060897,1525357759186600,125703
hs,423760,37,624,496,155,240,392,92,9,8,28,20,32,96,23,8,52960,28,15,32,36,80,8,192,96,20,254,609,1776,2669,1525357912541925,1525357912567217,25292
bub,25824,37,624,496,155,240,360,84,9,8,28,20,32,96,23,8,3220,28,6,32,36,80,8,192,96,21,254,603,1752,2358,1525357704333123,1525357704381220,48097
hs,64,37,632,496,162,264,392,92,9,8,28,22,32,104,23,8,62777,28,3,32,36,96,8,192,120,20,254,629,1800,2758,1525357924352834,1525357924383464,30630
hs,486688,37,624,496,155,240,392,92,9,8,28,20,32,96,23,8,60826,28,11,32,36,80,8,192,96,20,254,609,1776,2669,1525357907528482,1525357907557150,28668
bub,78736,37,624,496,155,240,360,84,9,8,28,20,32,96,23,8,9834,28,17,32,36,80,8,192,96,21,254,603,1752,2358,1525357742631555,1525357743055923,424368
fac,160064,37,616,496,150,216,392,92,9,8,28,18,32,88,23,8,4802,28,16,32,36,64,8,192,72,21,254,598,1752,2423,1525357797422417,1525357797952333,529916
fac,160064,37,616,496,150,216,392,92,9,8,28,18,32,88,23,8,4719,28,3,32,36,64,8,192,72,21,254,598,1752,2423,1525357870502791,1525357871011591,508800
mat,640128,37,632,496,162,264,368,84,9,8,28,22,32,104,23,8,200,28,10,32,36,96,8,192,120,21,254,632,1824,2759,1525357971064247,1525357971153965,89718
hs,64,37,632,496,162,264,392,92,9,8,28,22,32,104,23,8,45328,28,16,32,36,96,8,192,120,20,254,629,1800,2758,1525357923359122,1525357923382064,22942
fac,64,37,624,496,157,240,392,92,9,8,28,20,32,96,23,8,1518,28,2,32,36,80,8,192,96,21,254,618,1776,2528,1525357820225033,1525357820274732,49699
fac,160080,37,616,496,150,216,392,92,9,8,28,18,32,88,23,8,4965,28,7,32,36,64,8,192,72,21,254,598,1752,2423,1525357890852604,1525357891420613,568009
bub,10816,37,624,496,155,240,360,84,9,8,28,20,32,96,23,8,1342,28,19,32,36,80,8,192,96,21,254,603,1752,2358,1525357726495796,1525357726509004,13208
bub,11696,37,624,496,155,240,360,84,9,8,28,20,32,96,23,8,1453,28,15,32,36,80,8,192,96,21,254,603,1752,2358,1525357770703767,1525357770718102,14335
hs,64,37,632,496,162,264,392,92,9,8,28,22,32,104,23,8,68642,28,13,32,36,96,8,192,120,20,254,629,1800,2758,1525357908907066,1525357908939707,32641
mat,306568,37,624,496,155,240,360,84,9,8,28,20,32,96,23,8,113,28,15,32,36,80,8,192,96,21,254,612,1800,2502,1525357976051170,1525357976070894,19724
mat,931528,37,624,496,155,240,360,84,9,8,28,20,32,96,23,8,197,28,7,32,36,80,8,192,96,21,254,612,1800,2534,1525357954053634,1525357954153146,99512
bub,63104,37,624,496,155,240,360,84,9,8,28,20,32,96,23,8,7877,28,11,32,36,80,8,192,96,21,254,603,1752,2358,1525357709991030,1525357710263400,272370
fac,160080,37,616,496,150,216,392,92,9,8,28,18,32,88,23,8,2587,28,6,32,36,64,8,192,72,21,254,598,1752,2423,1525357883067246,1525357883211442,144196
fac,64,37,624,496,157,240,392,92,9,8,28,20,32,96,23,8,4693,28,2,32,36,80,8,192,96,21,254,618,1776,2528,1525357890329510,1525357890836891,507381
bub,47584,37,624,496,155,240,360,84,9,8,28,20,32,96,23,8,5939,28,6,32,36,80,8,192,96,21,254,603,1752,2358,1525357752899546,1525357753054287,154741
bub,53504,37,624,496,155,240,360,84,9,8,28,20,32,96,23,8,6680,28,1,32,36,80,8,192,96,21,254,603,1752,2358,1525357736309852,1525357736507602,197750
mat,364936,37,632,496,162,264,368,84,9,8,28,22,32,104,23,8,151,28,13,32,36,96,8,192,120,21,254,632,1824,2695,1525357987129278,1525357987166166,36888
bub,64,37,632,496,162,264,360,84,9,8,28,22,32,104,23,8,8468,28,15,32,36,96,8,192,120,21,254,623,1776,2431,1525357789596127,1525357789947914,351787
hs,64,37,632,496,162,264,392,92,9,8,28,22,32,104,23,8,80792,28,11,32,36,96,8,192,120,20,254,629,1800,2758,1525357924738760,1525357924776231,37471
hs,788288,37,624,496,155,240,392,92,9,8,28,20,32,96,23,8,98525,28,9,32,36,80,8,192,96,20,254,609,1776,2669,1525357918042226,1525357918087987,45761
mat,1056904,37,632,496,162,264,368,84,9,8,28,22,32,104,23,8,257,28,8,32,36,96,8,192,120,21,254,632,1824,2711,1525357999452944,1525357999626500,173556
mat,726720,37,624,496,155,240,360,84,9,8,28,20,32,96,23,8,174,28,1,32,36,80,8,192,96,21,254,612,1800,2534,1525357927967160,1525357928036189,69029
bub,66128,37,624,496,155,240,360,84,9,8,28,20,32,96,23,8,8258,28,6,32,36,80,8,192,96,21,254,603,1752,2358,1525357716064472,1525357716364781,300309
fac,160064,37,616,496,150,216,392,92,9,8,28,18,32,88,23,8,3569,28,16,32,36,64,8,192,72,21,254,598,1752,2423,1525357801072389,1525357801353755,281366
hs,64,37,632,496,162,264,392,92,9,8,28,22,32,104,23,8,81055,28,12,32,36,96,8,192,120,20,254,629,1800,2758,1525357912305831,1525357912344659,38828
mat,274888,37,624,496,155,240,360,84,9,8,28,20,32,96,23,8,107,28,12,32,36,80,8,192,96,21,254,612,1800,2502,1525357967447197,1525357967465060,17863
mat,781576,37,632,496,162,264,368,84,9,8,28,22,32,104,23,8,221,28,12,32,36,96,8,192,120,21,254,632,1824,2695,1525358002738094,1525358002845227,107133
bub,49728,37,624,496,155,240,360,84,9,8,28,20,32,96,23,8,6205,28,6,32,36,80,8,192,96,21,254,603,1752,2358,1525357746234469,1525357746401740,167271
hs,645680,37,624,496,155,240,392,92,9,8,28,20,32,96,23,8,80702,28,13,32,36,80,8,192,96,20,254,609,1776,2669,1525357919239709,1525357919278986,39277
fac,160080,37,616,496,150,216,392,92,9,8,28,18,32,88,23,8,1250,28,13,32,36,64,8,192,72,21,254,598,1752,2423,1525357807681413,1525357807716802,35389
hs,464288,37,624,496,155,240,392,92,9,8,28,20,32,96,23,8,58025,28,7,32,36,80,8,192,96,20,254,609,1776,2669,1525357907712872,1525357907742397,29525
bub,62928,37,624,496,155,240,360,84,9,8,28,20,32,96,23,8,7856,28,8,32,36,80,8,192,96,21,254,603,1752,2358,1525357765659659,1525357765929286,269627
hs,661984,37,624,496,155,240,392,92,9,8,28,20,32,96,23,8,82738,28,8,32,36,80,8,192,96,20,254,609,1776,2669,1525357908087648,1525357908127261,39613
fac,160064,37,616,496,150,216,392,92,9,8,28,18,32,88,23,8,3525,28,14,32,36,64,8,192,72,21,254,598,1752,2423,1525357895048970,1525357895325042,276072
mat,254728,37,624,496,155,240,360,84,9,8,28,20,32,96,23,8,103,28,18,32,36,80,8,192,96,21,254,612,1800,2502,1525358009003224,1525358009020785,17561
hs,64,37,632,496,162,264,392,92,9,8,28,22,32,104,23,8,3340,28,11,32,36,96,8,192,120,20,254,629,1800,2758,1525357915338784,1525357915340546,1762
fac,160064,37,616,496,150,216,392,92,9,8,28,18,32,88,23,8,1965,28,18,32,36,64,8,192,72,21,254,598,1752,2423,1525357893311617,1525357893394359,82742
bub,15488,37,624,496,155,240,360,84,9,8,28,20,32,96,23,8,1928,28,3,32,36,80,8,192,96,21,254,603,1752,2358,1525357774384038,1525357774403720,19682
bub,78528,37,624,496,155,240,360,84,9,8,28,20,32,96,23,8,9807,28,14,32,36,80,8,192,96,21,254,603,1752,2358,1525357743865556,1525357744285727,420171
bub,26464,37,624,496,155,240,360,84,9,8,28,20,32,96,23,8,3299,28,9,32,36,80,8,192,96,21,254,603,1752,2358,1525357749367691,1525357749418704,51013
mat,1976968,37,624,496,155,240,360,84,9,8,28,20,32,96,23,8,287,28,6,32,36,80,8,192,96,21,254,612,1800,2598,1525357973706271,1525357973982526,276255
hs,64,37,632,496,162,264,392,92,9,8,28,22,32,104,23,8,4016,28,3,32,36,96,8,192,120,20,254,629,1800,2758,1525357906092763,1525357906094759,1996
fac,160064,37,616,496,150,216,392,92,9,8,28,18,32,88,23,8,1400,28,1,32,36,64,8,192,72,21,254,598,1752,2423,1525357824471695,1525357824514714,43019
fac,160080,37,616,496,150,216,392,92,9,8,28,18,32,88,23,8,4168,28,13,32,36,64,8,192,72,21,254,598,1752,2423,1525357881801285,1525357882193151,391866
fac,160064,37,616,496,150,216,392,92,9,8,28,18,32,88,23,8,3075,28,2,32,36,64,8,192,72,21,254,598,1752,2423,1525357830215118,1525357830422458,207340
fac,160080,37,616,496,150,216,392,92,9,8,28,18,32,88,23,8,2436,28,8,32,36,64,8,192,72,21,254,598,1752,2423,1525357825314186,1525357825440464,126278
bub,37648,37,624,496,155,240,360,84,9,8,28,20,32,96,23,8,4696,28,4,32,36,80,8,192,96,21,254,603,1752,2358,1525357721161913,1525357721259437,97524
bub,77696,37,624,496,155,240,360,84,9,8,28,20,32,96,23,8,9702,28,2,32,36,80,8,192,96,21,254,603,1752,2358,1525357775464675,1525357775878016,413341
