bub,11968,37,624,496,155,240,360,84,9,8,28,20,32,96,23,8,1486,28,13,32,36,80,8,192,96,21,254,603,1752,2358,1525357726153184,1525357726169900,16716
bub,51376,37,624,496,155,240,360,84,9,8,28,20,32,96,23,8,6411,28,18,32,36,80,8,192,96,21,254,603,1752,2358,1525357747742165,1525357747923992,181827
hs,596544,37,624,496,155,240,392,92,9,8,28,20,32,96,23,8,74558,28,14,32,36,80,8,192,96,20,254,609,1776,2669,1525357905408151,1525357905445267,37116
fac,160064,37,616,496,150,216,392,92,9,8,28,18,32,88,23,8,4884,28,18,32,36,64,8,192,72,21,254,598,1752,2423,1525357899378424,1525357899926341,547917
bub,64,37,632,496,162,264,360,84,9,8,28,22,32,104,23,8,7261,28,5,32,36,96,8,192,120,21,254,623,1776,2431,1525357792824677,1525357793083324,258647
bub,13200,37,624,496,155,240,360,84,9,8,28,20,32,96,23,8,1639,28,2,32,36,80,8,192,96,21,254,603,1752,2358,1525357764880197,1525357764897019,16822
mat,2046432,37,624,496,155,240,360,84,9,8,28,20,32,96,23,8,292,28,15,32,36,80,8,192,96,21,254,612,1800,2630,1525357932388287,1525357932746240,357953
bub,64,37,632,496,162,264,360,84,9,8,28,22,32,104,23,8,9091,28,3,32,36,96,8,192,120,21,254,623,1776,2431,1525357736522696,1525357736927939,405243
bub,55920,37,624,496,155,240,360,84,9,8,28,20,32,96,23,8,6982,28,8,32,36,80,8,192,96,21,254,603,1752,2358,1525357759662043,1525357759876537,214494
hs,393040,37,624,496,155,240,392,92,9,8,28,20,32,96,23,8,49121,28,8,32,36,80,8,192,96,20,254,609,1776,2669,1525357917626031,1525357917650243,24212
mat,532936,37,624,496,155,240,360,84,9,8,28,20,32,96,23,8,149,28,9,32,36,80,8,192,96,21,254,612,1800,2646,1525357942791182,1525357942838701,47519
hs,55312,37,624,496,155,240,392,92,9,8,28,20,32,96,23,8,6903,28,7,32,36,80,8,192,96,20,254,609,1776,2669,1525357905355825,1525357905359701,3876
bub,69296,37,624,496,155,240,360,84,9,8,28,20,32,96,23,8,8654,28,11,32,36,80,8,192,96,21,254,603,1752,2358,1525357740423430,1525357740751665,328235
fac,64,37,624,496,157,240,392,92,9,8,28,20,32,96,23,8,769,28,6,32,36,80,8,192,96,21,254,618,1776,2528,1525357834147413,1525357834163552,16139
hs,205200,37,624,496,155,240,392,92,9,8,28,20,32,96,23,8,25642,28,12,32,36,80,8,192,96,20,254,609,1776,2669,1525357920340091,1525357920354000,13909
mat,735112,37,624,496,155,240,360,84,9,8,28,20,32,96,23,8,175,28,11,32,36,80,8,192,96,21,254,612,1800,2534,1525357941151912,1525357941210364,58452
hs,622144,37,624,496,155,240,392,92,9,8,28,20,32,96,23,8,77760,28,1,32,36,80,8,192,96,20,254,609,1776,2669,1525357906318951,1525357906356941,37990
hs,506496,37,624,496,155,240,392,92,9,8,28,20,32,96,23,8,63303,28,2,32,36,80,8,192,96,20,254,609,1776,2669,1525357923567121,1525357923597907,30786
fac,64,37,624,496,157,240,392,92,9,8,28,20,32,96,23,8,815,28,3,32,36,80,8,192,96,21,254,618,1776,2528,1525357839881113,1525357839895881,14768
bub,19504,37,624,496,155,240,360,84,9,8,28,20,32,96,23,8,2429,28,13,32,36,80,8,192,96,21,254,603,1752,2358,1525357707792931,1525357707823318,30387
fac,160064,37,616,496,150,216,392,92,9,8,28,18,32,88,23,8,4744,28,4,32,36,64,8,192,72,21,254,598,1752,2423,1525357889140325,1525357889659027,518702
hs,172912,37,624,496,155,240,392,92,9,8,28,20,32,96,23,8,21606,28,7,32,36,80,8,192,96,20,254,609,1776,2669,1525357916859776,1525357916871827,12051
fac,160064,37,616,496,150,216,392,92,9,8,28,18,32,88,23,8,3762,28,15,32,36,64,8,192,72,21,254,598,1752,2423,1525357880726092,1525357881042014,315922
bub,37776,37,624,496,155,240,360,84,9,8,28,20,32,96,23,8,4713,28,18,32,36,80,8,192,96,21,254,603,1752,2358,1525357788662278,1525357788762702,100424
bub,64,37,632,496,162,264,360,84,9,8,28,22,32,104,23,8,1896,28,6,32,36,96,8,192,120,21,254,623,1776,2431,1525357782494975,1525357782517431,22456
fac,160080,37,616,496,150,216,392,92,9,8,28,18,32,88,23,8,4084,28,4,32,36,64,8,192,72,21,254,598,1752,2423,1525357845061034,1525357845435331,374297
hs,64,37,632,496,162,264,392,92,9,8,28,22,32,104,23,8,30332,28,18,32,36,96,8,192,120,20,254,629,1800,2758,1525357910679630,1525357910696344,16714
fac,64,37,624,496,157,240,392,92,9,8,28,20,32,96,23,8,4930,28,1,32,36,80,8,192,96,21,254,618,1776,2528,1525357821614831,1525357822175144,560313
fac,64,37,624,496,157,240,392,92,9,8,28,20,32,96,23,8,4908,28,16,32,36,80,8,192,96,21,254,618,1776,2528,1525357855101719,1525357855657812,556093
hs,438448,37,624,496,155,240,392,92,9,8,28,20,32,96,23,8,54798,28,16,32,36,80,8,192,96,20,254,609,1776,2669,1525357921737536,1525357921765234,27698
bub,40256,37,624,496,155,240,360,84,9,8,28,20,32,96,23,8,5021,28,13,32,36,80,8,192,96,21,254,603,1752,2358,1525357728896680,1525357729009238,112558
bub,45520,37,624,496,155,240,360,84,9,8,28,20,32,96,23,8,5681,28,14,32,36,80,8,192,96,21,254,603,1752,2358,1525357769524187,1525357769669712,145525
bub,68864,37,624,496,155,240,360,84,9,8,28,20,32,96,23,8,8599,28,19,32,36,80,8,192,96,21,254,603,1752,2358,1525357774045791,1525357774370521,324730
fac,160080,37,616,496,150,216,392,92,9,8,28,18,32,88,23,8,1090,28,12,32,36,64,8,192,72,21,254,598,1752,2423,1525357817364645,1525357817391915,27270
hs,260928,37,624,496,155,240,392,92,9,8,28,20,32,96,23,8,32608,28,1,32,36,80,8,192,96,20,254,609,1776,2669,1525357905544621,1525357905561137,16516
fac,160064,37,616,496,150,216,392,92,9,8,28,18,32,88,23,8,3013,28,2,32,36,64,8,192,72,21,254,598,1752,2423,1525357808991385,1525357809188016,196631
hs,64,37,632,496,162,264,392,92,9,8,28,22,32,104,23,8,33552,28,10,32,36,96,8,192,120,20,254,629,1800,2758,1525357922304237,1525357922322426,18189
fac,64,37,624,496,157,240,392,92,9,8,28,20,32,96,23,8,785,28,15,32,36,80,8,192,96,21,254,618,1776,2528,1525357845919386,1525357845934232,14846
bub,64,37,632,496,162,264,360,84,9,8,28,22,32,104,23,8,3535,28,18,32,36,96,8,192,120,21,254,623,1776,2431,1525357712194121,1525357712257202,63081
bub,73280,37,624,496,155,240,360,84,9,8,28,20,32,96,23,8,9152,28,2,32,36,80,8,192,96,21,254,603,1752,2358,1525357699656932,1525357700025821,368889
fac,64,37,624,496,157,240,392,92,9,8,28,20,32,96,23,8,1628,28,11,32,36,80,8,192,96,21,254,618,1776,2528,1525357871084175,1525357871139659,55484
bub,27248,37,624,496,155,240,360,84,9,8,28,20,32,96,23,8,3396,28,1,32,36,80,8,192,96,21,254,603,1752,2358,1525357755688483,1525357755742860,54377
bub,66128,37,624,496,155,240,360,84,9,8,28,20,32,96,23,8,8258,28,6,32,36,80,8,192,96,21,254,603,1752,2358,1525357716064472,1525357716364781,300309
bub,49728,37,624,496,155,240,360,84,9,8,28,20,32,96,23,8,6205,28,6,32,36,80,8,192,96,21,254,603,1752,2358,1525357746234469,1525357746401740,167271
fac,160080,37,616,496,150,216,392,92,9,8,28,18,32,88,23,8,3629,28,3,32,36,64,8,192,72,21,254,598,1752,2423,1525357844731099,1525357845024419,293320
hs,440608,37,624,496,155,240,392,92,9,8,28,20,32,96,23,8,55066,28,5,32,36,80,8,192,96,20,254,609,1776,2669,1525357924309617,1525357924335724,26107
bub,73728,37,624,496,155,240,360,84,9,8,28,20,32,96,23,8,9208,28,18,32,36,80,8,192,96,21,254,603,1752,2358,1525357705956774,1525357706328158,371384
fac,160064,37,616,496,150,216,392,92,9,8,28,18,32,88,23,8,935,28,14,32,36,64,8,192,72,21,254,598,1752,2423,1525357822685075,1525357822705635,20560
fac,64,37,624,496,157,240,392,92,9,8,28,20,32,96,23,8,1903,28,3,32,36,80,8,192,96,21,254,618,1776,2528,1525357799115547,1525357799192441,76894
bub,64,37,632,496,162,264,360,84,9,8,28,22,32,104,23,8,6277,28,3,32,36,96,8,192,120,21,254,623,1776,2431,1525357765451519,1525357765645090,193571
hs,704928,37,624,496,155,240,392,92,9,8,28,20,32,96,23,8,88105,28,9,32,36,80,8,192,96,20,254,609,1776,2669,1525357923675242,1525357923717881,42639
bub,64,37,632,496,162,264,360,84,9,8,28,22,32,104,23,8,5064,28,15,32,36,96,8,192,120,21,254,623,1776,2431,1525357782712960,1525357782839333,126373
bub,36480,37,624,496,155,240,360,84,9,8,28,20,32,96,23,8,4552,28,2,32,36,80,8,192,96,21,254,603,1752,2358,1525357722489014,1525357722583650,94636
hs,667104,37,624,496,155,240,392,92,9,8,28,20,32,96,23,8,83378,28,12,32,36,80,8,192,96,20,254,609,1776,2669,1525357925445912,1525357925485642,39730
hs,64,37,632,496,162,264,392,92,9,8,28,22,32,104,23,8,48669,28,17,32,36,96,8,192,120,20,254,629,1800,2758,1525357912721484,1525357912746168,24684
bub,16848,37,624,496,155,240,360,84,9,8,28,20,32,96,23,8,2097,28,8,32,36,80,8,192,96,21,254,603,1752,2358,1525357701826284,1525357701850322,24038
fac,160064,37,616,496,150,216,392,92,9,8,28,18,32,88,23,8,3124,28,15,32,36,64,8,192,72,21,254,598,1752,2423,1525357858102399,1525357858313124,210725
bub,64,37,632,496,162,264,360,84,9,8,28,22,32,104,23,8,8841,28,5,32,36,96,8,192,120,21,254,623,1776,2431,1525357716881048,1525357717264280,383232
bub,66752,37,624,496,155,240,360,84,9,8,28,20,32,96,23,8,8334,28,4,32,36,80,8,192,96,21,254,603,1752,2358,1525357771633943,1525357771939776,305833
fac,160080,37,616,496,150,216,392,92,9,8,28,18,32,88,23,8,3199,28,7,32,36,64,8,192,72,21,254,598,1752,2423,1525357903176365,1525357903400319,223954
fac,160064,37,616,496,150,216,392,92,9,8,28,18,32,88,23,8,1399,28,11,32,36,64,8,192,72,21,254,598,1752,2423,1525357801368949,1525357801413519,44570
bub,73904,37,624,496,155,240,360,84,9,8,28,20,32,96,23,8,9229,28,10,32,36,80,8,192,96,21,254,603,1752,2358,1525357756281195,1525357756653746,372551
hs,64,37,632,496,162,264,392,92,9,8,28,22,32,104,23,8,39047,28,5,32,36,96,8,192,120,20,254,629,1800,2758,1525357921507520,1525357921527842,20322
bub,31616,37,624,496,155,240,360,84,9,8,28,20,32,96,23,8,3941,28,2,32,36,80,8,192,96,21,254,603,1752,2358,1525357783978916,1525357784049579,70663
bub,11696,37,624,496,155,240,360,84,9,8,28,20,32,96,23,8,1453,28,15,32,36,80,8,192,96,21,254,603,1752,2358,1525357770703767,1525357770718102,14335
bub,64,37,632,496,162,264,360,84,9,8,28,22,32,104,23,8,3535,28,18,32,36,96,8,192,120,21,254,623,1776,2431,1525357712194121,1525357712257202,63081
mat,1038432,37,624,496,155,240,360,84,9,8,28,20,32,96,23,8,208,28,6,32,36,80,8,192,96,21,254,612,1800,2630,1525357945266779,1525357945380375,113596
hs,64,37,632,496,162,264,392,92,9,8,28,22,32,104,23,8,67875,28,13,32,36,96,8,192,120,20,254,629,1800,2758,1525357922980698,1525357923011836,31138
bub,64,37,632,496,162,264,360,84,9,8,28,22,32,104,23,8,6411,28,14,32,36,96,8,192,120,21,254,623,1776,2431,1525357714829528,1525357715030689,201161
bub,74736,37,624,496,155,240,360,84,9,8,28,20,32,96,23,8,9331,28,12,32,36,80,8,192,96,21,254,603,1752,2358,1525357746831755,1525357747213829,382074
fac,64,37,624,496,157,240,392,92,9,8,28,20,32,96,23,8,1855,28,3,32,36,80,8,192,96,21,254,618,1776,2528,1525357890241148,1525357890314382,73234
hs,429888,37,624,496,155,240,392,92,9,8,28,20,32,96,23,8,53727,28,13,32,36,80,8,192,96,20,254,609,1776,2669,1525357919351949,1525357919378996,27047
fac,160064,37,616,496,150,216,392,92,9,8,28,18,32,88,23,8,1475,28,18,32,36,64,8,192,72,21,254,598,1752,2423,1525357835030639,1525357835076765,46126
fac,160064,37,616,496,150,216,392,92,9,8,28,18,32,88,23,8,2170,28,13,32,36,64,8,192,72,21,254,598,1752,2423,1525357823053455,1525357823155578,102123
bub,71904,37,624,496,155,240,360,84,9,8,28,20,32,96,23,8,8980,28,9,32,36,80,8,192,96,21,254,603,1752,2358,1525357748628877,1525357748981730,352853
fac,160064,37,616,496,150,216,392,92,9,8,28,18,32,88,23,8,2814,28,18,32,36,64,8,192,72,21,254,598,1752,2423,1525357873026192,1525357873198332,172140
fac,160064,37,616,496,150,216,392,92,9,8,28,18,32,88,23,8,4597,28,18,32,36,64,8,192,72,21,254,598,1752,2423,1525357886160970,1525357886643374,482404
mat,374664,37,632,496,162,264,368,84,9,8,28,22,32,104,23,8,153,28,3,32,36,96,8,192,120,21,254,632,1824,2743,1525357941089210,1525357941133899,44689
hs,701728,37,624,496,155,240,392,92,9,8,28,20,32,96,23,8,87707,28,6,32,36,80,8,192,96,20,254,609,1776,2669,1525357913159654,1525357913198954,39300
mat,1753096,37,632,496,162,264,368,84,9,8,28,22,32,104,23,8,331,28,2,32,36,96,8,192,120,21,254,632,1824,2695,1525357939749621,1525357940157341,407720
hs,696288,37,624,496,155,240,392,92,9,8,28,20,32,96,23,8,87025,28,16,32,36,80,8,192,96,20,254,609,1776,2669,1525357905932757,1525357905974212,41455
bub,27248,37,624,496,155,240,360,84,9,8,28,20,32,96,23,8,3396,28,1,32,36,80,8,192,96,21,254,603,1752,2358,1525357755688483,1525357755742860,54377
mat,705728,37,632,496,162,264,368,84,9,8,28,22,32,104,23,8,210,28,7,32,36,96,8,192,120,21,254,632,1824,2695,1525357945156312,1525357945249116,92804
bub,79840,37,624,496,155,240,360,84,9,8,28,20,32,96,23,8,9971,28,2,32,36,80,8,192,96,21,254,603,1752,2358,1525357754269851,1525357754705590,435739
fac,160080,37,616,496,150,216,392,92,9,8,28,18,32,88,23,8,4428,28,14,32,36,64,8,192,72,21,254,598,1752,2423,1525357834570314,1525357835015304,444990
bub,40160,37,624,496,155,240,360,84,9,8,28,20,32,96,23,8,5012,28,7,32,36,80,8,192,96,21,254,603,1752,2358,1525357738419463,1525357738530985,111522
hs,573104,37,624,496,155,240,392,92,9,8,28,20,32,96,23,8,71629,28,15,32,36,80,8,192,96,20,254,609,1776,2669,1525357913358126,1525357913393407,35281
bub,22176,37,624,496,155,240,360,84,9,8,28,20,32,96,23,8,2763,28,12,32,36,80,8,192,96,21,254,603,1752,2358,1525357703536447,1525357703574584,38137
hs,797056,37,624,496,155,240,392,92,9,8,28,20,32,96,23,8,99622,28,6,32,36,80,8,192,96,20,254,609,1776,2669,1525357920790820,1525357920836923,46103
hs,345680,37,624,496,155,240,392,92,9,8,28,20,32,96,23,8,43201,28,16,32,36,80,8,192,96,20,254,609,1776,2669,1525357905490042,1525357905512370,22328
fac,64,37,624,496,157,240,392,92,9,8,28,20,32,96,23,8,1731,28,19,32,36,80,8,192,96,21,254,618,1776,2528,1525357831702352,1525357831765691,63339
hs,64,37,632,496,162,264,392,92,9,8,28,22,32,104,23,8,89933,28,8,32,36,96,8,192,120,20,254,629,1800,2758,1525357905113445,1525357905155601,42156
mat,1281544,37,632,496,162,264,368,84,9,8,28,22,32,104,23,8,283,28,12,32,36,96,8,192,120,21,254,632,1824,2695,1525357958389498,1525357958620531,231033
fac,160064,37,616,496,150,216,392,92,9,8,28,18,32,88,23,8,1273,28,4,32,36,64,8,192,72,21,254,598,1752,2423,1525357813522596,1525357813557340,34744
hs,205200,37,624,496,155,240,392,92,9,8,28,20,32,96,23,8,25642,28,12,32,36,80,8,192,96,20,254,609,1776,2669,1525357920340091,1525357920354000,13909
bub,64,37,632,496,162,264,360,84,9,8,28,22,32,104,23,8,3351,28,11,32,36,96,8,192,120,21,254,623,1776,2431,1525357705043332,1525357705101738,58406
hs,451872,37,624,496,155,240,392,92,9,8,28,20,32,96,23,8,56475,28,13,32,36,80,8,192,96,20,254,609,1776,2669,1525357924206121,1525357924233928,27807
bub,14112,37,624,496,155,240,360,84,9,8,28,20,32,96,23,8,1754,28,3,32,36,80,8,192,96,21,254,603,1752,2358,1525357762585682,1525357762604781,19099
fac,64,37,624,496,157,240,392,92,9,8,28,20,32,96,23,8,3515,28,5,32,36,80,8,192,96,21,254,618,1776,2528,1525357861684351,1525357861957175,272824
hs,64,37,632,496,162,264,392,92,9,8,28,22,32,104,23,8,84576,28,6,32,36,96,8,192,120,20,254,629,1800,2758,1525357921190821,1525357921232250,41429
mat,296064,37,632,496,162,264,368,84,9,8,28,22,32,104,23,8,136,28,15,32,36,96,8,192,120,21,254,632,1824,2727,1525357938148345,1525357938177539,29194
hs,569024,37,624,496,155,240,392,92,9,8,28,20,32,96,23,8,71119,28,3,32,36,80,8,192,96,20,254,609,1776,2669,1525357907862688,1525357907897027,34339
fac,160080,37,616,496,150,216,392,92,9,8,28,18,32,88,23,8,2187,28,5,32,36,64,8,192,72,21,254,598,1752,2423,1525357851077095,1525357851180048,102953
hs,64,37,632,496,162,264,392,92,9,8,28,22,32,104,23,8,46461,28,7,32,36,96,8,192,120,20,254,629,1800,2758,1525357918487681,1525357918509691,22010
fac,160080,37,616,496,150,216,392,92,9,8,28,18,32,88,23,8,4575,28,5,32,36,64,8,192,72,21,254,598,1752,2423,1525357822190270,1525357822669284,479014
mat,1597632,37,624,496,155,240,360,84,9,8,28,20,32,96,23,8,258,28,18,32,36,80,8,192,96,21,254,612,1800,2582,1525357934829030,1525357935016242,187212
bub,24448,37,624,496,155,240,360,84,9,8,28,20,32,96,23,8,3046,28,13,32,36,80,8,192,96,21,254,603,1752,2358,1525357761356385,1525357761401137,44752
hs,462560,37,624,496,155,240,392,92,9,8,28,20,32,96,23,8,57810,28,8,32,36,80,8,192,96,20,254,609,1776,2669,1525357918201729,1525357918230740,29011
fac,64,37,624,496,157,240,392,92,9,8,28,20,32,96,23,8,1953,28,9,32,36,80,8,192,96,21,254,618,1776,2528,1525357881704344,1525357881785945,81601
hs,380960,37,624,496,155,240,392,92,9,8,28,20,32,96,23,8,47611,28,11,32,36,80,8,192,96,20,254,609,1776,2669,1525357906806901,1525357906829868,22967
bub,46688,37,624,496,155,240,360,84,9,8,28,20,32,96,23,8,5826,28,11,32,36,80,8,192,96,21,254,603,1752,2358,1525357785652935,1525357785802234,149299
bub,35152,37,624,496,155,240,360,84,9,8,28,20,32,96,23,8,4383,28,6,32,36,80,8,192,96,21,254,603,1752,2358,1525357788561132,1525357788647660,86528
bub,13488,37,624,496,155,240,360,84,9,8,28,20,32,96,23,8,1677,28,10,32,36,80,8,192,96,21,254,603,1752,2358,1525357724688383,1525357724705383,17000
hs,358432,37,624,496,155,240,392,92,9,8,28,20,32,96,23,8,44795,28,5,32,36,80,8,192,96,20,254,609,1776,2669,1525357913117906,1525357913139502,21596
hs,64,37,632,496,162,264,392,92,9,8,28,22,32,104,23,8,83283,28,2,32,36,96,8,192,120,20,254,629,1800,2758,1525357921323243,1525357921363741,40498
bub,23504,37,624,496,155,240,360,84,9,8,28,20,32,96,23,8,2929,28,13,32,36,80,8,192,96,21,254,603,1752,2358,1525357715045518,1525357715088368,42850
mat,2661448,37,624,496,155,240,360,84,9,8,28,20,32,96,23,8,333,28,1,32,36,80,8,192,96,21,254,612,1800,2678,1525357928229986,1525357928735706,505720
hs,64,37,632,496,162,264,392,92,9,8,28,22,32,104,23,8,42400,28,16,32,36,96,8,192,120,20,254,629,1800,2758,1525357925077560,1525357925100453,22893
hs,95232,37,624,496,155,240,392,92,9,8,28,20,32,96,23,8,11895,28,18,32,36,80,8,192,96,20,254,609,1776,2669,1525357910025349,1525357910032598,7249
fac,64,37,624,496,157,240,392,92,9,8,28,20,32,96,23,8,1797,28,6,32,36,80,8,192,96,21,254,618,1776,2528,1525357853581996,1525357853651270,69274
hs,760032,37,624,496,155,240,392,92,9,8,28,20,32,96,23,8,94993,28,12,32,36,80,8,192,96,20,254,609,1776,2669,1525357911064116,1525357911109579,45463
mat,296064,37,632,496,162,264,368,84,9,8,28,22,32,104,23,8,136,28,4,32,36,96,8,192,120,21,254,632,1824,2727,1525357964118307,1525357964148266,29959
fac,160080,37,616,496,150,216,392,92,9,8,28,18,32,88,23,8,4575,28,5,32,36,64,8,192,72,21,254,598,1752,2423,1525357822190270,1525357822669284,479014
hs,393040,37,624,496,155,240,392,92,9,8,28,20,32,96,23,8,49121,28,8,32,36,80,8,192,96,20,254,609,1776,2669,1525357917626031,1525357917650243,24212
bub,35232,37,624,496,155,240,360,84,9,8,28,20,32,96,23,8,4395,28,1,32,36,80,8,192,96,21,254,603,1752,2358,1525357746095322,1525357746180972,85650
bub,64,37,632,496,162,264,360,84,9,8,28,22,32,104,23,8,9366,28,1,32,36,96,8,192,120,21,254,623,1776,2431,1525357761503907,1525357761933500,429593
bub,17456,37,624,496,155,240,360,84,9,8,28,20,32,96,23,8,2174,28,16,32,36,80,8,192,96,21,254,603,1752,2358,1525357784674324,1525357784697516,23192
bub,64,37,632,496,162,264,360,84,9,8,28,22,32,104,23,8,7745,28,18,32,36,96,8,192,120,21,254,623,1776,2431,1525357768534335,1525357768829820,295485
bub,37776,37,624,496,155,240,360,84,9,8,28,20,32,96,23,8,4713,28,18,32,36,80,8,192,96,21,254,603,1752,2358,1525357788662278,1525357788762702,100424
bub,64,37,632,496,162,264,360,84,9,8,28,22,32,104,23,8,2495,28,3,32,36,96,8,192,120,21,254,623,1776,2431,1525357739715703,1525357739751270,35567
fac,160080,37,616,496,150,216,392,92,9,8,28,18,32,88,23,8,2587,28,6,32,36,64,8,192,72,21,254,598,1752,2423,1525357883067246,1525357883211442,144196
hs,529072,37,624,496,155,240,392,92,9,8,28,20,32,96,23,8,66124,28,15,32,36,80,8,192,96,20,254,609,1776,2669,1525357923211059,1525357923242055,30996
bub,75472,37,624,496,155,240,360,84,9,8,28,20,32,96,23,8,9425,28,10,32,36,80,8,192,96,21,254,603,1752,2358,1525357784779684,1525357785169244,389560
bub,64,37,632,496,162,264,360,84,9,8,28,22,32,104,23,8,9115,28,7,32,36,96,8,192,120,21,254,623,1776,2431,1525357771954123,1525357772362259,408136
bub,56960,37,624,496,155,240,360,84,9,8,28,20,32,96,23,8,7109,28,16,32,36,80,8,192,96,21,254,603,1752,2358,1525357770733330,1525357770956052,222722
hs,64,37,632,496,162,264,392,92,9,8,28,22,32,104,23,8,91252,28,15,32,36,96,8,192,120,20,254,629,1800,2758,1525357907016494,1525357907058828,42334
bub,11616,37,624,496,155,240,360,84,9,8,28,20,32,96,23,8,1442,28,6,32,36,80,8,192,96,21,254,603,1752,2358,1525357729602705,1525357729617666,14961
hs,192880,37,624,496,155,240,392,92,9,8,28,20,32,96,23,8,24099,28,11,32,36,80,8,192,96,20,254,609,1776,2669,1525357915443825,1525357915457107,13282
fac,160080,37,616,496,150,216,392,92,9,8,28,18,32,88,23,8,3274,28,7,32,36,64,8,192,72,21,254,598,1752,2423,1525357882262047,1525357882497460,235413
bub,53312,37,624,496,155,240,360,84,9,8,28,20,32,96,23,8,6656,28,4,32,36,80,8,192,96,21,254,603,1752,2358,1525357728100460,1525357728294119,193659
bub,56064,37,624,496,155,240,360,84,9,8,28,20,32,96,23,8,7000,28,5,32,36,80,8,192,96,21,254,603,1752,2358,1525357726184871,1525357726399711,214840
mat,525792,37,624,496,155,240,360,84,9,8,28,20,32,96,23,8,148,28,11,32,36,80,8,192,96,21,254,612,1800,2630,1525357963321544,1525357963371934,50390
bub,77424,37,624,496,155,240,360,84,9,8,28,20,32,96,23,8,9669,28,6,32,36,80,8,192,96,21,254,603,1752,2358,1525357770970582,1525357771381791,411209
fac,160064,37,616,496,150,216,392,92,9,8,28,18,32,88,23,8,1289,28,8,32,36,64,8,192,72,21,254,598,1752,2423,1525357873611095,1525357873648132,37037
fac,160064,37,616,496,150,216,392,92,9,8,28,18,32,88,23,8,2159,28,16,32,36,64,8,192,72,21,254,598,1752,2423,1525357853918538,1525357854018695,100157
mat,1524192,37,624,496,155,240,360,84,9,8,28,20,32,96,23,8,252,28,3,32,36,80,8,192,96,21,254,612,1800,2582,1525357944873775,1525357945048329,174554
bub,64,37,632,496,162,264,360,84,9,8,28,22,32,104,23,8,2942,28,14,32,36,96,8,192,120,21,254,623,1776,2431,1525357711541766,1525357711588051,46285
fac,64,37,624,496,157,240,392,92,9,8,28,20,32,96,23,8,2503,28,17,32,36,80,8,192,96,21,254,618,1776,2528,1525357843435371,1525357843570126,134755
fac,160080,37,616,496,150,216,392,92,9,8,28,18,32,88,23,8,3201,28,17,32,36,64,8,192,72,21,254,598,1752,2423,1525357797182045,1525357797407897,225852
mat,477256,37,624,496,155,240,360,84,9,8,28,20,32,96,23,8,141,28,17,32,36,80,8,192,96,21,254,612,1800,2534,1525357958717496,1525357958750928,33432
hs,64,37,632,496,162,264,392,92,9,8,28,22,32,104,23,8,7077,28,19,32,36,96,8,192,120,20,254,629,1800,2758,1525357907693237,1525357907697055,3818
fac,160080,37,616,496,150,216,392,92,9,8,28,18,32,88,23,8,1667,28,18,32,36,64,8,192,72,21,254,598,1752,2423,1525357809565205,1525357809623904,58699
bub,59968,37,624,496,155,240,360,84,9,8,28,20,32,96,23,8,7488,28,13,32,36,80,8,192,96,21,254,603,1752,2358,1525357750122596,1525357750369958,247362
hs,345680,37,624,496,155,240,392,92,9,8,28,20,32,96,23,8,43201,28,16,32,36,80,8,192,96,20,254,609,1776,2669,1525357905490042,1525357905512370,22328
fac,64,37,624,496,157,240,392,92,9,8,28,20,32,96,23,8,4700,28,18,32,36,80,8,192,96,21,254,618,1776,2528,1525357902656675,1525357903162346,505671
fac,160080,37,616,496,150,216,392,92,9,8,28,18,32,88,23,8,1472,28,13,32,36,64,8,192,72,21,254,598,1752,2423,1525357814732468,1525357814779004,46536
fac,160064,37,616,496,150,216,392,92,9,8,28,18,32,88,23,8,2302,28,16,32,36,64,8,192,72,21,254,598,1752,2423,1525357823702894,1525357823815635,112741
hs,552480,37,624,496,155,240,392,92,9,8,28,20,32,96,23,8,69050,28,1,32,36,80,8,192,96,20,254,609,1776,2669,1525357919128596,1525357919161555,32959
fac,160064,37,616,496,150,216,392,92,9,8,28,18,32,88,23,8,2700,28,17,32,36,64,8,192,72,21,254,598,1752,2423,1525357822880335,1525357823037443,157108
bub,64,37,632,496,162,264,360,84,9,8,28,22,32,104,23,8,7645,28,3,32,36,96,8,192,120,21,254,623,1776,2431,1525357775894171,1525357776182958,288787
fac,64,37,624,496,157,240,392,92,9,8,28,20,32,96,23,8,2965,28,3,32,36,80,8,192,96,21,254,618,1776,2528,1525357841413006,1525357841603737,190731
mat,541824,37,632,496,162,264,368,84,9,8,28,22,32,104,23,8,184,28,18,32,36,96,8,192,120,21,254,632,1824,2695,1525357950230792,1525357950292590,61798
hs,64,37,632,496,162,264,392,92,9,8,28,22,32,104,23,8,93248,28,10,32,36,96,8,192,120,20,254,629,1800,2758,1525357910200974,1525357910245936,44962
mat,950536,37,624,496,155,240,360,84,9,8,28,20,32,96,23,8,199,28,19,32,36,80,8,192,96,21,254,612,1800,2534,1525357949575592,1525357949659979,84387
fac,64,37,624,496,157,240,392,92,9,8,28,20,32,96,23,8,815,28,3,32,36,80,8,192,96,21,254,618,1776,2528,1525357839881113,1525357839895881,14768
mat,296064,37,632,496,162,264,368,84,9,8,28,22,32,104,23,8,136,28,4,32,36,96,8,192,120,21,254,632,1824,2727,1525357964118307,1525357964148266,29959
hs,504288,37,624,496,155,240,392,92,9,8,28,20,32,96,23,8,63026,28,15,32,36,80,8,192,96,20,254,609,1776,2669,1525357917181162,1525357917212026,30864
bub,78528,37,624,496,155,240,360,84,9,8,28,20,32,96,23,8,9807,28,14,32,36,80,8,192,96,21,254,603,1752,2358,1525357743865556,1525357744285727,420171
bub,18672,37,624,496,155,240,360,84,9,8,28,20,32,96,23,8,2326,28,5,32,36,80,8,192,96,21,254,603,1752,2358,1525357781480887,1525357781510004,29117
bub,31616,37,624,496,155,240,360,84,9,8,28,20,32,96,23,8,3941,28,2,32,36,80,8,192,96,21,254,603,1752,2358,1525357783978916,1525357784049579,70663
hs,64,37,632,496,162,264,392,92,9,8,28,22,32,104,23,8,7077,28,19,32,36,96,8,192,120,20,254,629,1800,2758,1525357907693237,1525357907697055,3818
bub,52928,37,624,496,155,240,360,84,9,8,28,20,32,96,23,8,6607,28,13,32,36,80,8,192,96,21,254,603,1752,2358,1525357707989052,1525357708181494,192442
hs,64,37,632,496,162,264,392,92,9,8,28,22,32,104,23,8,90784,28,9,32,36,96,8,192,120,20,254,629,1800,2758,1525357916978364,1525357917022334,43970
hs,64,37,632,496,162,264,392,92,9,8,28,22,32,104,23,8,32324,28,1,32,36,96,8,192,120,20,254,629,1800,2758,1525357921780568,1525357921797805,17237
fac,64,37,624,496,157,240,392,92,9,8,28,20,32,96,23,8,3642,28,12,32,36,80,8,192,96,21,254,618,1776,2528,1525357805685717,1525357805980303,294586
bub,64,37,632,496,162,264,360,84,9,8,28,22,32,104,23,8,5064,28,15,32,36,96,8,192,120,21,254,623,1776,2431,1525357782712960,1525357782839333,126373
bub,64,37,632,496,162,264,360,84,9,8,28,22,32,104,23,8,3535,28,18,32,36,96,8,192,120,21,254,623,1776,2431,1525357712194121,1525357712257202,63081
bub,64,37,632,496,162,264,360,84,9,8,28,22,32,104,23,8,6277,28,3,32,36,96,8,192,120,21,254,623,1776,2431,1525357765451519,1525357765645090,193571
mat,1291872,37,624,496,155,240,360,84,9,8,28,20,32,96,23,8,232,28,3,32,36,80,8,192,96,21,254,612,1800,2534,1525357967031720,1525357967163591,131871
fac,160064,37,616,496,150,216,392,92,9,8,28,18,32,88,23,8,1544,28,1,32,36,64,8,192,72,21,254,598,1752,2423,1525357866110949,1525357866162753,51804
fac,160080,37,616,496,150,216,392,92,9,8,28,18,32,88,23,8,3336,28,9,32,36,64,8,192,72,21,254,598,1752,2423,1525357799336416,1525357799578889,242473
mat,1753096,37,632,496,162,264,368,84,9,8,28,22,32,104,23,8,331,28,18,32,36,96,8,192,120,21,254,632,1824,2695,1525357953595679,1525357954034788,439109
fac,160064,37,616,496,150,216,392,92,9,8,28,18,32,88,23,8,3483,28,3,32,36,64,8,192,72,21,254,598,1752,2423,1525357820288320,1525357820555039,266719
hs,58864,37,624,496,155,240,392,92,9,8,28,20,32,96,23,8,7348,28,18,32,36,80,8,192,96,20,254,609,1776,2669,1525357914392858,1525357914396967,4109
fac,160064,37,616,496,150,216,392,92,9,8,28,18,32,88,23,8,4087,28,9,32,36,64,8,192,72,21,254,598,1752,2423,1525357826382619,1525357826756852,374233
mat,1140672,37,624,496,155,240,360,84,9,8,28,20,32,96,23,8,218,28,5,32,36,80,8,192,96,21,254,612,1800,2534,1525357938342378,1525357938475617,133239
hs,694912,37,624,496,155,240,392,92,9,8,28,20,32,96,23,8,86853,28,5,32,36,80,8,192,96,20,254,609,1776,2669,1525357907330082,1525357907370081,39999
bub,51840,37,624,496,155,240,360,84,9,8,28,20,32,96,23,8,6471,28,2,32,36,80,8,192,96,21,254,603,1752,2358,1525357773026248,1525357773211036,184788
fac,64,37,624,496,157,240,392,92,9,8,28,20,32,96,23,8,2533,28,8,32,36,80,8,192,96,21,254,618,1776,2528,1525357862983239,1525357863121269,138030
fac,160064,37,616,496,150,216,392,92,9,8,28,18,32,88,23,8,3243,28,2,32,36,64,8,192,72,21,254,598,1752,2423,1525357824228465,1525357824456545,228080
mat,2351368,37,624,496,155,240,360,84,9,8,28,20,32,96,23,8,313,28,15,32,36,80,8,192,96,21,254,612,1800,2534,1525357944467621,1525357944853728,386107
hs,209664,37,624,496,155,240,392,92,9,8,28,20,32,96,23,8,26197,28,14,32,36,80,8,192,96,20,254,609,1776,2669,1525357920547031,1525357920561170,14139
bub,64,37,632,496,162,264,360,84,9,8,28,22,32,104,23,8,8843,28,2,32,36,96,8,192,120,21,254,623,1776,2431,1525357758447491,1525357758832627,385136
fac,160064,37,616,496,150,216,392,92,9,8,28,18,32,88,23,8,2509,28,19,32,36,64,8,192,72,21,254,598,1752,2423,1525357839433295,1525357839571367,138072
fac,64,37,624,496,157,240,392,92,9,8,28,20,32,96,23,8,4676,28,15,32,36,80,8,192,96,21,254,618,1776,2528,1525357851544016,1525357852042902,498886
fac,160064,37,616,496,150,216,392,92,9,8,28,18,32,88,23,8,3527,28,14,32,36,64,8,192,72,21,254,598,1752,2423,1525357886730393,1525357887004742,274349
bub,66752,37,624,496,155,240,360,84,9,8,28,20,32,96,23,8,8334,28,4,32,36,80,8,192,96,21,254,603,1752,2358,1525357771633943,1525357771939776,305833
fac,160064,37,616,496,150,216,392,92,9,8,28,18,32,88,23,8,3124,28,15,32,36,64,8,192,72,21,254,598,1752,2423,1525357858102399,1525357858313124,210725
mat,484032,37,624,496,155,240,360,84,9,8,28,20,32,96,23,8,142,28,2,32,36,80,8,192,96,21,254,612,1800,2534,1525357969895546,1525357969935183,39637
mat,1672800,37,624,496,155,240,360,84,9,8,28,20,32,96,23,8,264,28,7,32,36,80,8,192,96,21,254,612,1800,2582,1525357938542634,1525357938735926,193292
bub,64,37,632,496,162,264,360,84,9,8,28,22,32,104,23,8,6686,28,17,32,36,96,8,192,120,21,254,623,1776,2431,1525357700437797,1525357700665695,227898
bub,74736,37,624,496,155,240,360,84,9,8,28,20,32,96,23,8,9331,28,12,32,36,80,8,192,96,21,254,603,1752,2358,1525357746831755,1525357747213829,382074
hs,792448,37,624,496,155,240,392,92,9,8,28,20,32,96,23,8,99047,28,11,32,36,80,8,192,96,20,254,609,1776,2669,1525357915012152,1525357915060141,47989
hs,64,37,632,496,162,264,392,92,9,8,28,22,32,104,23,8,54006,28,2,32,36,96,8,192,120,20,254,629,1800,2758,1525357923169464,1525357923194705,25241
fac,160064,37,616,496,150,216,392,92,9,8,28,18,32,88,23,8,1307,28,9,32,36,64,8,192,72,21,254,598,1752,2423,1525357805468333,1525357805506243,37910
bub,34848,37,624,496,155,240,360,84,9,8,28,20,32,96,23,8,4345,28,5,32,36,80,8,192,96,21,254,603,1752,2358,1525357705115993,1525357705200783,84790
hs,121088,37,624,496,155,240,392,92,9,8,28,20,32,96,23,8,15128,28,7,32,36,80,8,192,96,20,254,609,1776,2669,1525357911641749,1525357911648901,7152
bub,75328,37,624,496,155,240,360,84,9,8,28,20,32,96,23,8,9405,28,4,32,36,80,8,192,96,21,254,603,1752,2358,1525357764910784,1525357765298756,387972
bub,38864,37,624,496,155,240,360,84,9,8,28,20,32,96,23,8,4847,28,5,32,36,80,8,192,96,21,254,603,1752,2358,1525357750896871,1525357751000989,104118
bub,47952,37,624,496,155,240,360,84,9,8,28,20,32,96,23,8,5986,28,14,32,36,80,8,192,96,21,254,603,1752,2358,1525357721340984,1525357721498761,157777
fac,64,37,624,496,157,240,392,92,9,8,28,20,32,96,23,8,3998,28,18,32,36,80,8,192,96,21,254,618,1776,2528,1525357846145172,1525357846503939,358767
bub,59056,37,624,496,155,240,360,84,9,8,28,20,32,96,23,8,7373,28,17,32,36,80,8,192,96,21,254,603,1752,2358,1525357700180114,1525357700422254,242140
bub,64,37,632,496,162,264,360,84,9,8,28,22,32,104,23,8,8931,28,17,32,36,96,8,192,120,21,254,623,1776,2431,1525357700805554,1525357701201662,396108
bub,64,37,632,496,162,264,360,84,9,8,28,22,32,104,23,8,5509,28,5,32,36,96,8,192,120,21,254,623,1776,2431,1525357719086941,1525357719237068,150127
hs,594032,37,624,496,155,240,392,92,9,8,28,20,32,96,23,8,74246,28,2,32,36,80,8,192,96,20,254,609,1776,2669,1525357918246289,1525357918282287,35998
hs,173792,37,624,496,155,240,392,92,9,8,28,20,32,96,23,8,21713,28,10,32,36,80,8,192,96,20,254,609,1776,2669,1525357924708320,1525357924722048,13728
hs,64,37,632,496,162,264,392,92,9,8,28,22,32,104,23,8,47260,28,17,32,36,96,8,192,120,20,254,629,1800,2758,1525357906687696,1525357906710423,22727
bub,64,37,632,496,162,264,360,84,9,8,28,22,32,104,23,8,8484,28,10,32,36,96,8,192,120,21,254,623,1776,2431,1525357724199599,1525357724552694,353095
mat,931528,37,624,496,155,240,360,84,9,8,28,20,32,96,23,8,197,28,7,32,36,80,8,192,96,21,254,612,1800,2534,1525357954053634,1525357954153146,99512
hs,64,37,632,496,162,264,392,92,9,8,28,22,32,104,23,8,15396,28,2,32,36,96,8,192,120,20,254,629,1800,2758,1525357917602195,1525357917610382,8187
hs,64,37,632,496,162,264,392,92,9,8,28,22,32,104,23,8,77888,28,18,32,36,96,8,192,120,20,254,629,1800,2758,1525357908381889,1525357908419423,37534
bub,60032,37,624,496,155,240,360,84,9,8,28,20,32,96,23,8,7496,28,4,32,36,80,8,192,96,21,254,603,1752,2358,1525357742261303,1525357742508529,247226
bub,36048,37,624,496,155,240,360,84,9,8,28,20,32,96,23,8,4497,28,16,32,36,80,8,192,96,21,254,603,1752,2358,1525357767889365,1525357767977966,88601
mat,1464328,37,624,496,155,240,360,84,9,8,28,20,32,96,23,8,247,28,6,32,36,80,8,192,96,21,254,612,1800,2534,1525357975862924,1525357976035172,172248
mat,484032,37,624,496,155,240,360,84,9,8,28,20,32,96,23,8,142,28,5,32,36,80,8,192,96,21,254,612,1800,2534,1525357959230417,1525357959270278,39861
mat,1476192,37,624,496,155,240,360,84,9,8,28,20,32,96,23,8,248,28,4,32,36,80,8,192,96,21,254,612,1800,2582,1525357969718887,1525357969879226,160339
bub,64,37,632,496,162,264,360,84,9,8,28,22,32,104,23,8,6878,28,13,32,36,96,8,192,120,21,254,623,1776,2431,1525357715137420,1525357715369731,232311
fac,160080,37,616,496,150,216,392,92,9,8,28,18,32,88,23,8,2090,28,17,32,36,64,8,192,72,21,254,598,1752,2423,1525357819603921,1525357819695711,91790
hs,64,37,632,496,162,264,392,92,9,8,28,22,32,104,23,8,86656,28,13,32,36,96,8,192,120,20,254,629,1800,2758,1525357916660814,1525357916703503,42689
bub,9616,37,624,496,155,240,360,84,9,8,28,20,32,96,23,8,1194,28,2,32,36,80,8,192,96,21,254,603,1752,2358,1525357759264581,1525357759275061,10480
fac,64,37,624,496,157,240,392,92,9,8,28,20,32,96,23,8,4969,28,14,32,36,80,8,192,96,21,254,618,1776,2528,1525357861101196,1525357861670114,568918
bub,64,37,632,496,162,264,360,84,9,8,28,22,32,104,23,8,5292,28,11,32,36,96,8,192,120,21,254,623,1776,2431,1525357707837877,1525357707974064,136187
mat,884832,37,624,496,155,240,360,84,9,8,28,20,32,96,23,8,192,28,6,32,36,80,8,192,96,21,254,612,1800,2582,1525357940975027,1525357941071979,96952
mat,868744,37,632,496,162,264,368,84,9,8,28,22,32,104,23,8,233,28,12,32,36,96,8,192,120,21,254,632,1824,2695,1525357938196712,1525357938323438,126726
bub,24512,37,624,496,155,240,360,84,9,8,28,20,32,96,23,8,3056,28,12,32,36,80,8,192,96,21,254,603,1752,2358,1525357774448188,1525357774492101,43913
bub,64,37,632,496,162,264,360,84,9,8,28,22,32,104,23,8,1645,28,19,32,36,96,8,192,120,21,254,623,1776,2431,1525357768844387,1525357768862250,17863
fac,160064,37,616,496,150,216,392,92,9,8,28,18,32,88,23,8,1060,28,11,32,36,64,8,192,72,21,254,598,1752,2423,1525357862553779,1525357862579036,25257
hs,270560,37,624,496,155,240,392,92,9,8,28,20,32,96,23,8,33809,28,7,32,36,80,8,192,96,20,254,609,1776,2669,1525357908957548,1525357908974246,16698
bub,64,37,632,496,162,264,360,84,9,8,28,22,32,104,23,8,6276,28,17,32,36,96,8,192,120,21,254,623,1776,2431,1525357739044807,1525357739238651,193844
hs,290512,37,624,496,155,240,392,92,9,8,28,20,32,96,23,8,36305,28,2,32,36,80,8,192,96,20,254,609,1776,2669,1525357917105908,1525357917124791,18883
hs,64,37,632,496,162,264,392,92,9,8,28,22,32,104,23,8,98647,28,17,32,36,96,8,192,120,20,254,629,1800,2758,1525357920652644,1525357920699785,47141
hs,506496,37,624,496,155,240,392,92,9,8,28,20,32,96,23,8,63303,28,2,32,36,80,8,192,96,20,254,609,1776,2669,1525357923567121,1525357923597907,30786
bub,17152,37,624,496,155,240,360,84,9,8,28,20,32,96,23,8,2133,28,16,32,36,80,8,192,96,21,254,603,1752,2358,1525357709626421,1525357709651664,25243
bub,64,37,632,496,162,264,360,84,9,8,28,22,32,104,23,8,3323,28,16,32,36,96,8,192,120,21,254,623,1776,2431,1525357701755221,1525357701812756,57535
fac,64,37,624,496,157,240,392,92,9,8,28,20,32,96,23,8,3188,28,19,32,36,80,8,192,96,21,254,618,1776,2528,1525357833337567,1525357833559527,221960
fac,160080,37,616,496,150,216,392,92,9,8,28,18,32,88,23,8,655,28,9,32,36,64,8,192,72,21,254,598,1752,2423,1525357811955994,1525357811967477,11483
bub,56960,37,624,496,155,240,360,84,9,8,28,20,32,96,23,8,7109,28,16,32,36,80,8,192,96,21,254,603,1752,2358,1525357770733330,1525357770956052,222722
fac,64,37,624,496,157,240,392,92,9,8,28,20,32,96,23,8,3998,28,18,32,36,80,8,192,96,21,254,618,1776,2528,1525357846145172,1525357846503939,358767
bub,66752,37,624,496,155,240,360,84,9,8,28,20,32,96,23,8,8334,28,4,32,36,80,8,192,96,21,254,603,1752,2358,1525357771633943,1525357771939776,305833
bub,66432,37,624,496,155,240,360,84,9,8,28,20,32,96,23,8,8295,28,16,32,36,80,8,192,96,21,254,603,1752,2358,1525357701216750,1525357701522116,305366
hs,64,37,632,496,162,264,392,92,9,8,28,22,32,104,23,8,30028,28,1,32,36,96,8,192,120,20,254,629,1800,2758,1525357913519046,1525357913533512,14466
hs,64,37,632,496,162,264,392,92,9,8,28,22,32,104,23,8,93205,28,17,32,36,96,8,192,120,20,254,629,1800,2758,1525357913740881,1525357913785074,44193
mat,1161696,37,624,496,155,240,360,84,9,8,28,20,32,96,23,8,220,28,12,32,36,80,8,192,96,21,254,612,1800,2534,1525357968578795,1525357968692843,114048
hs,345680,37,624,496,155,240,392,92,9,8,28,20,32,96,23,8,43201,28,16,32,36,80,8,192,96,20,254,609,1776,2669,1525357905490042,1525357905512370,22328
fac,160080,37,616,496,150,216,392,92,9,8,28,18,32,88,23,8,4084,28,4,32,36,64,8,192,72,21,254,598,1752,2423,1525357845061034,1525357845435331,374297
bub,46688,37,624,496,155,240,360,84,9,8,28,20,32,96,23,8,5826,28,11,32,36,80,8,192,96,21,254,603,1752,2358,1525357785652935,1525357785802234,149299
fac,64,37,624,496,157,240,392,92,9,8,28,20,32,96,23,8,1585,28,2,32,36,80,8,192,96,21,254,618,1776,2528,1525357884034380,1525357884087376,52996
bub,61072,37,624,496,155,240,360,84,9,8,28,20,32,96,23,8,7625,28,18,32,36,80,8,192,96,21,254,603,1752,2358,1525357712374710,1525357712630681,255971
bub,64,37,632,496,162,264,360,84,9,8,28,22,32,104,23,8,2777,28,16,32,36,96,8,192,120,21,254,623,1776,2431,1525357783924462,1525357783966089,41627
fac,160080,37,616,496,150,216,392,92,9,8,28,18,32,88,23,8,3192,28,3,32,36,64,8,192,72,21,254,598,1752,2423,1525357878751034,1525357878974010,222976
bub,64,37,632,496,162,264,360,84,9,8,28,22,32,104,23,8,6472,28,16,32,36,96,8,192,120,21,254,623,1776,2431,1525357720403691,1525357720608777,205086
bub,77744,37,624,496,155,240,360,84,9,8,28,20,32,96,23,8,9707,28,16,32,36,80,8,192,96,21,254,603,1752,2358,1525357744299923,1525357744714150,414227
fac,64,37,624,496,157,240,392,92,9,8,28,20,32,96,23,8,1386,28,9,32,36,80,8,192,96,21,254,618,1776,2528,1525357883840905,1525357883883010,42105
hs,64,37,632,496,162,264,392,92,9,8,28,22,32,104,23,8,30765,28,4,32,36,96,8,192,120,20,254,629,1800,2758,1525357919855729,1525357919872712,16983
fac,160080,37,616,496,150,216,392,92,9,8,28,18,32,88,23,8,2436,28,8,32,36,64,8,192,72,21,254,598,1752,2423,1525357825314186,1525357825440464,126278
bub,45824,37,624,496,155,240,360,84,9,8,28,20,32,96,23,8,5717,28,12,32,36,80,8,192,96,21,254,603,1752,2358,1525357722332018,1525357722473873,141855
fac,160080,37,616,496,150,216,392,92,9,8,28,18,32,88,23,8,4899,28,19,32,36,64,8,192,72,21,254,598,1752,2423,1525357900932700,1525357901485378,552678
bub,61376,37,624,496,155,240,360,84,9,8,28,20,32,96,23,8,7661,28,12,32,36,80,8,192,96,21,254,603,1752,2358,1525357736942707,1525357737206246,263539
fac,160064,37,616,496,150,216,392,92,9,8,28,18,32,88,23,8,916,28,1,32,36,64,8,192,72,21,254,598,1752,2423,1525357824527841,1525357824548126,20285
fac,160064,37,616,496,150,216,392,92,9,8,28,18,32,88,23,8,3527,28,14,32,36,64,8,192,72,21,254,598,1752,2423,1525357886730393,1525357887004742,274349
bub,44688,37,624,496,155,240,360,84,9,8,28,20,32,96,23,8,5577,28,3,32,36,80,8,192,96,21,254,603,1752,2358,1525357733866608,1525357734004202,137594
hs,112176,37,624,496,155,240,392,92,9,8,28,20,32,96,23,8,14011,28,15,32,36,80,8,192,96,20,254,609,1776,2669,1525357923613578,1525357923622528,8950
fac,64,37,624,496,157,240,392,92,9,8,28,20,32,96,23,8,4488,28,18,32,36,80,8,192,96,21,254,618,1776,2528,1525357826771158,1525357827228944,457786
mat,2741952,37,624,496,155,240,360,84,9,8,28,20,32,96,23,8,338,28,13,32,36,80,8,192,96,21,254,612,1800,2534,1525357945785452,1525357946274121,488669
fac,160080,37,616,496,150,216,392,92,9,8,28,18,32,88,23,8,1133,28,3,32,36,64,8,192,72,21,254,598,1752,2423,1525357858058545,1525357858088124,29579
bub,12544,37,624,496,155,240,360,84,9,8,28,20,32,96,23,8,1558,28,16,32,36,80,8,192,96,21,254,603,1752,2358,1525357738719588,1525357738735656,16068
hs,552480,37,624,496,155,240,392,92,9,8,28,20,32,96,23,8,69050,28,1,32,36,80,8,192,96,20,254,609,1776,2669,1525357919128596,1525357919161555,32959
hs,64,37,632,496,162,264,392,92,9,8,28,22,32,104,23,8,8115,28,10,32,36,96,8,192,120,20,254,629,1800,2758,1525357923127870,1525357923131769,3899
fac,64,37,624,496,157,240,392,92,9,8,28,20,32,96,23,8,2481,28,14,32,36,80,8,192,96,21,254,618,1776,2528,1525357880581651,1525357880712062,130411
mat,705728,37,632,496,162,264,368,84,9,8,28,22,32,104,23,8,210,28,7,32,36,96,8,192,120,21,254,632,1824,2695,1525357945156312,1525357945249116,92804
hs,64,37,632,496,162,264,392,92,9,8,28,22,32,104,23,8,17811,28,3,32,36,96,8,192,120,20,254,629,1800,2758,1525357906863533,1525357906872319,8786
hs,380960,37,624,496,155,240,392,92,9,8,28,20,32,96,23,8,47611,28,11,32,36,80,8,192,96,20,254,609,1776,2669,1525357906806901,1525357906829868,22967
hs,440608,37,624,496,155,240,392,92,9,8,28,20,32,96,23,8,55066,28,5,32,36,80,8,192,96,20,254,609,1776,2669,1525357924309617,1525357924335724,26107
bub,73280,37,624,496,155,240,360,84,9,8,28,20,32,96,23,8,9152,28,2,32,36,80,8,192,96,21,254,603,1752,2358,1525357699656932,1525357700025821,368889
bub,64,37,632,496,162,264,360,84,9,8,28,22,32,104,23,8,9268,28,3,32,36,96,8,192,120,21,254,623,1776,2431,1525357723055869,1525357723475100,419231
fac,160064,37,616,496,150,216,392,92,9,8,28,18,32,88,23,8,3571,28,3,32,36,64,8,192,72,21,254,598,1752,2423,1525357796725859,1525357797007934,282075
bub,64,37,632,496,162,264,360,84,9,8,28,22,32,104,23,8,8484,28,10,32,36,96,8,192,120,21,254,623,1776,2431,1525357724199599,1525357724552694,353095
hs,546976,37,624,496,155,240,392,92,9,8,28,20,32,96,23,8,68361,28,14,32,36,80,8,192,96,20,254,609,1776,2669,1525357922576302,1525357922609931,33629
bub,34656,37,624,496,155,240,360,84,9,8,28,20,32,96,23,8,4322,28,3,32,36,80,8,192,96,21,254,603,1752,2358,1525357715588558,1525357715672712,84154
fac,160064,37,616,496,150,216,392,92,9,8,28,18,32,88,23,8,2302,28,16,32,36,64,8,192,72,21,254,598,1752,2423,1525357823702894,1525357823815635,112741
bub,64,37,632,496,162,264,360,84,9,8,28,22,32,104,23,8,6280,28,5,32,36,96,8,192,120,21,254,623,1776,2431,1525357711125459,1525357711318801,193342
mat,430464,37,632,496,162,264,368,84,9,8,28,22,32,104,23,8,164,28,12,32,36,96,8,192,120,21,254,632,1824,2743,1525357984004427,1525357984057909,53482
bub,74784,37,624,496,155,240,360,84,9,8,28,20,32,96,23,8,9337,28,3,32,36,80,8,192,96,21,254,603,1752,2358,1525357725727300,1525357726109813,382513
fac,160064,37,616,496,150,216,392,92,9,8,28,18,32,88,23,8,3107,28,6,32,36,64,8,192,72,21,254,598,1752,2423,1525357878524668,1525357878735383,210715
fac,160064,37,616,496,150,216,392,92,9,8,28,18,32,88,23,8,2678,28,11,32,36,64,8,192,72,21,254,598,1752,2423,1525357848351725,1525357848506292,154567
bub,64,37,632,496,162,264,360,84,9,8,28,22,32,104,23,8,4137,28,15,32,36,96,8,192,120,21,254,623,1776,2431,1525357732537823,1525357732621209,83386
hs,64,37,632,496,162,264,392,92,9,8,28,22,32,104,23,8,57561,28,12,32,36,96,8,192,120,20,254,629,1800,2758,1525357913803339,1525357913831618,28279
bub,64,37,632,496,162,264,360,84,9,8,28,22,32,104,23,8,6807,28,2,32,36,96,8,192,120,21,254,623,1776,2431,1525357787031904,1525357787259752,227848
bub,55312,37,624,496,155,240,360,84,9,8,28,20,32,96,23,8,6905,28,3,32,36,80,8,192,96,21,254,603,1752,2358,1525357760704176,1525357760913858,209682
hs,506704,37,624,496,155,240,392,92,9,8,28,20,32,96,23,8,63328,28,15,32,36,80,8,192,96,20,254,609,1776,2669,1525357917308292,1525357917340344,32052
mat,1476192,37,624,496,155,240,360,84,9,8,28,20,32,96,23,8,248,28,4,32,36,80,8,192,96,21,254,612,1800,2582,1525357969718887,1525357969879226,160339
bub,15024,37,624,496,155,240,360,84,9,8,28,20,32,96,23,8,1868,28,4,32,36,80,8,192,96,21,254,603,1752,2358,1525357784640059,1525357784661048,20989
bub,47584,37,624,496,155,240,360,84,9,8,28,20,32,96,23,8,5939,28,6,32,36,80,8,192,96,21,254,603,1752,2358,1525357752899546,1525357753054287,154741
hs,64,37,632,496,162,264,392,92,9,8,28,22,32,104,23,8,53938,28,18,32,36,96,8,192,120,20,254,629,1800,2758,1525357915076320,1525357915102637,26317
bub,77248,37,624,496,155,240,360,84,9,8,28,20,32,96,23,8,9647,28,19,32,36,80,8,192,96,21,254,603,1752,2358,1525357741163267,1525357741570951,407684
mat,1106824,37,632,496,162,264,368,84,9,8,28,22,32,104,23,8,263,28,1,32,36,96,8,192,120,21,254,632,1824,2695,1525357988342708,1525357988526027,183319
mat,249792,37,624,496,155,240,360,84,9,8,28,20,32,96,23,8,102,28,10,32,36,80,8,192,96,21,254,612,1800,2502,1525357960004860,1525357960020814,15954
hs,750736,37,624,496,155,240,392,92,9,8,28,20,32,96,23,8,93832,28,11,32,36,80,8,192,96,20,254,609,1776,2669,1525357906255823,1525357906300888,45065
fac,160080,37,616,496,150,216,392,92,9,8,28,18,32,88,23,8,2090,28,17,32,36,64,8,192,72,21,254,598,1752,2423,1525357819603921,1525357819695711,91790
fac,160080,37,616,496,150,216,392,92,9,8,28,18,32,88,23,8,565,28,7,32,36,64,8,192,72,21,254,598,1752,2423,1525357892783861,1525357892792446,8585
mat,1008712,37,624,496,155,240,360,84,9,8,28,20,32,96,23,8,205,28,10,32,36,80,8,192,96,21,254,612,1800,2678,1525357973261669,1525357973415433,153764
fac,160080,37,616,496,150,216,392,92,9,8,28,18,32,88,23,8,3827,28,6,32,36,64,8,192,72,21,254,598,1752,2423,1525357836124900,1525357836452193,327293
fac,160064,37,616,496,150,216,392,92,9,8,28,18,32,88,23,8,2700,28,17,32,36,64,8,192,72,21,254,598,1752,2423,1525357822880335,1525357823037443,157108
fac,160064,37,616,496,150,216,392,92,9,8,28,18,32,88,23,8,2184,28,8,32,36,64,8,192,72,21,254,598,1752,2423,1525357889023237,1525357889125702,102465
hs,765760,37,624,496,155,240,392,92,9,8,28,20,32,96,23,8,95711,28,4,32,36,80,8,192,96,20,254,609,1776,2669,1525357913241376,1525357913286770,45394
mat,204424,37,632,496,162,264,368,84,9,8,28,22,32,104,23,8,113,28,9,32,36,96,8,192,120,21,254,632,1824,2663,1525357939705704,1525357939725197,19493
fac,160064,37,616,496,150,216,392,92,9,8,28,18,32,88,23,8,4087,28,9,32,36,64,8,192,72,21,254,598,1752,2423,1525357826382619,1525357826756852,374233
hs,462448,37,624,496,155,240,392,92,9,8,28,20,32,96,23,8,57795,28,6,32,36,80,8,192,96,20,254,609,1776,2669,1525357910711976,1525357910738748,26772
hs,228912,37,624,496,155,240,392,92,9,8,28,20,32,96,23,8,28606,28,17,32,36,80,8,192,96,20,254,609,1776,2669,1525357925171230,1525357925187555,16325
fac,160080,37,616,496,150,216,392,92,9,8,28,18,32,88,23,8,1885,28,13,32,36,64,8,192,72,21,254,598,1752,2423,1525357898974271,1525357899048874,74603
hs,797632,37,624,496,155,240,392,92,9,8,28,20,32,96,23,8,99694,28,12,32,36,80,8,192,96,20,254,609,1776,2669,1525357924464805,1525357924512302,47497
bub,64,37,632,496,162,264,360,84,9,8,28,22,32,104,23,8,9110,28,17,32,36,96,8,192,120,21,254,623,1776,2431,1525357718191085,1525357718598507,407422
bub,25408,37,624,496,155,240,360,84,9,8,28,20,32,96,23,8,3165,28,16,32,36,80,8,192,96,21,254,603,1752,2358,1525357704445555,1525357704492762,47207
bub,64,37,632,496,162,264,360,84,9,8,28,22,32,104,23,8,3919,28,2,32,36,96,8,192,120,21,254,623,1776,2431,1525357709864896,1525357709941454,76558
fac,64,37,624,496,157,240,392,92,9,8,28,20,32,96,23,8,1999,28,1,32,36,80,8,192,96,21,254,618,1776,2528,1525357830745497,1525357830829915,84418
hs,518672,37,624,496,155,240,392,92,9,8,28,20,32,96,23,8,64824,28,19,32,36,80,8,192,96,20,254,609,1776,2669,1525357911305403,1525357911337103,31700
fac,160080,37,616,496,150,216,392,92,9,8,28,18,32,88,23,8,2673,28,15,32,36,64,8,192,72,21,254,598,1752,2423,1525357798130412,1525357798285624,155212
fac,160064,37,616,496,150,216,392,92,9,8,28,18,32,88,23,8,2678,28,11,32,36,64,8,192,72,21,254,598,1752,2423,1525357848351725,1525357848506292,154567
fac,64,37,624,496,157,240,392,92,9,8,28,20,32,96,23,8,4969,28,14,32,36,80,8,192,96,21,254,618,1776,2528,1525357861101196,1525357861670114,568918
bub,46416,37,624,496,155,240,360,84,9,8,28,20,32,96,23,8,5793,28,3,32,36,80,8,192,96,21,254,603,1752,2358,1525357794893432,1525357795041629,148197
bub,56960,37,624,496,155,240,360,84,9,8,28,20,32,96,23,8,7109,28,16,32,36,80,8,192,96,21,254,603,1752,2358,1525357770733330,1525357770956052,222722
mat,477256,37,624,496,155,240,360,84,9,8,28,20,32,96,23,8,141,28,17,32,36,80,8,192,96,21,254,612,1800,2534,1525357958717496,1525357958750928,33432
fac,160064,37,616,496,150,216,392,92,9,8,28,18,32,88,23,8,2332,28,13,32,36,64,8,192,72,21,254,598,1752,2423,1525357874790357,1525357874906328,115971
hs,64,37,632,496,162,264,392,92,9,8,28,22,32,104,23,8,56302,28,7,32,36,96,8,192,120,20,254,629,1800,2758,1525357912138835,1525357912166016,27181
bub,75616,37,624,496,155,240,360,84,9,8,28,20,32,96,23,8,9442,28,5,32,36,80,8,192,96,21,254,603,1752,2358,1525357705550768,1525357705940597,389829
mat,1476192,37,624,496,155,240,360,84,9,8,28,20,32,96,23,8,248,28,4,32,36,80,8,192,96,21,254,612,1800,2582,1525357969718887,1525357969879226,160339
bub,64,37,632,496,162,264,360,84,9,8,28,22,32,104,23,8,7712,28,4,32,36,96,8,192,120,21,254,623,1776,2431,1525357730100143,1525357730392119,291976
hs,72080,37,624,496,155,240,392,92,9,8,28,20,32,96,23,8,9002,28,4,32,36,80,8,192,96,20,254,609,1776,2669,1525357910505109,1525357910509544,4435
hs,64,37,632,496,162,264,392,92,9,8,28,22,32,104,23,8,86448,28,14,32,36,96,8,192,120,20,254,629,1800,2758,1525357910810534,1525357910851583,41049
hs,64,37,632,496,162,264,392,92,9,8,28,22,32,104,23,8,50561,28,10,32,36,96,8,192,120,20,254,629,1800,2758,1525357915848983,1525357915874525,25542
fac,160064,37,616,496,150,216,392,92,9,8,28,18,32,88,23,8,4141,28,7,32,36,64,8,192,72,21,254,598,1752,2423,1525357871911816,1525357872299875,388059
mat,504712,37,624,496,155,240,360,84,9,8,28,20,32,96,23,8,145,28,8,32,36,80,8,192,96,21,254,612,1800,2598,1525357955058880,1525357955096986,38106
hs,306208,37,624,496,155,240,392,92,9,8,28,20,32,96,23,8,38266,28,4,32,36,80,8,192,96,20,254,609,1776,2669,1525357910433004,1525357910453661,20657
mat,726024,37,632,496,162,264,368,84,9,8,28,22,32,104,23,8,213,28,16,32,36,96,8,192,120,21,254,632,1824,2695,1525357928755126,1525357928851828,96702
fac,64,37,624,496,157,240,392,92,9,8,28,20,32,96,23,8,1386,28,9,32,36,80,8,192,96,21,254,618,1776,2528,1525357883840905,1525357883883010,42105
bub,64,37,632,496,162,264,360,84,9,8,28,22,32,104,23,8,1946,28,9,32,36,96,8,192,120,21,254,623,1776,2431,1525357789558040,1525357789581766,23726
fac,160064,37,616,496,150,216,392,92,9,8,28,18,32,88,23,8,3075,28,2,32,36,64,8,192,72,21,254,598,1752,2423,1525357830215118,1525357830422458,207340
mat,1130248,37,624,496,155,240,360,84,9,8,28,20,32,96,23,8,217,28,1,32,36,80,8,192,96,21,254,612,1800,2678,1525357992079098,1525357992218091,138993
bub,65648,37,624,496,155,240,360,84,9,8,28,20,32,96,23,8,8198,28,13,32,36,80,8,192,96,21,254,603,1752,2358,1525357756669500,1525357756964826,295326
hs,109856,37,624,496,155,240,392,92,9,8,28,20,32,96,23,8,13724,28,14,32,36,80,8,192,96,20,254,609,1776,2669,1525357918324567,1525357918331690,7123
fac,160080,37,616,496,150,216,392,92,9,8,28,18,32,88,23,8,613,28,18,32,36,64,8,192,72,21,254,598,1752,2423,1525357875745527,1525357875755655,10128
hs,64,37,632,496,162,264,392,92,9,8,28,22,32,104,23,8,57903,28,2,32,36,96,8,192,120,20,254,629,1800,2758,1525357909497304,1525357909526521,29217
fac,160080,37,616,496,150,216,392,92,9,8,28,18,32,88,23,8,1381,28,10,32,36,64,8,192,72,21,254,598,1752,2423,1525357865329873,1525357865370629,40756
hs,64,37,632,496,162,264,392,92,9,8,28,22,32,104,23,8,57561,28,12,32,36,96,8,192,120,20,254,629,1800,2758,1525357913803339,1525357913831618,28279
hs,792448,37,624,496,155,240,392,92,9,8,28,20,32,96,23,8,99047,28,11,32,36,80,8,192,96,20,254,609,1776,2669,1525357915012152,1525357915060141,47989
fac,160064,37,616,496,150,216,392,92,9,8,28,18,32,88,23,8,4719,28,11,32,36,64,8,192,72,21,254,598,1752,2423,1525357825757869,1525357826267244,509375
fac,160064,37,616,496,150,216,392,92,9,8,28,18,32,88,23,8,862,28,8,32,36,64,8,192,72,21,254,598,1752,2423,1525357841380773,1525357841399198,18425
bub,49728,37,624,496,155,240,360,84,9,8,28,20,32,96,23,8,6205,28,6,32,36,80,8,192,96,21,254,603,1752,2358,1525357746234469,1525357746401740,167271
mat,692352,37,632,496,162,264,368,84,9,8,28,22,32,104,23,8,208,28,16,32,36,96,8,192,120,21,254,632,1824,2743,1525357940510957,1525357940613369,102412
mat,360128,37,632,496,162,264,368,84,9,8,28,22,32,104,23,8,150,28,15,32,36,96,8,192,120,21,254,632,1824,2695,1525357931636805,1525357931674835,38030
hs,64,37,632,496,162,264,392,92,9,8,28,22,32,104,23,8,84497,28,8,32,36,96,8,192,120,20,254,629,1800,2758,1525357912875198,1525357912914158,38960
fac,160080,37,616,496,150,216,392,92,9,8,28,18,32,88,23,8,1720,28,17,32,36,64,8,192,72,21,254,598,1752,2423,1525357824562094,1525357824624425,62331
hs,64,37,632,496,162,264,392,92,9,8,28,22,32,104,23,8,90096,28,4,32,36,96,8,192,120,20,254,629,1800,2758,1525357916722454,1525357916766119,43665
mat,606856,37,624,496,155,240,360,84,9,8,28,20,32,96,23,8,159,28,16,32,36,80,8,192,96,21,254,612,1800,2598,1525357972882878,1525357972933282,50404
hs,64,37,632,496,162,264,392,92,9,8,28,22,32,104,23,8,35159,28,19,32,36,96,8,192,120,20,254,629,1800,2758,1525357911125174,1525357911143130,17956
mat,2336352,37,624,496,155,240,360,84,9,8,28,20,32,96,23,8,312,28,10,32,36,80,8,192,96,21,254,612,1800,2534,1525357983038820,1525357983348659,309839
hs,64,37,632,496,162,264,392,92,9,8,28,22,32,104,23,8,28608,28,6,32,36,96,8,192,120,20,254,629,1800,2758,1525357905459406,1525357905475259,15853
hs,381408,37,624,496,155,240,392,92,9,8,28,20,32,96,23,8,47665,28,11,32,36,80,8,192,96,20,254,609,1776,2669,1525357906974457,1525357906998341,23884
mat,1922248,37,624,496,155,240,360,84,9,8,28,20,32,96,23,8,283,28,3,32,36,80,8,192,96,21,254,612,1800,2534,1525357965278109,1525357965513085,234976
bub,64,37,632,496,162,264,360,84,9,8,28,22,32,104,23,8,4341,28,6,32,36,96,8,192,120,21,254,623,1776,2431,1525357703263043,1525357703358989,95946
bub,64,37,632,496,162,264,360,84,9,8,28,22,32,104,23,8,2942,28,14,32,36,96,8,192,120,21,254,623,1776,2431,1525357711541766,1525357711588051,46285
bub,77408,37,624,496,155,240,360,84,9,8,28,20,32,96,23,8,9667,28,10,32,36,80,8,192,96,21,254,603,1752,2358,1525357720623504,1525357721033717,410213
bub,64,37,632,496,162,264,360,84,9,8,28,22,32,104,23,8,1946,28,9,32,36,96,8,192,120,21,254,623,1776,2431,1525357789558040,1525357789581766,23726
mat,1841608,37,624,496,155,240,360,84,9,8,28,20,32,96,23,8,277,28,19,32,36,80,8,192,96,21,254,612,1800,2534,1525358004521825,1525358004790751,268926
hs,696560,37,624,496,155,240,392,92,9,8,28,20,32,96,23,8,87061,28,13,32,36,80,8,192,96,20,254,609,1776,2669,1525357920046771,1525357920089340,42569
fac,160064,37,616,496,150,216,392,92,9,8,28,18,32,88,23,8,1356,28,6,32,36,64,8,192,72,21,254,598,1752,2423,1525357881389652,1525357881429600,39948
fac,160064,37,616,496,150,216,392,92,9,8,28,18,32,88,23,8,3412,28,16,32,36,64,8,192,72,21,254,598,1752,2423,1525357858665579,1525357858922077,256498
hs,64,37,632,496,162,264,392,92,9,8,28,22,32,104,23,8,53938,28,18,32,36,96,8,192,120,20,254,629,1800,2758,1525357915076320,1525357915102637,26317
bub,64,37,632,496,162,264,360,84,9,8,28,22,32,104,23,8,9525,28,19,32,36,96,8,192,120,21,254,623,1776,2431,1525357719699873,1525357720144708,444835
fac,64,37,624,496,157,240,392,92,9,8,28,20,32,96,23,8,3168,28,6,32,36,80,8,192,96,21,254,618,1776,2528,1525357815747013,1525357815965820,218807
hs,284160,37,624,496,155,240,392,92,9,8,28,20,32,96,23,8,35509,28,2,32,36,80,8,192,96,20,254,609,1776,2669,1525357909731674,1525357909749989,18315
mat,1597824,37,632,496,162,264,368,84,9,8,28,22,32,104,23,8,316,28,10,32,36,96,8,192,120,21,254,632,1824,2695,1525357999649042,1525357999998224,349182
fac,64,37,624,496,157,240,392,92,9,8,28,20,32,96,23,8,3910,28,14,32,36,80,8,192,96,21,254,618,1776,2528,1525357843918203,1525357844260310,342107
mat,1801920,37,624,496,155,240,360,84,9,8,28,20,32,96,23,8,274,28,13,32,36,80,8,192,96,21,254,612,1800,2534,1525357985533425,1525357985790914,257489
fac,160080,37,616,496,150,216,392,92,9,8,28,18,32,88,23,8,692,28,10,32,36,64,8,192,72,21,254,598,1752,2423,1525357858328439,1525357858339958,11519
bub,64,37,632,496,162,264,360,84,9,8,28,22,32,104,23,8,4394,28,17,32,36,96,8,192,120,21,254,623,1776,2431,1525357794652929,1525357794750127,97198
hs,64,37,632,496,162,264,392,92,9,8,28,22,32,104,23,8,68642,28,13,32,36,96,8,192,120,20,254,629,1800,2758,1525357908907066,1525357908939707,32641
mat,518528,37,632,496,162,264,368,84,9,8,28,22,32,104,23,8,180,28,3,32,36,96,8,192,120,21,254,632,1824,2695,1525357942193639,1525357942253935,60296
hs,345680,37,624,496,155,240,392,92,9,8,28,20,32,96,23,8,43201,28,16,32,36,80,8,192,96,20,254,609,1776,2669,1525357905490042,1525357905512370,22328
fac,160080,37,616,496,150,216,392,92,9,8,28,18,32,88,23,8,767,28,5,32,36,64,8,192,72,21,254,598,1752,2423,1525357804334935,1525357804351379,16444
bub,74736,37,624,496,155,240,360,84,9,8,28,20,32,96,23,8,9331,28,12,32,36,80,8,192,96,21,254,603,1752,2358,1525357746831755,1525357747213829,382074
hs,573104,37,624,496,155,240,392,92,9,8,28,20,32,96,23,8,71629,28,15,32,36,80,8,192,96,20,254,609,1776,2669,1525357913358126,1525357913393407,35281
fac,160064,37,616,496,150,216,392,92,9,8,28,18,32,88,23,8,2582,28,5,32,36,64,8,192,72,21,254,598,1752,2423,1525357859190408,1525357859334612,144204
mat,821512,37,624,496,155,240,360,84,9,8,28,20,32,96,23,8,185,28,8,32,36,80,8,192,96,21,254,612,1800,2678,1525357994975068,1525357995063097,88029
